Điện Máy Xanh - Điện máy Xanh Xã Bình Mỹ,"Điện máy Xanh Xã Bình Mỹ, Tỉnh An Giang, Việt Nam",POINT (105.26676940917969 10.556143760681152),15906
Điện Máy Xanh - Điện máy Xanh Xã Kim Long,"Điện máy Xanh Xã Kim Long, Thành phố Hồ Chí Minh, Việt Nam",POINT (107.23983764648438 10.721054077148438),8954
Điện Máy Xanh - Điện máy Xanh Ấp Tân Khánh,"Điện máy Xanh Ấp Tân Khánh, Xã Khánh Bình, Tỉnh An Giang, Việt Nam",POINT (105.08195495605469 10.95190715789795),5322
Điện Máy Xanh - Điện máy Xanh Số 1572 Quốc lộ 91C Ấp Đồng Ky,"Điện máy Xanh Số 1572 Quốc lộ 91C Ấp Đồng Ky, Xã Nhơn Hội, Tỉnh An Giang, Việt Nam",POINT (105.08255004882812 10.916360855102539),2742
Điện Máy Xanh - Điện máy Xanh Thửa đất số 227 và 228,"Điện máy Xanh Thửa đất số 227 và 228, tờ bản đồ số 2, Xã Khánh Bình, Tỉnh An Giang, Việt Nam",POINT (105.11214447021484 10.959577560424805),10730
Điện Máy Xanh - Điện máy Xanh ấp Tắc Trúc,"Điện máy Xanh ấp Tắc Trúc, Xã Nhơn Hội, Tỉnh An Giang, Việt Nam",POINT (105.04104614257812 10.892644882202148),12278
Điện Máy Xanh - Điện máy Xanh Ấp Thị,"Điện máy Xanh Ấp Thị, Xã Cù Lao Giêng, Tỉnh An Giang, Việt Nam",POINT (105.556396484375 10.493230819702148),9267
Điện Máy Xanh - Điện máy Xanh Số 17A Nguyễn Văn Thoại,"Điện máy Xanh Số 17A Nguyễn Văn Thoại, Phường Châu Đốc, Tỉnh An Giang, Việt Nam",POINT (105.11770629882812 10.709132194519043),899
Điện Máy Xanh - Điện máy Xanh Quốc lộ 91,"Điện máy Xanh Quốc lộ 91, Tân Lộ Kiều Lương, Phường Vĩnh Tế, Tỉnh An Giang, Việt Nam",POINT (105.0840072631836 10.683416366577148),2056
Điện Máy Xanh - Điện máy Xanh Xã An Cư,"Điện máy Xanh Xã An Cư, Tỉnh An Giang, Việt Nam",POINT (105.0110855102539 10.577402114868164),10518
Điện Máy Xanh - Điện máy Xanh Ấp Mỹ Thiện,"Điện máy Xanh Ấp Mỹ Thiện, Xã Mỹ Đức, Tỉnh An Giang, Việt Nam",POINT (105.19038391113281 10.660988807678223),7962
Thế Giới Di Động - Thế giới di động Tổ 1,"Thế giới di động Tổ 1, Khóm Châu Long 1, Phường Châu Đốc, Tỉnh An Giang, Việt Nam",POINT (105.1324691772461 10.703032493591309),680
Thế Giới Di Động - Thế giới di động 104 Thủ Khoa Nghĩa (ngay ngã tư cầu Cồn Tiên - cầu Vĩnh Ngươn),"Thế giới di động 104 Thủ Khoa Nghĩa (ngay ngã tư cầu Cồn Tiên - cầu Vĩnh Ngươn), Phường Châu Đốc, Tỉnh An Giang, Việt Nam",POINT (105.113037109375 10.714167594909668),2162
Điện Máy Xanh - Điện máy Xanh Số 321 Tổ 16 Quốc lộ 91,"Điện máy Xanh Số 321 Tổ 16 Quốc lộ 91, Thị Trấn Cái Dầu, Huyện Châu Phú, Tỉnh An Giang, Việt Nam",POINT (105.23735046386719 10.574761390686035),2758
Điện Máy Xanh - Điện máy Xanh Ấp Bình Hòa,"Điện máy Xanh Ấp Bình Hòa, Xã Bình Mỹ, Tỉnh An Giang, Việt Nam",POINT (105.32157897949219 10.516284942626953),12499
Điện Máy Xanh - Điện máy Xanh Xã Thạnh Mỹ Tây,"Điện máy Xanh Xã Thạnh Mỹ Tây, Huyện Châu Phú, Tỉnh An Giang, Việt Nam",POINT (105.14470672607422 10.54157543182373),9036
Điện Máy Xanh - Điện máy Xanh Xã Vĩnh Thạnh Trung,"Điện máy Xanh Xã Vĩnh Thạnh Trung, Tỉnh An Giang, Việt Nam",POINT (105.21192932128906 10.613884925842285),10385
Thế Giới Di Động - Thế giới di động Quốc Lộ 91,"Thế giới di động Quốc Lộ 91, ấp Bình Hòa, Xã Châu Phú, Tỉnh An Giang, Việt Nam",POINT (105.24334716796875 10.568968772888184),425
Điện Máy Xanh - Điện máy Xanh QL 91 ấp Hòa Long 4,"Điện máy Xanh QL 91 ấp Hòa Long 4, Xã An Châu, Tỉnh An Giang, Việt Nam",POINT (105.38532257080078 10.444217681884766),2009
Điện Máy Xanh - Điện máy Xanh Xã Bình Hòa,"Điện máy Xanh Xã Bình Hòa, Tỉnh An Giang, Việt Nam",POINT (105.34394073486328 10.461181640625),5277
Điện Máy Xanh - Điện máy Xanh Tỉnh lộ 941,"Điện máy Xanh Tỉnh lộ 941, Ấp Cần Thạnh, Xã Cần Đăng, Tỉnh An Giang, Việt Nam",POINT (105.29592895507812 10.456707000732422),2395
Điện Máy Xanh - Điện máy Xanh 175 tỉnh lộ 941,"Điện máy Xanh 175 tỉnh lộ 941, Ấp Vĩnh Lộc, Xã Vĩnh An, Tỉnh An Giang, Việt Nam",POINT (105.17240905761719 10.442686080932617),2661
Thế Giới Di Động - Thế giới di động Số 391,"Thế giới di động Số 391, Quốc Lộ 91, Ấp Hòa Long 1, Xã An Châu, Tỉnh An Giang, Việt Nam",POINT (105.38712310791016 10.44317626953125),1055
Thế Giới Di Động - Thế giới di động Tổ 39,"Thế giới di động Tổ 39, A. Bình Phú 1, Xã Châu Thành, Tỉnh An Giang, Việt Nam",POINT (105.3424301147461 10.463074684143066),2039
Điện Máy Xanh - Điện máy Xanh Số 02 Tỉnh lộ 942,"Điện máy Xanh Số 02 Tỉnh lộ 942, Ấp Long Hòa, Thị Trấn Chợ Mới, Huyện Chợ Mới, Tỉnh An Giang, Việt Nam",POINT (105.40400695800781 10.550674438476562),649
Điện Máy Xanh - Điện máy Xanh DT942,"Điện máy Xanh DT942, Xã Hội An, Tỉnh An Giang, Việt Nam",POINT (105.55011749267578 10.432832717895508),1109
Điện Máy Xanh - Điện máy Xanh Tỉnh lộ 942,"Điện máy Xanh Tỉnh lộ 942, Xã Long Điền, Tỉnh An Giang, Việt Nam",POINT (105.4922103881836 10.505828857421875),2294
Điện Máy Xanh - Điện máy Xanh Xã Hội An,"Điện máy Xanh Xã Hội An, Tỉnh An Giang, Việt Nam",POINT (105.45694732666016 10.39138412475586),8829
Điện Máy Xanh - Điện máy Xanh Ấp Long Tân,"Điện máy Xanh Ấp Long Tân, Xã Long Điền, Tỉnh An Giang, Việt Nam",POINT (105.4593734741211 10.485113143920898),13917
Điện Máy Xanh - Điện máy Xanh Ấp Mỹ Hội,"Điện máy Xanh Ấp Mỹ Hội, Xã Nhơn Mỹ, Tỉnh An Giang, Việt Nam",POINT (105.33076477050781 10.541247367858887),7769
Điện Máy Xanh - Điện máy Xanh Ấp Kiến Hưng 1,"Điện máy Xanh Ấp Kiến Hưng 1, Xã Chợ Mới, Tỉnh An Giang, Việt Nam",POINT (105.43192291259766 10.507746696472168),8743
Thế Giới Di Động - Thế giới di động Số 191-193,"Thế giới di động Số 191-193, Tỉnh Lộ 942, Ấp Thị 2, Xã Long Điền, Tỉnh An Giang, Việt Nam",POINT (105.48979187011719 10.508173942565918),1132
Thế Giới Di Động - Thế giới di động Nguyễn Hữu Cảnh,"Thế giới di động Nguyễn Hữu Cảnh, ấp Long Hòa (ngay ngã tư đèn xanh đèn đỏ), Xã Chợ Mới, Tỉnh An Giang, Việt Nam",POINT (105.40351867675781 10.54754638671875),2310
Điện Máy Xanh - Điện máy Xanh 129 Trần Hưng Đạo,"Điện máy Xanh 129 Trần Hưng Đạo, Phường Long Xuyên, Tỉnh An Giang, Việt Nam",POINT (105.4422378540039 10.374751091003418),908
Điện Máy Xanh - Điện máy Xanh Đường Trần Hưng Đạo,"Điện máy Xanh Đường Trần Hưng Đạo, Phường Mỹ Thới, Tỉnh An Giang, Việt Nam",POINT (105.46266174316406 10.349666595458984),1760
Điện Máy Xanh - Điện máy Xanh 327 Bạch Đằng,"Điện máy Xanh 327 Bạch Đằng, Ấp An Thịnh, Xã An Phú, Tỉnh An Giang, Việt Nam",POINT (105.09310913085938 10.814332962036133),2232
Điện Máy Xanh - Điện máy Xanh Ấp Mỹ Hòa,"Điện máy Xanh Ấp Mỹ Hòa, Xã Nhơn Mỹ, Tỉnh An Giang, Việt Nam",POINT (105.3794174194336 10.466517448425293),8012
Điện Máy Xanh - Điện máy Xanh Ấp Tây Bình,"Điện máy Xanh Ấp Tây Bình, Xã Vĩnh Trạch, Tỉnh An Giang, Việt Nam",POINT (105.31620025634766 10.351386070251465),7726
Điện Máy Xanh - Điện máy Xanh Xã Nhơn Mỹ,"Điện máy Xanh Xã Nhơn Mỹ, Tỉnh An Giang, Việt Nam",POINT (105.44818115234375 10.4586820602417),9261
Thế Giới Di Động - Thế giới di động 170A Trần Hưng Đạo,"Thế giới di động 170A Trần Hưng Đạo, Phường Long Xuyên, Tỉnh An Giang, Việt Nam",POINT (105.44039154052734 10.377074241638184),165
Thế Giới Di Động - Thế giới di động 589 Trần Hưng Đạo (đối diện bến xe Bình Khánh cũ),"Thế giới di động 589 Trần Hưng Đạo (đối diện bến xe Bình Khánh cũ), Phường Bình Đức, Tỉnh An Giang, Việt Nam",POINT (105.42545318603516 10.39461898803711),2447
Thế Giới Di Động - Thế giới di động Số 820 Hà Hoàng Hổ,"Thế giới di động Số 820 Hà Hoàng Hổ, Phường Long Xuyên, Tỉnh An Giang, Việt Nam",POINT (105.4316635131836 10.378005981445312),1056
Thế Giới Di Động - Thế giới di động Xã Phú Hòa,"Thế giới di động Xã Phú Hòa, Tỉnh An Giang, Việt Nam",POINT (105.37462615966797 10.358370780944824),10810
Điện Máy Xanh - Điện máy Xanh 15 Tôn Đức Thắng,"Điện máy Xanh 15 Tôn Đức Thắng, ấp Mỹ Lương, Xã Phú Tân, Tỉnh An Giang, Việt Nam",POINT (105.35315704345703 10.59689712524414),1779
Điện Máy Xanh - Điện máy Xanh ĐT 954,"Điện máy Xanh ĐT 954, Ấp Phú Xương, Xã Chợ Vàm, Tỉnh An Giang, Việt Nam",POINT (105.34455108642578 10.713942527770996),2312
Điện Máy Xanh - Điện máy Xanh Xã Phú Tân,"Điện máy Xanh Xã Phú Tân, Tỉnh An Giang, Việt Nam",POINT (105.30994415283203 10.592056274414062),8029
Điện Máy Xanh - Điện máy Xanh Ấp Phú Mỹ Thượng,"Điện máy Xanh Ấp Phú Mỹ Thượng, Xã Phú An, Tỉnh An Giang, Việt Nam",POINT (105.33486938476562 10.647721290588379),12346
Thế Giới Di Động - Thế giới di động 181 Phú Mỹ,"Thế giới di động 181 Phú Mỹ, Xã Phú Tân, Tỉnh An Giang, Việt Nam",POINT (105.35717010498047 10.57744312286377),12929
Điện Máy Xanh - Điện máy Xanh 261-265 Trần Phú,"Điện máy Xanh 261-265 Trần Phú, Khóm Long Thạnh D, Phường Tân Châu, Tỉnh An Giang, Việt Nam",POINT (105.2376937866211 10.795982360839844),1417
Điện Máy Xanh - Điện máy Xanh Xã Hòa Lạc,"Điện máy Xanh Xã Hòa Lạc, Tỉnh An Giang, Việt Nam",POINT (105.21661376953125 10.66626262664795),7698
Điện Máy Xanh - Điện máy Xanh Ấp Long Hiệp,"Điện máy Xanh Ấp Long Hiệp, Xã Tân An, Tỉnh An Giang, Việt Nam",POINT (105.20650482177734 10.802675247192383),8156
Điện Máy Xanh - Điện máy Xanh Xã Phú Hữu,"Điện máy Xanh Xã Phú Hữu, Tỉnh An Giang, Việt Nam",POINT (105.09691619873047 10.872111320495605),15909
Điện Máy Xanh - Điện máy Xanh Xã Tân An,"Điện máy Xanh Xã Tân An, Tỉnh An Giang, Việt Nam",POINT (105.18424987792969 10.84066104888916),9227
Thế Giới Di Động - Thế giới di động Số 1 đường Trần Hưng Đạo,"Thế giới di động Số 1 đường Trần Hưng Đạo, khóm Long Thạnh A, Phường Tân Châu, Tỉnh An Giang, Việt Nam",POINT (105.25238037109375 10.798349380493164),2159
Thế Giới Di Động - Thế giới di động 7 Nguyễn Văn Linh,"Thế giới di động 7 Nguyễn Văn Linh, Phường Tân Châu, Tỉnh An Giang, Việt Nam",POINT (105.24810791015625 10.797697067260742),673
Điện Máy Xanh - Điện máy Xanh Xã Phú Tân,"Điện máy Xanh Xã Phú Tân, Tỉnh An Giang, Việt Nam",POINT (105.31282043457031 10.56006145477295),8992
Điện Máy Xanh - Điện máy Xanh Số 77/4 Trần Phú,"Điện máy Xanh Số 77/4 Trần Phú, Xã Phú Hòa, Tỉnh An Giang, Việt Nam",POINT (105.37631225585938 10.359586715698242),1330
Điện Máy Xanh - Điện máy Xanh Đường Nguyễn Huệ,"Điện máy Xanh Đường Nguyễn Huệ, Ấp Bắc Sơn, Xã Thoại Sơn, Tỉnh An Giang, Việt Nam",POINT (105.26687622070312 10.26736068725586),1761
Điện Máy Xanh - Điện máy Xanh 483 Nguyễn Thị Hạnh,"Điện máy Xanh 483 Nguyễn Thị Hạnh, ấp Tân Hiệp A, Xã Óc Eo, Tỉnh An Giang, Việt Nam",POINT (105.15558624267578 10.254521369934082),1967
Điện Máy Xanh - Điện máy Xanh Ấp Sơn Tân,"Điện máy Xanh Ấp Sơn Tân, Xã Óc Eo, Tỉnh An Giang, Việt Nam",POINT (105.20116424560547 10.262832641601562),7697
Thế Giới Di Động - Thế giới di động Xã Thoại Sơn,"Thế giới di động Xã Thoại Sơn, Tỉnh An Giang, Việt Nam",POINT (105.26752471923828 10.269227027893066),9033
Điện Máy Xanh - Điện máy Xanh Số 20B (Chi Lăng),"Điện máy Xanh Số 20B (Chi Lăng), Số 20B, Khu đất A, Lô đất số E1, Phường Chi Lăng, Tỉnh An Giang, Việt Nam",POINT (105.02574920654297 10.533611297607422),15907
Điện Máy Xanh - Điện máy Xanh Số 474-476 Hữu Nghị,"Điện máy Xanh Số 474-476 Hữu Nghị, khóm Xuân Hoà, Phường Tịnh Biên, Tỉnh An Giang, Việt Nam",POINT (104.94673156738281 10.603536605834961),1371
Điện Máy Xanh - Điện máy Xanh Số 305-307/19 khóm Thới Hòa,"Điện máy Xanh Số 305-307/19 khóm Thới Hòa, Phường Thới Sơn, Tỉnh An Giang, Việt Nam",POINT (105.00274658203125 10.62125015258789),1780
Điện Máy Xanh - Điện máy Xanh Xã Núi Cấm,"Điện máy Xanh Xã Núi Cấm, Tỉnh An Giang, Việt Nam",POINT (105.02367401123047 10.482008934020996),10962
Điện Máy Xanh - Điện máy Xanh Số 249 Tổ 11 Đường Ngô Tự Lợi,"Điện máy Xanh Số 249 Tổ 11 Đường Ngô Tự Lợi, Khóm An Hòa A, Xã Ba Chúc, Tỉnh An Giang, Việt Nam",POINT (104.90946960449219 10.493048667907715),1545
Điện Máy Xanh - Điện máy Xanh Xã Tri Tôn,"Điện máy Xanh Xã Tri Tôn, Tỉnh An Giang, Việt Nam",POINT (105.0014877319336 10.428994178771973),1678
Điện Máy Xanh - Điện máy Xanh Xã Cô Tô,"Điện máy Xanh Xã Cô Tô, Tỉnh An Giang, Việt Nam",POINT (105.01598358154297 10.364110946655273),7904
Điện Máy Xanh - Điện máy Xanh Xã Vĩnh Gia,"Điện máy Xanh Xã Vĩnh Gia, Tỉnh An Giang, Việt Nam",POINT (104.90277099609375 10.409582138061523),8231
Điện Máy Xanh - Điện máy Xanh Xã Cô Tô,"Điện máy Xanh Xã Cô Tô, Tỉnh An Giang, Việt Nam",POINT (105.1104736328125 10.435466766357422),7941
Điện Máy Xanh - Điện máy Xanh Ấp Vĩnh Hiệp,"Điện máy Xanh Ấp Vĩnh Hiệp, Xã Vĩnh Gia, Tỉnh An Giang, Việt Nam",POINT (104.79269409179688 10.506269454956055),7931
Thế Giới Di Động - Thế giới di động 79 Trần Hưng Đạo,"Thế giới di động 79 Trần Hưng Đạo, Khóm 2, Xã Tri Tôn, Tỉnh An Giang, Việt Nam",POINT (105.00135803222656 10.42427921295166),611
Điện Máy Xanh - Điện máy Xanh Số 2 tổ 64,"Điện máy Xanh Số 2 tổ 64, ấp Trung Thành, Xã Bình Giã, Thành phố Hồ Chí Minh, Việt Nam",POINT (107.28018188476562 10.696953773498535),12606
Điện Máy Xanh - Điện máy Xanh Xã Xuân Sơn,"Điện máy Xanh Xã Xuân Sơn, Thành phố Hồ Chí Minh, Việt Nam",POINT (107.32930755615234 10.64727783203125),9183
Thế Giới Di Động - Thế giới di động 313 - 315 Hùng Vương,"Thế giới di động 313 - 315 Hùng Vương, KP. 02 (cách vòng xoay Ngãi Giao 130m), Xã Ngãi Giao, Thành phố Hồ Chí Minh, Việt Nam",POINT (107.24591064453125 10.648404121398926),288
Điện Máy Xanh - Điện máy Xanh Xã Ngãi Giao,"Điện máy Xanh Xã Ngãi Giao, Thành phố Hồ Chí Minh, Việt Nam",POINT (107.20863342285156 10.589299201965332),7833
Điện Máy Xanh - Điện máy Xanh 230 Hùng Vương,"Điện máy Xanh 230 Hùng Vương, Xã Ngãi Giao, Thành phố Hồ Chí Minh, Việt Nam",POINT (107.2463607788086 10.647113800048828),1655
Điện Máy Xanh - Điện máy Xanh Số 09 Quốc Lộ 55,"Điện máy Xanh Số 09 Quốc Lộ 55, Phước Sơn, Xã Đất Đỏ, Thành phố Hồ Chí Minh, Việt Nam",POINT (107.26995086669922 10.4899263381958),1148
Điện Máy Xanh - Điện máy Xanh 148 Võ Thị Sáu,"Điện máy Xanh 148 Võ Thị Sáu, KP. Long Bình, Xã Long Điền, Thành phố Hồ Chí Minh, Việt Nam",POINT (107.2105712890625 10.483790397644043),2894
Thế Giới Di Động - Thế giới di động 270 Võ Thị Sáu,"Thế giới di động 270 Võ Thị Sáu, KP.Long Tân, Xã Long Điền, Thành phố Hồ Chí Minh, Việt Nam",POINT (107.21492767333984 10.484599113464355),379
Điện Máy Xanh - Điện máy Xanh Đường Võ Thị Sáu,"Điện máy Xanh Đường Võ Thị Sáu, Khu phố Phước Trung, Xã Phước Hải, Thành phố Hồ Chí Minh, Việt Nam",POINT (107.29243469238281 10.427115440368652),7876
Thế Giới Di Động - Thế giới di động Số 9,"Thế giới di động Số 9, ô 5/10, khu phố Hải Lạc, Xã Phước Hải, Thành phố Hồ Chí Minh, Việt Nam",POINT (107.29100799560547 10.422327041625977),11152
Điện Máy Xanh - Điện máy Xanh 03 Tỉnh Lộ 44,"Điện máy Xanh 03 Tỉnh Lộ 44, Xã Long Hải, Thành phố Hồ Chí Minh, Việt Nam",POINT (107.21984100341797 10.409989356994629),1731
Thế Giới Di Động - Thế giới di động 35 Đường Ven Biển,"Thế giới di động 35 Đường Ven Biển, Xã Long Hải, Thành phố Hồ Chí Minh, Việt Nam",POINT (107.2005844116211 10.414051055908203),7622
Thế Giới Di Động - Thế giới di động C44 Ấp Phước Lộc,"Thế giới di động C44 Ấp Phước Lộc, Xã Long Hải, Thành phố Hồ Chí Minh, Việt Nam",POINT (107.22071838378906 10.408123016357422),358
Điện Máy Xanh - Điện máy Xanh Đường Hương Lộ 5,"Điện máy Xanh Đường Hương Lộ 5, tổ 6, ấp Phước Thuận, Xã Long Hải, Thành phố Hồ Chí Minh, Việt Nam",POINT (107.18901824951172 10.406488418579102),2486
Điện Máy Xanh - Điện máy Xanh 48 Huỳnh Minh Thạnh,"Điện máy Xanh 48 Huỳnh Minh Thạnh, Xã Hồ Tràm, Thành phố Hồ Chí Minh, Việt Nam",POINT (107.39964294433594 10.533425331115723),1413
Điện Máy Xanh - Điện máy Xanh Số 13/1 Ấp Thanh Bình 3,"Điện máy Xanh Số 13/1 Ấp Thanh Bình 3, Xã Bình Châu, Thành phố Hồ Chí Minh, Việt Nam",POINT (107.5477066040039 10.555168151855469),1978
Điện Máy Xanh - Điện máy Xanh 02/01 Ấp Nhân Tiến,"Điện máy Xanh 02/01 Ấp Nhân Tiến, Xã Xuyên Mộc, Thành phố Hồ Chí Minh, Việt Nam",POINT (107.42342376708984 10.565300941467285),2739
Điện Máy Xanh - Điện máy Xanh Đường ĐT 328,"Điện máy Xanh Đường ĐT 328, Xã Hòa Hội, Thành phố Hồ Chí Minh, Việt Nam",POINT (107.37223815917969 10.626753807067871),7623
Điện Máy Xanh - Điện máy Xanh Đường 329,"Điện máy Xanh Đường 329, Ấp Phú Bình, Xã Hòa Hiệp, Thành phố Hồ Chí Minh, Việt Nam",POINT (107.501953125 10.689982414245605),7733
Điện Máy Xanh - Điện máy Xanh Đường 328 ấp 2 Đông,"Điện máy Xanh Đường 328 ấp 2 Đông, Xã Bàu Lâm, Thành phố Hồ Chí Minh, Việt Nam",POINT (107.38896942138672 10.68759536743164),8957
Thế Giới Di Động - Thế giới di động Số 219/6 Khu phố Phước Hòa,"Thế giới di động Số 219/6 Khu phố Phước Hòa, Xã Hồ Tràm, Thành phố Hồ Chí Minh, Việt Nam",POINT (107.3989028930664 10.53486442565918),691
Điện Máy Xanh - Điện máy Xanh 25 Nguyễn Hữu Thọ,"Điện máy Xanh 25 Nguyễn Hữu Thọ, Khu phố 2, Phường Bà Rịa, Thành phố Hồ Chí Minh, Việt Nam",POINT (107.17329406738281 10.491931915283203),271
Điện Máy Xanh - Điện máy Xanh Đường Tỉnh lộ 52,"Điện máy Xanh Đường Tỉnh lộ 52, Phường Tam Long, Thành phố Hồ Chí Minh, Việt Nam",POINT (107.20451354980469 10.521181106567383),7699
Thế Giới Di Động - Thế giới di động Số 192 - 194 Nguyễn Thanh Đằng,"Thế giới di động Số 192 - 194 Nguyễn Thanh Đằng, khu phố 5, Phường Bà Rịa, Thành phố Hồ Chí Minh, Việt Nam",POINT (107.17279052734375 10.49924087524414),1353
Thế Giới Di Động - Thế giới di động 267A Đường CMT8,"Thế giới di động 267A Đường CMT8, KP 5, Phường Bà Rịa, Thành phố Hồ Chí Minh, Việt Nam",POINT (107.17279052734375 10.495436668395996),222
Thế Giới Di Động - Thế giới di động Số 602 đường Phạm Hùng,"Thế giới di động Số 602 đường Phạm Hùng, Phường Bà Rịa, Thành phố Hồ Chí Minh, Việt Nam",POINT (107.1876220703125 10.491037368774414),1288
Điện Máy Xanh - Điện máy Xanh 155 Nguyễn Thái Học,"Điện máy Xanh 155 Nguyễn Thái Học, Phường Tam Thắng, Thành phố Hồ Chí Minh, Việt Nam",POINT (107.0847396850586 10.367315292358398),915
Điện Máy Xanh - Điện máy Xanh 330 Bình Giã,"Điện máy Xanh 330 Bình Giã, Phường Tam Thắng, Thành phố Hồ Chí Minh, Việt Nam",POINT (107.09367370605469 10.362825393676758),554
Điện Máy Xanh - Điện máy Xanh 450 Đường 30/4,"Điện máy Xanh 450 Đường 30/4, Phường Rạch Dừa, Thành phố Hồ Chí Minh, Việt Nam",POINT (107.11175537109375 10.397968292236328),11362
Điện Máy Xanh - Điện máy Xanh Thôn 10,"Điện máy Xanh Thôn 10, Xã Long Sơn, Thành phố Hồ Chí Minh, Việt Nam",POINT (107.09147644042969 10.464771270751953),9470
Thế Giới Di Động - Thế giới di động 21 Hoàng Hoa Thám,"Thế giới di động 21 Hoàng Hoa Thám, Phường Vũng Tàu, Thành phố Hồ Chí Minh, Việt Nam",POINT (107.08056640625 10.3404541015625),1271
Thế Giới Di Động - Thế giới di động 290 Trương Công Định,"Thế giới di động 290 Trương Công Định, Phường Tam Thắng, Thành phố Hồ Chí Minh, Việt Nam",POINT (107.08512878417969 10.355101585388184),111
Thế Giới Di Động - Thế giới di động 386-388-390 Lê Lợi,"Thế giới di động 386-388-390 Lê Lợi, Phường Tam Thắng, Thành phố Hồ Chí Minh, Việt Nam",POINT (107.07669830322266 10.369830131530762),2042
Thế Giới Di Động - Thế giới di động 454 – 456 đường 30/4,"Thế giới di động 454 – 456 đường 30/4, Phường Rạch Dừa, Thành phố Hồ Chí Minh, Việt Nam",POINT (107.11214447021484 10.398016929626465),275
Thế Giới Di Động - Thế giới di động Số 570 Đường 30/4 (Vòng Xoay Đông Xuyên),"Thế giới di động Số 570 Đường 30/4 (Vòng Xoay Đông Xuyên), Phường Rạch Dừa, Thành phố Hồ Chí Minh, Việt Nam",POINT (107.11685943603516 10.399585723876953),618
Điện Máy Xanh - Điện máy Xanh Ấp Mỹ Huề,"Điện máy Xanh Ấp Mỹ Huề, Xã Nhơn Mỹ, Thành phố Cần Thơ, Việt Nam",POINT (106.0369873046875 9.781282424926758),7703
Thế Giới Di Động - Thế giới di động 974-976 đường 30/04,"Thế giới di động 974-976 đường 30/04, Phường Phước Thắng, Thành phố Hồ Chí Minh, Việt Nam",POINT (107.13358306884766 10.409439086914062),2147
Thế Giới Di Động - Thế giới di động Quốc Lộ 51,"Thế giới di động Quốc Lộ 51, ấp Thị Vải, Phường Phú Mỹ, Thành phố Hồ Chí Minh, Việt Nam",POINT (107.05474853515625 10.623574256896973),238
Điện Máy Xanh - Điện máy Xanh 01 Nguyễn Văn Linh,"Điện máy Xanh 01 Nguyễn Văn Linh, Phường Phú Mỹ, Thành phố Hồ Chí Minh, Việt Nam",POINT (107.0544204711914 10.599903106689453),896
Điện Máy Xanh - Điện máy Xanh Tổ 1,"Điện máy Xanh Tổ 1, ấp Phước Hưng, Phường Phú Mỹ, Thành phố Hồ Chí Minh, Việt Nam",POINT (107.04141235351562 10.649325370788574),1256
Điện Máy Xanh - Điện máy Xanh Quốc Lộ 51,"Điện máy Xanh Quốc Lộ 51, Phường Phú Mỹ, Thành phố Hồ Chí Minh, Việt Nam",POINT (107.05433654785156 10.624311447143555),1791
Điện Máy Xanh - Điện máy Xanh Tổ 10,"Điện máy Xanh Tổ 10, Thôn Tân Long, Xã Châu Pha, Thành phố Hồ Chí Minh, Việt Nam",POINT (107.14891815185547 10.586055755615234),9442
Điện Máy Xanh - Điện máy Xanh Quốc lộ 51,"Điện máy Xanh Quốc lộ 51, khu 3, ấp Ông Trịnh, Phường Tân Phước, Thành phố Hồ Chí Minh, Việt Nam",POINT (107.06086730957031 10.562503814697266),1963
Điện Máy Xanh - Điện máy Xanh Tổ 7,"Điện máy Xanh Tổ 7, Thôn Phước Tấn, Xã Tân Hòa, Thị xã Phú Mỹ, Tỉnh Bà Rịa - Vũng Tàu, Việt Nam",POINT (107.08570098876953 10.518473625183105),9106
Điện Máy Xanh - Điện máy Xanh Khu phố 2,"Điện máy Xanh Khu phố 2, Phường Tân Thành, Thành phố Hồ Chí Minh, Việt Nam",POINT (107.12309265136719 10.642657279968262),2574
Điện Máy Xanh - Điện máy Xanh Đường Võ Văn Kiệt,"Điện máy Xanh Đường Võ Văn Kiệt, Tổ 4, khu phố Trảng Cát, Phường Tân Thành, Thành phố Hồ Chí Minh, Việt Nam",POINT (107.0901107788086 10.640695571899414),9988
Điện Máy Xanh - Điện máy Xanh Sô 8 đường DH 746,"Điện máy Xanh Sô 8 đường DH 746, ấp Bằng Lăng, Xã Bắc Tân Uyên, Thành phố Hồ Chí Minh, Việt Nam",POINT (106.86752319335938 11.17635440826416),12124
Điện Máy Xanh - Điện máy Xanh Đường DH411,"Điện máy Xanh Đường DH411, Khu phố 2, Xã Bắc Tân Uyên, Thành phố Hồ Chí Minh, Việt Nam",POINT (106.84400939941406 11.149222373962402),7700
Điện Máy Xanh - Điện máy Xanh Số 133 đường DT746 tổ 7 ấp 2,"Điện máy Xanh Số 133 đường DT746 tổ 7 ấp 2, Xã Thường Tân, Thành phố Hồ Chí Minh, Việt Nam",POINT (106.92035675048828 11.055427551269531),10512
Điện Máy Xanh - Điện máy Xanh Đường D1,"Điện máy Xanh Đường D1, Tổ 01, Khu phố Đồng Sổ, Xã Bàu Bàng, Thành phố Hồ Chí Minh, Việt Nam",POINT (106.6365966796875 11.240653038024902),4815
Điện Máy Xanh - Điện máy Xanh Số 209 đường HL612 ấp 03,"Điện máy Xanh Số 209 đường HL612 ấp 03, Phường Chánh Phú Hòa, Thành phố Hồ Chí Minh, Việt Nam",POINT (106.69635772705078 11.237716674804688),9181
Điện Máy Xanh - Điện máy Xanh Số 32 Tổ 2,"Điện máy Xanh Số 32 Tổ 2, ấp Long Bình, Xã Bàu Bàng, Thành phố Hồ Chí Minh, Việt Nam",POINT (106.56507110595703 11.240798950195312),12970
Điện Máy Xanh - Điện máy Xanh QL 13,"Điện máy Xanh QL 13, Ấp 1, Xã Trừ Văn Thố, Thành phố Hồ Chí Minh, Việt Nam",POINT (106.63999938964844 11.34494400024414),2593
Điện Máy Xanh - Điện máy Xanh Số 216 Đường ĐT 747,"Điện máy Xanh Số 216 Đường ĐT 747, Khu phố Lồ Ô, Phường An Tây, Thành Phố Bến Cát, Tỉnh Bình Dương, Việt Nam",POINT (106.54849243164062 11.087381362915039),1177
Điện Máy Xanh - Điện máy Xanh Số 358 đường 30 tháng 4,"Điện máy Xanh Số 358 đường 30 tháng 4, tổ 11, KP.02, Phường Bến Cát, Thành phố Hồ Chí Minh, Việt Nam",POINT (106.5953598022461 11.150324821472168),1795
Điện Máy Xanh - Điện máy Xanh Quốc Lộ 13 (Mỹ Phước),"Điện máy Xanh Quốc Lộ 13 (Mỹ Phước), khu phố 4, Phường Bến Cát, Thành phố Hồ Chí Minh, Việt Nam",POINT (106.60547637939453 11.133140563964844),2305
Điện Máy Xanh - Điện máy Xanh Quốc lộ 13,"Điện máy Xanh Quốc lộ 13, KP. 2, Phường Hòa Lợi, Thành phố Hồ Chí Minh, Việt Nam",POINT (106.6338882446289 11.045029640197754),1685
Điện Máy Xanh - Điện máy Xanh 347 đường ĐT 741,"Điện máy Xanh 347 đường ĐT 741, Phường Hòa Lợi, Thành phố Hồ Chí Minh, Việt Nam",POINT (106.66329956054688 11.079608917236328),2044
Điện Máy Xanh - Điện máy Xanh Đường NE8,"Điện máy Xanh Đường NE8, Khu đô thị Mỹ Phước 3, Khu 3B, Phường Thới Hòa, Thành phố Hồ Chí Minh, Việt Nam",POINT (106.63716125488281 11.097512245178223),7578
Điện Máy Xanh - Điện máy Xanh Góc đường N1–D6,"Điện máy Xanh Góc đường N1–D6, Khu phố 4, Phường Bến Cát, Thành phố Hồ Chí Minh, Việt Nam",POINT (106.60633850097656 11.127963066101074),9387
Điện Máy Xanh - Điện máy Xanh Ấp 4,"Điện máy Xanh Ấp 4, Xã Trừ Văn Thố, Thành phố Hồ Chí Minh, Việt Nam",POINT (106.60833740234375 11.387056350708008),12050
Điện Máy Xanh - Điện máy Xanh Số nhà 154,"Điện máy Xanh Số nhà 154, Đường DT741, ấp 1B, Xã Phước Hòa, Thành phố Hồ Chí Minh, Việt Nam",POINT (106.73477172851562 11.234932899475098),10042
Thế Giới Di Động - Thế giới di động D6-5A KHU Phố Đồng Sổ-,"Thế giới di động D6-5A KHU Phố Đồng Sổ-, Xã Bàu Bàng, Thành phố Hồ Chí Minh, Việt Nam",POINT (106.63662719726562 11.24306869506836),10842
Thế Giới Di Động - Thế giới di động 175/6 Quốc Lộ 13,"Thế giới di động 175/6 Quốc Lộ 13, KP. 02, Phường Hòa Lợi, Thành phố Hồ Chí Minh, Việt Nam",POINT (106.63340759277344 11.04588508605957),2330
Thế Giới Di Động - Thế giới di động 18C2 Đường TC3,"Thế giới di động 18C2 Đường TC3, Khu đô thị Mỹ Phước II, Phường Bến Cát, Thành phố Hồ Chí Minh, Việt Nam",POINT (106.60881042480469 11.139628410339355),9293
Thế Giới Di Động - Thế giới di động 414A DT 741,"Thế giới di động 414A DT 741, khu phố Phú Nghị (gần chợ Nhật Huy), Phường Hòa Lợi, Thành phố Hồ Chí Minh, Việt Nam",POINT (106.66509246826172 11.082517623901367),1293
Thế Giới Di Động - Thế giới di động Lô CC1,"Thế giới di động Lô CC1, Khu TMDV và Tái định cư Mỹ Phước, Phường Bến Cát, Thành phố Hồ Chí Minh, Việt Nam",POINT (106.60582733154297 11.130199432373047),1653
Thế Giới Di Động - Thế giới di động 198 đường D10,"Thế giới di động 198 đường D10, Khu Phố 6, Phường Thới Hòa, Thành phố Hồ Chí Minh, Việt Nam",POINT (106.60385131835938 11.125713348388672),10841
Điện Máy Xanh - Điện máy Xanh Số 33 Hùng Vương,"Điện máy Xanh Số 33 Hùng Vương, KP. 4B, Xã Dầu Tiếng, Thành phố Hồ Chí Minh, Việt Nam",POINT (106.3638687133789 11.280860900878906),1712
Điện Máy Xanh - Điện máy Xanh Đường ĐT744 tổ 4 Ấp Chợ,"Điện máy Xanh Đường ĐT744 tổ 4 Ấp Chợ, Phường Tây Nam, Thành phố Hồ Chí Minh, Việt Nam",POINT (106.4481430053711 11.16096305847168),7828
Điện Máy Xanh - Điện máy Xanh 157 DT749A,"Điện máy Xanh 157 DT749A, ấp Long Thọ, Xã Long Hòa, Thành phố Hồ Chí Minh, Việt Nam",POINT (106.49177551269531 11.313796997070312),9182
Điện Máy Xanh - Điện máy Xanh Đường ĐH704,"Điện máy Xanh Đường ĐH704, ấp Hòa Cường, Xã Minh Thạnh, Thành phố Hồ Chí Minh, Việt Nam",POINT (106.48401641845703 11.44619369506836),8096
Thế Giới Di Động - Thế giới di động 6/12 Thống Nhất,"Thế giới di động 6/12 Thống Nhất, KP.2, Xã Dầu Tiếng, Thành phố Hồ Chí Minh, Việt Nam",POINT (106.35980987548828 11.276739120483398),470
Điện Máy Xanh - Điện máy Xanh Số 237 Nguyễn An Ninh,"Điện máy Xanh Số 237 Nguyễn An Ninh, KP. Bình Minh 2, Phường Dĩ An, Thành phố Hồ Chí Minh, Việt Nam",POINT (106.7680435180664 10.904521942138672),864
Điện Máy Xanh - Điện máy Xanh 530/7A,"Điện máy Xanh 530/7A, Khu Phố Đông Thành, Phường Tân Đông Hiệp, Thành phố Hồ Chí Minh, Việt Nam",POINT (106.76918029785156 10.915637016296387),348
Điện Máy Xanh - Điện máy Xanh Số 115 Quốc Lộ 1K,"Điện máy Xanh Số 115 Quốc Lộ 1K, KP. Tây B, Phường Đông Hòa, Thành phố Hồ Chí Minh, Việt Nam",POINT (106.783203125 10.890625953674316),2502
Điện Máy Xanh - Điện máy Xanh 15/16A Lê Hồng Phong,"Điện máy Xanh 15/16A Lê Hồng Phong, Phường Tân Đông Hiệp, Thành phố Hồ Chí Minh, Việt Nam",POINT (106.76033782958984 10.9269437789917),4562
Điện Máy Xanh - Điện máy Xanh Số 57 đường Nguyễn Trãi,"Điện máy Xanh Số 57 đường Nguyễn Trãi, Khu phố Thắng Lợi 2, Phường Dĩ An, Thành phố Hồ Chí Minh, Việt Nam",POINT (106.7580795288086 10.906862258911133),5683
Điện Máy Xanh - Điện máy Xanh 65 An Bình,"Điện máy Xanh 65 An Bình, KP. Bình Đường 2, Phường Dĩ An, Thành phố Hồ Chí Minh, Việt Nam",POINT (106.75447082519531 10.87267017364502),2765
Điện Máy Xanh - Điện máy Xanh Nguyễn Tri Phương,"Điện máy Xanh Nguyễn Tri Phương, Phường Dĩ An, Thành phố Hồ Chí Minh, Việt Nam",POINT (106.75948333740234 10.889678955078125),2304
Điện Máy Xanh - Điện máy Xanh 16 Tân Lập,"Điện máy Xanh 16 Tân Lập, Phường Đông Hòa, Thành phố Hồ Chí Minh, Việt Nam",POINT (106.80855560302734 10.874576568603516),10513
Thế Giới Di Động - Thế giới di động Số 100 đường Bình Đường,"Thế giới di động Số 100 đường Bình Đường, Phường Dĩ An, Thành phố Hồ Chí Minh, Việt Nam",POINT (106.75578308105469 10.87010383605957),1351
Thế Giới Di Động - Thế giới di động 137 Quốc Lộ 1K,"Thế giới di động 137 Quốc Lộ 1K, KP.Tây B, Phường Đông Hòa, Thành phố Hồ Chí Minh, Việt Nam",POINT (106.78424072265625 10.890854835510254),406
Thế Giới Di Động - Thế giới di động 206 Nguyễn An Ninh,"Thế giới di động 206 Nguyễn An Ninh, KP. Bình Minh 2, Phường Dĩ An, Thành phố Hồ Chí Minh, Việt Nam",POINT (106.76830291748047 10.904803276062012),2293
Thế Giới Di Động - Thế giới di động Số 25/6 Khu Phố Thắng Lợi 2,"Thế giới di động Số 25/6 Khu Phố Thắng Lợi 2, Phường Dĩ An, Thành phố Hồ Chí Minh, Việt Nam",POINT (106.75817108154297 10.907033920288086),1470
Thế Giới Di Động - Thế giới di động 5/24A Nguyễn Tri Phương,"Thế giới di động 5/24A Nguyễn Tri Phương, Khu phố Bình Đường 1, Phường Dĩ An, Thành phố Hồ Chí Minh, Việt Nam",POINT (106.75958251953125 10.885059356689453),10867
Thế Giới Di Động - Thế giới di động Đường DT743A,"Thế giới di động Đường DT743A, Khu phố Bình Thung 2, Phường Đông Hòa, Thành phố Hồ Chí Minh, Việt Nam",POINT (106.80803680419922 10.898809432983398),13873
Thế Giới Di Động - Thế giới di động Truông Tre,"Thế giới di động Truông Tre, KP. Nhị Đồng 2 (đối diện cà phê Xóm Vắng 4), Phường Dĩ An, Thành phố Hồ Chí Minh, Việt Nam",POINT (106.76757049560547 10.895820617675781),2101
Điện Máy Xanh - Điện máy Xanh Số 564 đường DT 741,"Điện máy Xanh Số 564 đường DT 741, Xã Phú Giáo, Thành phố Hồ Chí Minh, Việt Nam",POINT (106.79454803466797 11.289886474609375),1580
Điện Máy Xanh - Điện máy Xanh Số 98 - 99 Đường ĐT741 (Chợ Chánh Lưu),"Điện máy Xanh Số 98 - 99 Đường ĐT741 (Chợ Chánh Lưu), Khu Phố 3, Phường Chánh Phú Hòa, Thành phố Hồ Chí Minh, Việt Nam",POINT (106.6703109741211 11.146349906921387),7175
Điện Máy Xanh - Điện máy Xanh Thửa đất số 374,"Điện máy Xanh Thửa đất số 374, 375 tờ bản đồ 03, Đường ĐT 741, Xã Phú Giáo, Thành phố Hồ Chí Minh, Việt Nam",POINT (106.82391357421875 11.340250015258789),7557
Điện Máy Xanh - Điện máy Xanh Đường DT 746 Khu phố Long Bình,"Điện máy Xanh Đường DT 746 Khu phố Long Bình, Phường Tân Hiệp, Thành phố Hồ Chí Minh, Việt Nam",POINT (106.75238800048828 11.048473358154297),4253
Điện Máy Xanh - Điện máy Xanh Số nhà 06 Đường DT741 Ấp 3,"Điện máy Xanh Số nhà 06 Đường DT741 Ấp 3, Khu phố Cổng Xanh, Phường Vĩnh Tân, Thành phố Hồ Chí Minh, Việt Nam",POINT (106.72309112548828 11.18515396118164),9903
Điện Máy Xanh - Điện máy Xanh Khu Phố Tân Hội,"Điện máy Xanh Khu Phố Tân Hội, Phường Tân Hiệp, Thành phố Hồ Chí Minh, Việt Nam",POINT (106.72215270996094 11.038060188293457),13910
Thế Giới Di Động - Thế giới di động 50 - 52 Đường Hai Bà Trưng,"Thế giới di động 50 - 52 Đường Hai Bà Trưng, Phường Phú Lợi, Thành phố Cần Thơ, Việt Nam",POINT (105.97445678710938 9.603934288024902),15500
Điện Máy Xanh - Điện máy Xanh Đường NB5,"Điện máy Xanh Đường NB5, Tổ 7, Khu phố 4, Phường Vĩnh Tân, Thành phố Hồ Chí Minh, Việt Nam",POINT (106.7049331665039 11.126108169555664),7248
Điện Máy Xanh - Điện máy Xanh 23 Võ Thị Sáu,"Điện máy Xanh 23 Võ Thị Sáu, KP Khánh Long, Phường Tân Khánh, Thành phố Hồ Chí Minh, Việt Nam",POINT (106.74169158935547 10.987529754638672),12280
Điện Máy Xanh - Điện máy Xanh Số 567 Ấp 1,"Điện máy Xanh Số 567 Ấp 1, Phường Bình Cơ, Thành phố Hồ Chí Minh, Việt Nam",POINT (106.76976776123047 11.098055839538574),2100
Điện Máy Xanh - Điện máy Xanh Đường DT742 tổ 1 ấp Phú Trung,"Điện máy Xanh Đường DT742 tổ 1 ấp Phú Trung, Phường Bình Dương, Thành phố Hồ Chí Minh, Việt Nam",POINT (106.69752502441406 11.070082664489746),4737
Điện Máy Xanh - Điện máy Xanh Số 21 Tổ 02,"Điện máy Xanh Số 21 Tổ 02, Khu phố Khánh Thạnh, Phường Tân Khánh, Thành phố Hồ Chí Minh, Việt Nam",POINT (106.7173080444336 11.004249572753906),4575
Điện Máy Xanh - Điện máy Xanh 1574C Tổ 2,"Điện máy Xanh 1574C Tổ 2, Khu Phố Mỹ Hiệp, Phường Tân Khánh, Thành phố Hồ Chí Minh, Việt Nam",POINT (106.75569915771484 10.976173400878906),3902
Điện Máy Xanh - Điện máy Xanh Số 205/B - 207/B,"Điện máy Xanh Số 205/B - 207/B, Tổ 5, Khu phố 1, Phường Tân Uyên, Thành phố Hồ Chí Minh, Việt Nam",POINT (106.7908935546875 11.056486129760742),1814
Điện Máy Xanh - Điện máy Xanh Phường Tân Khánh,"Điện máy Xanh Phường Tân Khánh, Thành phố Hồ Chí Minh, Việt Nam",POINT (106.7668685913086 11.003581047058105),7628
Thế Giới Di Động - Thế giới di động Phường Bình Dương,"Thế giới di động Phường Bình Dương, Thành phố Hồ Chí Minh, Việt Nam",POINT (106.69206237792969 11.075288772583008),12613
Thế Giới Di Động - Thế giới di động Số 1126B,"Thế giới di động Số 1126B, đường DT 747 (Thái Hòa), Phường Tân Khánh, Thành phố Hồ Chí Minh, Việt Nam",POINT (106.75467681884766 10.97652816772461),1405
Thế Giới Di Động - Thế giới di động Số 123 Lô M,"Thế giới di động Số 123 Lô M, khu dân cư Thương mại Uyên Hưng, Phường Tân Uyên, Thành phố Hồ Chí Minh, Việt Nam",POINT (106.79723358154297 11.0615234375),297
Thế Giới Di Động - Thế giới di động Số 156,"Thế giới di động Số 156, Đường ĐT 747, Tổ 4, Ấp 1, Phường Bình Cơ, Thành phố Hồ Chí Minh, Việt Nam",POINT (106.76705932617188 11.100311279296875),1133
Thế Giới Di Động - Thế giới di động Số 33,"Thế giới di động Số 33, tổ 3, khu phố Khánh Thạnh, Phường Tân Khánh, Thành phố Hồ Chí Minh, Việt Nam",POINT (106.71888732910156 11.004813194274902),1386
Thế Giới Di Động - Thế giới di động Đường DT 746,"Thế giới di động Đường DT 746, KP. Long Bình, Phường Tân Hiệp, Thành phố Hồ Chí Minh, Việt Nam",POINT (106.75279998779297 11.049501419067383),2010
Thế Giới Di Động - Thế giới di động Đường DB4,"Thế giới di động Đường DB4, tổ 7, ấp 4, Phường Vĩnh Tân, Thành phố Hồ Chí Minh, Việt Nam",POINT (106.70442962646484 11.12004566192627),12237
Điện Máy Xanh - Điện máy Xanh Số 6/15 DT743,"Điện máy Xanh Số 6/15 DT743, khu phố Bình Phước B, Phường An Phú, Thành phố Hồ Chí Minh, Việt Nam",POINT (106.74175262451172 10.970027923583984),1794
Điện Máy Xanh - Điện máy Xanh Số 193 Huỳnh Văn Lũy,"Điện máy Xanh Số 193 Huỳnh Văn Lũy, Phường Phú Lợi, Thành phố Hồ Chí Minh, Việt Nam",POINT (106.67405700683594 10.992169380187988),2610
Điện Máy Xanh - Điện máy Xanh 322 Đại Lộ Bình Dương,"Điện máy Xanh 322 Đại Lộ Bình Dương, Khu Phố 1, Phường Thủ Dầu Một, Thành phố Hồ Chí Minh, Việt Nam",POINT (106.66719818115234 10.980945587158203),913
Điện Máy Xanh - Điện máy Xanh 566 KP.9,"Điện máy Xanh 566 KP.9, Phường Phú Lợi, Thành phố Hồ Chí Minh, Việt Nam",POINT (106.68778228759766 10.986441612243652),829
Điện Máy Xanh - Điện máy Xanh Số 1457 Đại Lộ Bình Dương (Sở Sao),"Điện máy Xanh Số 1457 Đại Lộ Bình Dương (Sở Sao), Số 1457 Đại Lộ Bình Dương, khu phố 4, Phường Phú An, Thành phố Hồ Chí Minh, Việt Nam",POINT (106.64057922363281 11.032806396484375),1793
Điện Máy Xanh - Điện máy Xanh Số 743 Đường N14 (Hòa Phú),"Điện máy Xanh Số 743 Đường N14 (Hòa Phú), Số 743 Đường N14, Ấp 04, Ô số 27-28-29, Lô đất số HL-E1, Khu dân cư Hòa Lợi, Phường Bình Dương, Thành phố Hồ Chí Minh, Việt Nam",POINT (106.66898345947266 11.097138404846191),12483
Điện Máy Xanh - Điện máy Xanh 315 Đường 30/4,"Điện máy Xanh 315 Đường 30/4, Phường Thủ Dầu Một, Thành phố Hồ Chí Minh, Việt Nam",POINT (106.66825103759766 10.964685440063477),12949
Điện Máy Xanh - Điện máy Xanh 617 Huỳnh Văn Luỹ,"Điện máy Xanh 617 Huỳnh Văn Luỹ, tổ 13, khu 3, Phường Bình Dương, Thành phố Hồ Chí Minh, Việt Nam",POINT (106.67634582519531 11.014610290527344),11494
Thế Giới Di Động - Thế giới di động Số 97C,"Thế giới di động Số 97C, đường 30 tháng 4, Khu phố 1, Phường Long Nguyên, Thành phố Hồ Chí Minh, Việt Nam",POINT (106.59009552001953 11.153221130371094),572
Thế Giới Di Động - Thế giới di động Số 154,"Thế giới di động Số 154, Tổ 6, Khu 7, Huỳnh Văn Lũy, Phường Phú Lợi, Thành phố Hồ Chí Minh, Việt Nam",POINT (106.67389678955078 10.990754127502441),571
Thế Giới Di Động - Thế giới di động Số 18,"Thế giới di động Số 18, Cách Mạng Tháng Tám, Khu phố Chánh Lộc, Phường Thủ Dầu Một, Thành phố Hồ Chí Minh, Việt Nam",POINT (106.65083312988281 10.991601943969727),781
Thế Giới Di Động - Thế giới di động 222 Yersin,"Thế giới di động 222 Yersin, Phường Thủ Dầu Một, Thành phố Hồ Chí Minh, Việt Nam",POINT (106.66460418701172 10.983745574951172),485
Thế Giới Di Động - Thế giới di động 467 Cách Mạng Tháng Tám,"Thế giới di động 467 Cách Mạng Tháng Tám, Khu 5, Phường Thủ Dầu Một, Thành phố Hồ Chí Minh, Việt Nam",POINT (106.6549072265625 10.979734420776367),15885
Thế Giới Di Động - Thế giới di động Phường Phú Lợi,"Thế giới di động Phường Phú Lợi, Thành phố Hồ Chí Minh, Việt Nam",POINT (106.67206573486328 10.981963157653809),12382
Thế Giới Di Động - Thế giới di động Phường Thủ Dầu Một,"Thế giới di động Phường Thủ Dầu Một, Thành phố Hồ Chí Minh, Việt Nam",POINT (106.68306732177734 10.966500282287598),11069
Thế Giới Di Động - Thế giới di động 1/25A Thủ Khoa Huân,"Thế giới di động 1/25A Thủ Khoa Huân, KP Hòa Lân 1, Phường Thuận Giao, Thành phố Hồ Chí Minh, Việt Nam",POINT (106.70166015625 10.955948829650879),381
Điện Máy Xanh - Điện máy Xanh 311 Nguyễn Trãi,"Điện máy Xanh 311 Nguyễn Trãi, khu phố Nguyễn Trãi, Phường Lái Thiêu, Thành phố Hồ Chí Minh, Việt Nam",POINT (106.70510864257812 10.902063369750977),642
Điện Máy Xanh - Điện máy Xanh Số 43/1A đường 22/12,"Điện máy Xanh Số 43/1A đường 22/12, Khu phố 1A, Phường An Phú, Thành phố Hồ Chí Minh, Việt Nam",POINT (106.74008178710938 10.946977615356445),7991
Điện Máy Xanh - Điện máy Xanh Cách Mạng Tháng 8,"Điện máy Xanh Cách Mạng Tháng 8, KP. Thạnh Lợi, Phường Thuận An, Thành phố Hồ Chí Minh, Việt Nam",POINT (106.68775177001953 10.94737434387207),2409
Điện Máy Xanh - Điện máy Xanh Số E1/9 - E1/10 Khu Dân Cư Thuận Giao,"Điện máy Xanh Số E1/9 - E1/10 Khu Dân Cư Thuận Giao, Phường Thuận Giao, Thành phố Hồ Chí Minh, Việt Nam",POINT (106.71980285644531 10.964195251464844),212
Điện Máy Xanh - Điện máy Xanh Đường QL 13 Khu phố Tây,"Điện máy Xanh Đường QL 13 Khu phố Tây, Phường Vĩnh Phú, Thành Phố Thuận An, Tỉnh Bình Dương, Việt Nam",POINT (106.69969940185547 10.87711238861084),9525
Điện Máy Xanh - Điện máy Xanh 14/4 Nguyễn Du,"Điện máy Xanh 14/4 Nguyễn Du, Phường Bình Hòa, Thành phố Hồ Chí Minh, Việt Nam",POINT (106.73394775390625 10.920995712280273),3879
Điện Máy Xanh - Điện máy Xanh Số 25 đường Nguyễn Văn Tiết,"Điện máy Xanh Số 25 đường Nguyễn Văn Tiết, Khu phố Bình Hòa, Phường Lái Thiêu, Thành phố Hồ Chí Minh, Việt Nam",POINT (106.70414733886719 10.911356925964355),8065
Điện Máy Xanh - Điện máy Xanh Khu phố Bình Quới,"Điện máy Xanh Khu phố Bình Quới, Phường Thuận Giao, Thành phố Hồ Chí Minh, Việt Nam",POINT (106.70733642578125 10.988082885742188),4561
Điện Máy Xanh - Điện máy Xanh Số 11/29,"Điện máy Xanh Số 11/29, Khu phố Bình Đức 3, Phường Bình Hòa, Thành phố Hồ Chí Minh, Việt Nam",POINT (106.73870086669922 10.908308029174805),5741
Điện Máy Xanh - Điện máy Xanh 32/1 Bình Giao,"Điện máy Xanh 32/1 Bình Giao, Phường Thuận Giao, Thành phố Hồ Chí Minh, Việt Nam",POINT (106.71005249023438 10.934122085571289),419
Điện Máy Xanh - Điện máy Xanh Số 25 Thủ Khoa Huân,"Điện máy Xanh Số 25 Thủ Khoa Huân, Khu phố Bình Phú, Phường Thuận Giao, Thành phố Hồ Chí Minh, Việt Nam",POINT (106.72063446044922 10.981154441833496),4872
Điện Máy Xanh - Điện máy Xanh Đường 22/12,"Điện máy Xanh Đường 22/12, khu phố Hòa Lân 2, Phường Thuận Giao, Thành phố Hồ Chí Minh, Việt Nam",POINT (106.718017578125 10.94834041595459),2457
Điện Máy Xanh - Điện máy Xanh 7/1 Đường ĐH 406 Tổ 1,"Điện máy Xanh 7/1 Đường ĐH 406 Tổ 1, Khu phố Khánh Lộc, Phường Tân Hiệp, Thành phố Hồ Chí Minh, Việt Nam",POINT (106.7613296508789 11.03144359588623),7177
Thế Giới Di Động - Thế giới di động 143/5A khu phố 4,"Thế giới di động 143/5A khu phố 4, Phường An Phú, Thành phố Hồ Chí Minh, Việt Nam",POINT (106.72969055175781 10.948391914367676),1981
Thế Giới Di Động - Thế giới di động Số 171,"Thế giới di động Số 171, đường ĐT 745, khu phố Long Thới, Phường Lái Thiêu, Thành phố Hồ Chí Minh, Việt Nam",POINT (106.6983413696289 10.899374961853027),865
Thế Giới Di Động - Thế giới di động 5/A1 KDC Đồng An 4,"Thế giới di động 5/A1 KDC Đồng An 4, Tỉnh Lộ 43, Phường Bình Hòa, Thành phố Hồ Chí Minh, Việt Nam",POINT (106.72724151611328 10.890355110168457),1058
Thế Giới Di Động - Thế giới di động Số 63A/1,"Thế giới di động Số 63A/1, Khu phố 1A, Phường An Phú, Thành phố Hồ Chí Minh, Việt Nam",POINT (106.74156951904297 10.945991516113281),351
Thế Giới Di Động - Thế giới di động 64A Nguyễn Văn Tiết,"Thế giới di động 64A Nguyễn Văn Tiết, KP. Bình Hòa, Phường Lái Thiêu, Thành phố Hồ Chí Minh, Việt Nam",POINT (106.71321105957031 10.920966148376465),1979
Thế Giới Di Động - Thế giới di động 79/13 Đường ĐT 743,"Thế giới di động 79/13 Đường ĐT 743, KP.Bình Phước B, Phường An Phú, Thành phố Hồ Chí Minh, Việt Nam",POINT (106.74102020263672 10.97745132446289),472
Thế Giới Di Động - Thế giới di động Khu dân cư 550,"Thế giới di động Khu dân cư 550, Khu Phố Bình Đức, Phường Bình Hòa, Thành phố Hồ Chí Minh, Việt Nam",POINT (106.74050903320312 10.908839225769043),24859
Thế Giới Di Động - Thế giới di động 5/21 Thủ Khoa huân,"Thế giới di động 5/21 Thủ Khoa huân, Bình Phú, Phường Thuận Giao, Thành phố Hồ Chí Minh, Việt Nam",POINT (106.7142562866211 10.97110366821289),10598
Thế Giới Di Động - Thế giới di động Khu phố Hoà Lân 2,"Thế giới di động Khu phố Hoà Lân 2, Phường Thuận Giao, Thành phố Hồ Chí Minh, Việt Nam",POINT (106.7063217163086 10.950786590576172),15893
Thế Giới Di Động - Thế giới di động Số 200,"Thế giới di động Số 200, khu phố Thạnh Hòa A, Phường Thuận An, Thành phố Hồ Chí Minh, Việt Nam",POINT (106.68949890136719 10.946454048156738),1137
Điện Máy Xanh - Điện máy Xanh Quốc lộ 13 ấp Hiệp Tâm A,"Điện máy Xanh Quốc lộ 13 ấp Hiệp Tâm A, Xã Lộc Quang, Tỉnh Đồng Nai, Việt Nam",POINT (106.69093322753906 11.883918762207031),5041
Điện Máy Xanh - Điện máy Xanh 248 Nguyễn Huệ,"Điện máy Xanh 248 Nguyễn Huệ, Phường Bình Long, Tỉnh Đồng Nai, Việt Nam",POINT (106.60906219482422 11.654038429260254),801
Điện Máy Xanh - Điện máy Xanh Ấp Thanh Hòa,"Điện máy Xanh Ấp Thanh Hòa, Phường An Lộc, Tỉnh Đồng Nai, Việt Nam",POINT (106.59044647216797 11.711021423339844),7706
Thế Giới Di Động - Thế giới di động Số 113 Nguyễn Huệ,"Thế giới di động Số 113 Nguyễn Huệ, Khu phố Phú Trung, Phường Bình Long, Tỉnh Đồng Nai, Việt Nam",POINT (106.6076431274414 11.649765014648438),1798
Thế Giới Di Động - Thế giới di động 156 Quốc Lộ 13 (Ninh Thịnh),"Thế giới di động 156 Quốc Lộ 13 (Ninh Thịnh), Xã Lộc Ninh, Tỉnh Đồng Nai, Việt Nam",POINT (106.5882797241211 11.849766731262207),317
Điện Máy Xanh - Điện máy Xanh Số 170 Đường ĐT741,"Điện máy Xanh Số 170 Đường ĐT741, đội 3, thôn Đăk Lim, Xã Đăk Ơ, Tỉnh Đồng Nai, Việt Nam",POINT (107.09265899658203 12.044556617736816),7905
Điện Máy Xanh - Điện máy Xanh Đường ĐT 760,"Điện máy Xanh Đường ĐT 760, Xã Bom Bo, Tỉnh Đồng Nai, Việt Nam",POINT (107.18663787841797 11.913139343261719),5045
Điện Máy Xanh - Điện máy Xanh Khu Đức Lập,"Điện máy Xanh Khu Đức Lập, Xã Bù Đăng, Tỉnh Đồng Nai, Việt Nam",POINT (107.24816131591797 11.812887191772461),2440
Điện Máy Xanh - Điện máy Xanh QL 14,"Điện máy Xanh QL 14, Xã Nghĩa Trung, Tỉnh Đồng Nai, Việt Nam",POINT (107.0651626586914 11.66848087310791),2829
Điện Máy Xanh - Điện máy Xanh Thôn 2,"Điện máy Xanh Thôn 2, Xã Nghĩa Trung, Tỉnh Đồng Nai, Việt Nam",POINT (107.14004516601562 11.71278190612793),7752
Điện Máy Xanh - Điện máy Xanh Số 135 Thôn Thống Nhất,"Điện máy Xanh Số 135 Thôn Thống Nhất, Xã Đak Nhau, Tỉnh Đồng Nai, Việt Nam",POINT (107.22706604003906 11.9693021774292),10343
Điện Máy Xanh - Điện máy Xanh Thôn 06,"Điện máy Xanh Thôn 06, Xã Bù Đăng, Tỉnh Đồng Nai, Việt Nam",POINT (107.18917083740234 11.797403335571289),10809
Điện Máy Xanh - Điện máy Xanh Đường Sao Bọng - Đăng Hà,"Điện máy Xanh Đường Sao Bọng - Đăng Hà, ấp 3, Xã Phước Sơn, Tỉnh Đồng Nai, Việt Nam",POINT (107.20077514648438 11.662439346313477),9100
Thế Giới Di Động - Thế giới di động 112 - 114,"Thế giới di động 112 - 114, Quốc Lộ 14, Xã Bù Đăng, Tỉnh Đồng Nai, Việt Nam",POINT (107.24754333496094 11.812610626220703),315
Điện Máy Xanh - Điện máy Xanh Số 78 KP. Thanh Bình,"Điện máy Xanh Số 78 KP. Thanh Bình, Xã Hưng Phước, Tỉnh Đồng Nai, Việt Nam",POINT (106.79644012451172 11.957850456237793),1947
Điện Máy Xanh - Điện máy Xanh Số nhà 34 Đường ĐT 748 Ấp Tân Phú,"Điện máy Xanh Số nhà 34 Đường ĐT 748 Ấp Tân Phú, Xã Tân Tiến, Tỉnh Đồng Nai, Việt Nam",POINT (106.72102355957031 11.925619125366211),9887
Thế Giới Di Động - Thế giới di động Khu phố Thanh Xuân,"Thế giới di động Khu phố Thanh Xuân, Xã Hưng Phước, Tỉnh Đồng Nai, Việt Nam",POINT (106.7981185913086 11.957228660583496),13860
Điện Máy Xanh - Điện máy Xanh Thôn Tân Lực,"Điện máy Xanh Thôn Tân Lực, Xã Phú Riềng, Tỉnh Đồng Nai, Việt Nam",POINT (106.87297058105469 11.731027603149414),7730
Điện Máy Xanh - Điện máy Xanh Tổ 05 thôn Phú Cường,"Điện máy Xanh Tổ 05 thôn Phú Cường, Xã Phú Riềng, Tỉnh Đồng Nai, Việt Nam",POINT (106.89913177490234 11.659629821777344),2533
Điện Máy Xanh - Điện máy Xanh Thôn 4,"Điện máy Xanh Thôn 4, Xã Đa Kia, Tỉnh Đồng Nai, Việt Nam",POINT (106.8726577758789 11.885002136230469),7558
Điện Máy Xanh - Điện máy Xanh Thôn Tân Lập,"Điện máy Xanh Thôn Tân Lập, Xã Phú Nghĩa, Tỉnh Đồng Nai, Việt Nam",POINT (107.0033187866211 11.916031837463379),10736
Điện Máy Xanh - Điện máy Xanh Số nhà 40,"Điện máy Xanh Số nhà 40, Đường ĐT 760, Tổ 1, Thôn 3, Xã Phú Nghĩa, Tỉnh Đồng Nai, Việt Nam",POINT (107.07279205322266 11.918959617614746),9886
Thế Giới Di Động - Thế giới di động Số 991,"Thế giới di động Số 991, Tổ 6, Thôn Tân Lực, Xã Phú Riềng, Tỉnh Đồng Nai, Việt Nam",POINT (106.8729019165039 11.733461380004883),1134
Điện Máy Xanh - Điện máy Xanh 37 Quốc lộ 14,"Điện máy Xanh 37 Quốc lộ 14,, Số nhà 37, quốc lộ 14, tổ 2, ấp 6, Xã Nha Bích, Tỉnh Đồng Nai, Việt Nam",POINT (106.74562072753906 11.517450332641602),4795
Điện Máy Xanh - Điện máy Xanh Số 74 QL 13 Ấp 3B,"Điện máy Xanh Số 74 QL 13 Ấp 3B, Phường Minh Hưng, Tỉnh Đồng Nai, Việt Nam",POINT (106.61475372314453 11.481806755065918),4605
Điện Máy Xanh - Điện máy Xanh Số 190 quốc Lộ 13,"Điện máy Xanh Số 190 quốc Lộ 13, KP. 5, Phường Chơn Thành, Tỉnh Đồng Nai, Việt Nam",POINT (106.61564636230469 11.419032096862793),1493
Điện Máy Xanh - Điện máy Xanh Số nhà 21 Đường Quốc Lộ 14 Ấp 3,"Điện máy Xanh Số nhà 21 Đường Quốc Lộ 14 Ấp 3, Phường Chơn Thành, Tỉnh Đồng Nai, Việt Nam",POINT (106.65806579589844 11.44034194946289),10008
Thế Giới Di Động - Thế giới di động 305 Quốc Lộ 13,"Thế giới di động 305 Quốc Lộ 13, ấp 3 (cách chợ Minh Hưng 300m), Phường Minh Hưng, Tỉnh Đồng Nai, Việt Nam",POINT (106.61477661132812 11.480857849121094),2202
Thế Giới Di Động - Thế giới di động Số 38 Quốc Lộ 13,"Thế giới di động Số 38 Quốc Lộ 13, Tổ 6, Khu Phố 2, Phường Chơn Thành, Tỉnh Đồng Nai, Việt Nam",POINT (106.61530303955078 11.418124198913574),983
Điện Máy Xanh - Điện máy Xanh Khu Phố Phú Thanh,"Điện máy Xanh Khu Phố Phú Thanh, Phường Bình Phước, Tỉnh Đồng Nai, Việt Nam",POINT (106.90188598632812 11.537810325622559),10592
Điện Máy Xanh - Điện máy Xanh Số 232 đường ĐT 741,"Điện máy Xanh Số 232 đường ĐT 741, Ấp Chợ, Xã Tân Tiến, Huyện Đồng Phú, Tỉnh Bình Phước, Việt Nam",POINT (106.85730743408203 11.42540454864502),1873
Điện Máy Xanh - Điện máy Xanh Số nhà 256 - 258 Đường ĐT 741,"Điện máy Xanh Số nhà 256 - 258 Đường ĐT 741, ẤP 3, Xã Tân Lập, Huyện Đồng Phú, Tỉnh Bình Phước, Việt Nam.",POINT (106.82962799072266 11.402588844299316),10009
Thế Giới Di Động - Thế giới di động ĐT 741,"Thế giới di động ĐT 741, Xã Đồng Phú, Tỉnh Đồng Nai, Việt Nam",POINT (106.86925506591797 11.446189880371094),8352
Điện Máy Xanh - Điện máy Xanh Số 691 Phú Riềng Đỏ (Ngã 3 Nguyễn Huệ),"Điện máy Xanh Số 691 Phú Riềng Đỏ (Ngã 3 Nguyễn Huệ), Khu tái định cư phường Tân Bình, số nhà 691 đường Phú Riềng Đỏ, Tổ 1, Phường Bình Phước, Tỉnh Đồng Nai, Việt Nam",POINT (106.89373016357422 11.52155876159668),5404
Điện Máy Xanh - Điện máy Xanh Số 1729 Quốc Lộ 14 (Tân Thành),"Điện máy Xanh Số 1729 Quốc Lộ 14 (Tân Thành), Số 1729 Quốc lộ 14, Ấp 2, Phường Đồng Xoài, Tỉnh Đồng Nai, Việt Nam",POINT (106.83089447021484 11.520191192626953),5348
Điện Máy Xanh - Điện máy Xanh Số 688 Đường Quốc Lộ 14,"Điện máy Xanh Số 688 Đường Quốc Lộ 14, Phường Bình Phước, Tỉnh Đồng Nai, Việt Nam",POINT (106.881591796875 11.531949996948242),8548
Thế Giới Di Động - Thế giới di động 1082 Phú Riềng Đỏ,"Thế giới di động 1082 Phú Riềng Đỏ, Phường Bình Phước, Tỉnh Đồng Nai, Việt Nam",POINT (106.9007797241211 11.53530502319336),985
Thế Giới Di Động - Thế giới di động Khu TTTM CO.OP MART Đồng Xoài,"Thế giới di động Khu TTTM CO.OP MART Đồng Xoài, đường Phú Riềng Đỏ, Phường Bình Phước, Tỉnh Đồng Nai, Việt Nam",POINT (106.89771270751953 11.532629013061523),204
Điện Máy Xanh - Điện máy Xanh Quốc lộ 13,"Điện máy Xanh Quốc lộ 13, Ấp 2, Thị trấn Tân Khai, Huyện Hớn Quản, Tỉnh Bình Phước, Việt Nam",POINT (106.61432647705078 11.555569648742676),4578
Điện Máy Xanh - Điện máy Xanh Đường ĐT 757 Ấp Thanh Sơn,"Điện máy Xanh Đường ĐT 757 Ấp Thanh Sơn, Xã Tân Hưng, Tỉnh Đồng Nai, Việt Nam",POINT (106.72408294677734 11.738377571105957),8947
Điện Máy Xanh - Điện máy Xanh Số 132 Quốc lộ 13,"Điện máy Xanh Số 132 Quốc lộ 13, KP. Ninh Thịnh, Xã Lộc Ninh, Tỉnh Đồng Nai, Việt Nam",POINT (106.58817291259766 11.850163459777832),1575
Điện Máy Xanh - Điện máy Xanh Đường Quốc lộ 13 Tổ 1 Ấp 7,"Điện máy Xanh Đường Quốc lộ 13 Tổ 1 Ấp 7, Xã Lộc Ninh, Tỉnh Đồng Nai, Việt Nam",POINT (106.6004638671875 11.809745788574219),7708
Điện Máy Xanh - Điện máy Xanh Số 27 đường ĐT 741,"Điện máy Xanh Số 27 đường ĐT 741, KP.03, Phường Phước Bình, Tỉnh Đồng Nai, Việt Nam",POINT (106.95387268066406 11.812626838684082),1778
Điện Máy Xanh - Điện máy Xanh Số 68 đường ĐT.741,"Điện máy Xanh Số 68 đường ĐT.741, Phường Thác Mơ, Thị xã Phước Long, Tỉnh Bình Phước, Việt Nam",POINT (106.99343872070312 11.83991813659668),5160
Thế Giới Di Động - Thế giới di động Số 11,"Thế giới di động Số 11, đường 6 tháng 1, Phường Phước Long, Tỉnh Đồng Nai, Việt Nam",POINT (106.99410247802734 11.840916633605957),224
Thế Giới Di Động - Thế giới di động Đường ĐT 759,"Thế giới di động Đường ĐT 759, Khu phố 02, Phường Phước Bình, Tỉnh Đồng Nai, Việt Nam",POINT (106.95478057861328 11.814740180969238),18865
Điện Máy Xanh - Điện máy Xanh 240 Nguyễn Tất Thành,"Điện máy Xanh 240 Nguyễn Tất Thành, KP. Xuân An 2, Xã Bắc Bình, Tỉnh Lâm Đồng, Việt Nam",POINT (108.5040512084961 11.221755981445312),2240
Điện Máy Xanh - Điện máy Xanh Xã Sông Lũy,"Điện máy Xanh Xã Sông Lũy, Tỉnh Lâm Đồng, Việt Nam",POINT (108.28443145751953 11.194018363952637),12585
Điện Máy Xanh - Điện máy Xanh Thửa đất số 518F,"Điện máy Xanh Thửa đất số 518F, Tờ bản đồ số 03, Đường Quốc lộ 1A, Xã Lương Sơn, Tỉnh Lâm Đồng, Việt Nam",POINT (108.36460876464844 11.19263744354248),7648
Thế Giới Di Động - Thế giới di động 427 đường Nguyễn Tất Thành,"Thế giới di động 427 đường Nguyễn Tất Thành, khu phố Xuân An, Xã Bắc Bình, Tỉnh Lâm Đồng, Việt Nam",POINT (108.5081787109375 11.220812797546387),1169
Thế Giới Di Động - Thế giới di động Quốc lộ 1A,"Thế giới di động Quốc lộ 1A, Xã Lương Sơn, Tỉnh Lâm Đồng, Việt Nam",POINT (108.35871887207031 11.19066333770752),1599
Điện Máy Xanh - Điện máy Xanh Thửa đất số 380,"Điện máy Xanh Thửa đất số 380, Tờ bản đồ số 21, Đường ĐT 713, Tổ 10, Thôn 5, Xã Nam Thành, Tỉnh Lâm Đồng, Việt Nam",POINT (107.64111328125 11.256969451904297),7617
Điện Máy Xanh - Điện máy Xanh 194 đường Mê Pu – Đa Kai,"Điện máy Xanh 194 đường Mê Pu – Đa Kai, Xã Nam Thành, Tỉnh Lâm Đồng, Việt Nam",POINT (107.61421966552734 11.237807273864746),10062
Điện Máy Xanh - Điện máy Xanh Số 349 đường 3/2,"Điện máy Xanh Số 349 đường 3/2, Xã Hoài Đức, Tỉnh Lâm Đồng, Việt Nam",POINT (107.50579833984375 11.147693634033203),1749
Điện Máy Xanh - Điện máy Xanh 397 Cách Mạng Tháng 8,"Điện máy Xanh 397 Cách Mạng Tháng 8, Xã Đức Linh, Tỉnh Lâm Đồng, Việt Nam",POINT (107.56700897216797 11.187545776367188),2062
Điện Máy Xanh - Điện máy Xanh Thôn 1A,"Điện máy Xanh Thôn 1A, Xã Trà Tân, Tỉnh Lâm Đồng, Việt Nam",POINT (107.47441864013672 11.06273365020752),7559
Thế Giới Di Động - Thế giới di động Số 268 Đường 3/2,"Thế giới di động Số 268 Đường 3/2, Xã Hoài Đức, Tỉnh Lâm Đồng, Việt Nam",POINT (107.50701904296875 11.149741172790527),421
Điện Máy Xanh - Điện máy Xanh Khu phố 02,"Điện máy Xanh Khu phố 02, Xã Tân Minh, Tỉnh Lâm Đồng, Việt Nam",POINT (107.6334228515625 10.842108726501465),7343
Thế Giới Di Động - Thế giới di động 146-148 Hùng Vương,"Thế giới di động 146-148 Hùng Vương, KP. 02 (ngã 3 KM 46), Xã Hàm Tân, Tỉnh Lâm Đồng, Việt Nam",POINT (107.7271499633789 10.824210166931152),2875
Điện Máy Xanh - Điện máy Xanh 406 Tổ 10,"Điện máy Xanh 406 Tổ 10, Khu phố 1, Xã Hàm Thuận, Tỉnh Lâm Đồng, Việt Nam",POINT (108.12934112548828 11.066307067871094),1285
Điện Máy Xanh - Điện máy Xanh Thôn 3,"Điện máy Xanh Thôn 3, Xã Hồng Sơn, Tỉnh Lâm Đồng, Việt Nam",POINT (108.2099609375 11.12146282196045),10632
Điện Máy Xanh - Điện máy Xanh QL1A,"Điện máy Xanh QL1A, khu phố Phú Thành, Phường Hàm Thắng, Tỉnh Lâm Đồng, Việt Nam",POINT (108.1449966430664 10.97548770904541),10061
Điện Máy Xanh - Điện máy Xanh Thôn 02,"Điện máy Xanh Thôn 02, Xã Hàm Thuận, Tỉnh Lâm Đồng, Việt Nam",POINT (108.1631851196289 11.03227424621582),9243
Điện Máy Xanh - Điện máy Xanh 495 Trần Hưng Đạo,"Điện máy Xanh 495 Trần Hưng Đạo, KP. Lập Hòa, Xã Hàm Thuận Nam, Tỉnh Lâm Đồng, Việt Nam",POINT (107.86299133300781 10.8406982421875),2061
Điện Máy Xanh - Điện máy Xanh Thôn Phú Hưng,"Điện máy Xanh Thôn Phú Hưng, Xã Tuyên Quang, Tỉnh Lâm Đồng, Việt Nam",POINT (108.04192352294922 10.92795467376709),7983
Điện Máy Xanh - Điện máy Xanh Thôn Lập Phước,"Điện máy Xanh Thôn Lập Phước, Xã Tân Lập, Tỉnh Lâm Đồng, Việt Nam",POINT (107.81949615478516 10.843111991882324),10571
Điện Máy Xanh - Điện máy Xanh Thôn Minh Tiến,"Điện máy Xanh Thôn Minh Tiến, Xã Hàm Thuận Nam, Tỉnh Lâm Đồng, Việt Nam",POINT (107.92205810546875 10.865966796875),8987
Thế Giới Di Động - Thế giới di động Quốc lộ 1A,"Thế giới di động Quốc lộ 1A, khu phố Lập Hòa, Xã Hàm Thuận Nam, Tỉnh Lâm Đồng, Việt Nam",POINT (107.86257934570312 10.840662002563477),11361
Điện Máy Xanh - Điện máy Xanh Đường Quốc Lộ 1A,"Điện máy Xanh Đường Quốc Lộ 1A, Thôn Bình Lễ, Xã Bắc Bình, Tỉnh Lâm Đồng, Việt Nam",POINT (108.55073547363281 11.193948745727539),12586
Điện Máy Xanh - Điện máy Xanh Thôn Hồng Chinh,"Điện máy Xanh Thôn Hồng Chinh, Xã Hòa Thắng, Tỉnh Lâm Đồng, Việt Nam",POINT (108.38798522949219 11.043490409851074),12153
Thế Giới Di Động - Thế giới di động Số 781 Trần Hưng Đạo,"Thế giới di động Số 781 Trần Hưng Đạo, Phường Tiến Thành, Tỉnh Lâm Đồng, Việt Nam",POINT (108.08879089355469 10.919251441955566),9209
Điện Máy Xanh - Điện máy Xanh 241 Trần Hưng Đạo,"Điện máy Xanh 241 Trần Hưng Đạo, Phường Phú Thủy, Tỉnh Lâm Đồng, Việt Nam",POINT (108.10428619384766 10.933693885803223),918
Điện Máy Xanh - Điện máy Xanh 364 Trần Hưng Đạo,"Điện máy Xanh 364 Trần Hưng Đạo, Phường Phan Thiết, Tỉnh Lâm Đồng, Việt Nam",POINT (108.0978012084961 10.924138069152832),2086
Điện Máy Xanh - Điện máy Xanh 09 Nguyễn Hội,"Điện máy Xanh 09 Nguyễn Hội, Phường Phan Thiết, Tỉnh Lâm Đồng, Việt Nam",POINT (108.09715270996094 10.935159683227539),1598
Điện Máy Xanh - Điện máy Xanh Số 314 Huỳnh Thúc Kháng,"Điện máy Xanh Số 314 Huỳnh Thúc Kháng, KP. 4, Phường Mũi Né, Tỉnh Lâm Đồng, Việt Nam",POINT (108.28536987304688 10.937589645385742),1277
Thế Giới Di Động - Thế giới di động 153 Tôn Đức Thắng,"Thế giới di động 153 Tôn Đức Thắng, Phường Phú Thủy, Tỉnh Lâm Đồng, Việt Nam",POINT (108.11103057861328 10.933035850524902),1817
Thế Giới Di Động - Thế giới di động 359 Nguyễn Đình Chiểu,"Thế giới di động 359 Nguyễn Đình Chiểu, Khu phố 3, Phường Mũi Né, Tỉnh Lâm Đồng, Việt Nam",POINT (108.24634552001953 10.954316139221191),15883
Thế Giới Di Động - Thế giới di động 80 Trần Hưng Đạo,"Thế giới di động 80 Trần Hưng Đạo, Phường Phan Thiết, Tỉnh Lâm Đồng, Việt Nam",POINT (108.10354614257812 10.937283515930176),676
Điện Máy Xanh - Điện máy Xanh Số 466 Đường Trần Hưng Đạo,"Điện máy Xanh Số 466 Đường Trần Hưng Đạo, Xã Tánh Linh, Tỉnh Lâm Đồng, Việt Nam",POINT (107.68180847167969 11.081969261169434),1833
Điện Máy Xanh - Điện máy Xanh Thôn 3,"Điện máy Xanh Thôn 3, Xã Bắc Ruộng, Tỉnh Lâm Đồng, Việt Nam",POINT (107.70160675048828 11.210164070129395),7618
Điện Máy Xanh - Điện máy Xanh Xã Đồng Kho,"Điện máy Xanh Xã Đồng Kho, Tỉnh Lâm Đồng, Việt Nam",POINT (107.72433471679688 11.139166831970215),7785
Điện Máy Xanh - Điện máy Xanh Xã Tánh Linh,"Điện máy Xanh Xã Tánh Linh, Tỉnh Lâm Đồng, Việt Nam",POINT (107.62171173095703 11.15201187133789),8986
Điện Máy Xanh - Điện máy Xanh 86 Thống Nhất (Phan Rí Cửa),"Điện máy Xanh 86 Thống Nhất (Phan Rí Cửa), 86A Thống Nhất, Xã Phan Rí Cửa, Tỉnh Lâm Đồng, Việt Nam",POINT (108.56388092041016 11.177027702331543),1847
Điện Máy Xanh - Điện máy Xanh Đường Lê Duẩn,"Điện máy Xanh Đường Lê Duẩn, Xã Liên Hương, Tỉnh Lâm Đồng, Việt Nam",POINT (108.72807312011719 11.225558280944824),1579
Điện Máy Xanh - Điện máy Xanh Quốc lộ 1A,"Điện máy Xanh Quốc lộ 1A, Ngã 3, Xóm 7, Thôn Vĩnh Phúc, Xã Vĩnh Hảo, Tỉnh Lâm Đồng, Việt Nam",POINT (108.78697204589844 11.31954288482666),5168
Điện Máy Xanh - Điện máy Xanh Thôn 02,"Điện máy Xanh Thôn 02, Xã Liên Hương, Tỉnh Lâm Đồng, Việt Nam",POINT (108.74246978759766 11.233234405517578),12855
Điện Máy Xanh - Điện máy Xanh Xóm 2,"Điện máy Xanh Xóm 2, thôn Vĩnh Sơn, Xã Vĩnh Hảo, Tỉnh Lâm Đồng, Việt Nam",POINT (108.76225280761719 11.311315536499023),12154
Thế Giới Di Động - Thế giới di động Số 233 đường Thống Nhất,"Thế giới di động Số 233 đường Thống Nhất, Xã Phan Rí Cửa, Tỉnh Lâm Đồng, Việt Nam",POINT (108.5666275024414 11.172682762145996),319
Thế Giới Di Động - Thế giới di động Khu dân cư A2,"Thế giới di động Khu dân cư A2, Xã Liên Hương, Tỉnh Lâm Đồng, Việt Nam",POINT (108.72814178466797 11.22508716583252),1355
Điện Máy Xanh - Điện máy Xanh 72C Lê Lợi,"Điện máy Xanh 72C Lê Lợi, Phường La Gi, Tỉnh Lâm Đồng, Việt Nam",POINT (107.77427673339844 10.662360191345215),226
Điện Máy Xanh - Điện máy Xanh 118 Lê Thánh Tôn (Tân Hải),"Điện máy Xanh 118 Lê Thánh Tôn (Tân Hải), Số 118 Đường Lê Thánh Tôn, thôn Hiệp Hòa, Xã Tân Hải, Tỉnh Lâm Đồng, Việt Nam",POINT (107.87000274658203 10.72511100769043),2901
Điện Máy Xanh - Điện máy Xanh Số 625-627 đường Thống Nhất,"Điện máy Xanh Số 625-627 đường Thống Nhất, Phường La Gi, Tỉnh Lâm Đồng, Việt Nam",POINT (107.74993133544922 10.684136390686035),5366
Điện Máy Xanh - Điện máy Xanh Đường QL55,"Điện máy Xanh Đường QL55, Xã Hàm Tân, Tỉnh Lâm Đồng, Việt Nam",POINT (107.71247863769531 10.764803886413574),9947
Điện Máy Xanh - Điện máy Xanh Quốc lộ 1A Khu phố 2,"Điện máy Xanh Quốc lộ 1A Khu phố 2, Xã Hàm Tân, Tỉnh Lâm Đồng, Việt Nam",POINT (107.7264404296875 10.823841094970703),7834
Thế Giới Di Động - Thế giới di động 156 Thống Nhất,"Thế giới di động 156 Thống Nhất, KP. 02 (ngay ngã 3 Thống Nhất - Nguyễn Trường Tộ), Phường La Gi, Tỉnh Lâm Đồng, Việt Nam",POINT (107.76820373535156 10.663626670837402),2190
Thế Giới Di Động - Thế giới di động 178 đường Lê Thánh Tôn,"Thế giới di động 178 đường Lê Thánh Tôn, Thôn Hiệp Hòa, Xã Tân Hải, Tỉnh Lâm Đồng, Việt Nam",POINT (107.8707275390625 10.727154731750488),13953
Thế Giới Di Động - Thế giới di động 70 Lê Lợi,"Thế giới di động 70 Lê Lợi, khu phố 1, Phường Phước Hội, Tỉnh Lâm Đồng, Việt Nam",POINT (107.7742919921875 10.662888526916504),11855
Điện Máy Xanh - Điện máy Xanh Xã Sơn Mỹ,"Điện máy Xanh Xã Sơn Mỹ, Tỉnh Lâm Đồng, Việt Nam",POINT (107.6347427368164 10.611194610595703),7786
Điện Máy Xanh - Điện máy Xanh Số 42 Thôn Xuân Phong Nam,"Điện máy Xanh Số 42 Thôn Xuân Phong Nam, Xã An Hòa, Tỉnh Gia Lai, Việt Nam",POINT (108.90040588378906 14.556072235107422),7050
Điện Máy Xanh - Điện máy Xanh 151 - 153 Trần Phú,"Điện máy Xanh 151 - 153 Trần Phú, Phường Bình Định, Tỉnh Gia Lai, Việt Nam",POINT (109.1131820678711 13.8892240524292),1960
Điện Máy Xanh - Điện máy Xanh 257-261 Lê Duẩn,"Điện máy Xanh 257-261 Lê Duẩn, Phường An Nhơn, Tỉnh Gia Lai, Việt Nam",POINT (109.0907974243164 13.921527862548828),2893
Điện Máy Xanh - Điện máy Xanh Thôn Nhơn Thiện,"Điện máy Xanh Thôn Nhơn Thiện, Phường An Nhơn Bắc, Tỉnh Gia Lai, Việt Nam",POINT (109.15643310546875 13.931693077087402),9851
Điện Máy Xanh - Điện máy Xanh Khu QHDC phía Đông đường Tây tỉnh,"Điện máy Xanh Khu QHDC phía Đông đường Tây tỉnh, Phường Bình Định, Tỉnh Gia Lai, Việt Nam",POINT (109.01605987548828 13.907500267028809),9260
Điện Máy Xanh - Điện máy Xanh 184 Phạm Văn Đồng,"Điện máy Xanh 184 Phạm Văn Đồng, Phường An Nhơn Bắc, Tỉnh Gia Lai, Việt Nam",POINT (109.07524108886719 13.948840141296387),9085
Điện Máy Xanh - Điện máy Xanh Cát Tiến,"Điện máy Xanh Cát Tiến, huyện Phù Cát, tỉnh Bình Định, Xã Cát Tiến, Tỉnh Gia Lai, Việt Nam",POINT (109.23914337158203 13.93308162689209),10017
Thế Giới Di Động - Thế giới di động Số 160 Trần Phú,"Thế giới di động Số 160 Trần Phú, Phường Bình Định, Tỉnh Gia Lai, Việt Nam",POINT (109.11293029785156 13.888286590576172),341
Thế Giới Di Động - Thế giới di động 379 Lê Duẩn,"Thế giới di động 379 Lê Duẩn, Phường An Nhơn, Tỉnh Gia Lai, Việt Nam",POINT (109.09219360351562 13.919144630432129),2132
Thế Giới Di Động - Thế giới di động 71A Đường 3/2 (ngã tư 3/2 - Trần Hưng Đạo,"Thế giới di động 71A Đường 3/2 (ngã tư 3/2 - Trần Hưng Đạo, ngay chợ Phù Cát), Xã Phù Cát, Tỉnh Gia Lai, Việt Nam",POINT (109.05912780761719 13.998211860656738),2419
Điện Máy Xanh - Điện máy Xanh 116 Nguyễn Tất Thành,"Điện máy Xanh 116 Nguyễn Tất Thành, Xã Hoài Ân, Tỉnh Gia Lai, Việt Nam",POINT (108.96887969970703 14.364255905151367),2260
Điện Máy Xanh - Điện máy Xanh Thôn Tân Thạnh,"Điện máy Xanh Thôn Tân Thạnh, Xã Ân Tường, Tỉnh Gia Lai, Việt Nam",POINT (108.96389770507812 14.360457420349121),9990
Thế Giới Di Động - Thế giới di động 38 Quang Trung (ngay ngã 5 đèn đỏ Quang Trung),"Thế giới di động 38 Quang Trung (ngay ngã 5 đèn đỏ Quang Trung), Thôn Gia Chiểu 2, Xã Hoài Ân, Tỉnh Gia Lai, Việt Nam",POINT (108.9675521850586 14.3663911819458),2527
Điện Máy Xanh - Điện máy Xanh Số 373 Quang Trung,"Điện máy Xanh Số 373 Quang Trung, Phường Bồng Sơn, Tỉnh Gia Lai, Việt Nam",POINT (109.01818084716797 14.43825626373291),1842
Điện Máy Xanh - Điện máy Xanh Khối 2 (An Thái),"Điện máy Xanh Khối 2 (An Thái), Phường Tam Quan, Tỉnh Gia Lai, Việt Nam",POINT (109.04003143310547 14.540152549743652),5127
Điện Máy Xanh - Điện máy Xanh Thôn Thạnh Xuân Bắc,"Điện máy Xanh Thôn Thạnh Xuân Bắc, Phường Hoài Nhơn Đông, Tỉnh Gia Lai, Việt Nam",POINT (109.08920288085938 14.489327430725098),7969
Điện Máy Xanh - Điện máy Xanh Thôn Tân Thanh 2,"Điện máy Xanh Thôn Tân Thanh 2, Phường Hoài Nhơn Bắc, Tỉnh Gia Lai, Việt Nam",POINT (109.06655883789062 14.559839248657227),10402
Thế Giới Di Động - Thế giới di động Số 151 đường Quang Trung,"Thế giới di động Số 151 đường Quang Trung, Phường Bồng Sơn, Tỉnh Gia Lai, Việt Nam",POINT (109.01728820800781 14.432951927185059),1296
Thế Giới Di Động - Thế giới di động Số 280 QL1A,"Thế giới di động Số 280 QL1A, Phường Tam Quan, Tỉnh Gia Lai, Việt Nam",POINT (109.04527282714844 14.553461074829102),1617
Điện Máy Xanh - Điện máy Xanh Số 246 Quang Trung,"Điện máy Xanh Số 246 Quang Trung, Xã Phù Cát, Tỉnh Gia Lai, Việt Nam",POINT (109.05780029296875 13.997983932495117),168
Điện Máy Xanh - Điện máy Xanh Thôn Vĩnh Trường,"Điện máy Xanh Thôn Vĩnh Trường, Xã Hòa Hội, Tỉnh Gia Lai, Việt Nam",POINT (109.04505157470703 14.062347412109375),9310
Điện Máy Xanh - Điện máy Xanh Thôn Thắng Kiên,"Điện máy Xanh Thôn Thắng Kiên, Xã Đề Gi, Tỉnh Gia Lai, Việt Nam",POINT (109.18779754638672 14.102948188781738),10490
Điện Máy Xanh - Điện máy Xanh Thôn Phú Gia,"Điện máy Xanh Thôn Phú Gia, Xã Xuân An, Tỉnh Gia Lai, Việt Nam",POINT (109.11071014404297 13.977354049682617),10371
Điện Máy Xanh - Điện máy Xanh 460 Quang Trung,"Điện máy Xanh 460 Quang Trung, Xã Phù Mỹ, Tỉnh Gia Lai, Việt Nam",POINT (109.05168914794922 14.177289962768555),2368
Điện Máy Xanh - Điện máy Xanh Thôn Chánh Giáo,"Điện máy Xanh Thôn Chánh Giáo, Xã Phù Mỹ Đông, Tỉnh Gia Lai, Việt Nam",POINT (109.1591567993164 14.26899242401123),9871
Điện Máy Xanh - Điện máy Xanh Thôn Chánh Thiện,"Điện máy Xanh Thôn Chánh Thiện, Xã An Lương, Tỉnh Gia Lai, Việt Nam",POINT (109.12242889404297 14.158309936523438),8088
Điện Máy Xanh - Điện máy Xanh Thôn Đại Thuận,"Điện máy Xanh Thôn Đại Thuận, Xã Mỹ Hiệp, Huyện Phú Mỹ, Tỉnh Bình Định, Việt Nam",POINT (109.041748046875 14.16993236541748),9603
Điện Máy Xanh - Điện máy Xanh Thôn Chánh Trực,"Điện máy Xanh Thôn Chánh Trực, Xã Phù Mỹ Đông, Tỉnh Gia Lai, Việt Nam",POINT (109.16129302978516 14.216710090637207),8991
Thế Giới Di Động - Thế giới di động Số 205 đường Quang Trung,"Thế giới di động Số 205 đường Quang Trung, Xã Phù Mỹ, Tỉnh Gia Lai, Việt Nam",POINT (109.05133819580078 14.175328254699707),1226
Điện Máy Xanh - Điện máy Xanh Sô 320 Phan Bội Châu,"Điện máy Xanh Sô 320 Phan Bội Châu, Phường Quy Nhơn, Tỉnh Gia Lai, Việt Nam",POINT (109.2264633178711 13.777599334716797),5342
Điện Máy Xanh - Điện máy Xanh Số 769 Trần Hưng Đạo,"Điện máy Xanh Số 769 Trần Hưng Đạo, Phường Quy Nhơn, Tỉnh Gia Lai, Việt Nam",POINT (109.22102355957031 13.78186321258545),563
Điện Máy Xanh - Điện máy Xanh 1225 Trần Hưng Đạo,"Điện máy Xanh 1225 Trần Hưng Đạo, Phường Quy Nhơn, Tỉnh Gia Lai, Việt Nam",POINT (109.20638275146484 13.786333084106445),139
Điện Máy Xanh - Điện máy Xanh Phường Quy Nhơn Nam,"Điện máy Xanh Phường Quy Nhơn Nam, Tỉnh Gia Lai, Việt Nam",POINT (109.20550537109375 13.759254455566406),7314
Điện Máy Xanh - Điện máy Xanh Đường Hùng Vương,"Điện máy Xanh Đường Hùng Vương, tổ 5, khu vực 7, Phường Quy Nhơn Bắc, Tỉnh Gia Lai, Việt Nam",POINT (109.14942932128906 13.793085098266602),1789
Điện Máy Xanh - Điện máy Xanh Thôn Tùng Giản,"Điện máy Xanh Thôn Tùng Giản, Xã Tuy Phước Đông, Tỉnh Gia Lai, Việt Nam",POINT (109.20506286621094 13.904520988464355),8848
Điện Máy Xanh - Điện máy Xanh Thôn Phụng Sơn,"Điện máy Xanh Thôn Phụng Sơn, Xã Tuy Phước Đông, Tỉnh Gia Lai, Việt Nam",POINT (109.18792724609375 13.857829093933105),7934
Thế Giới Di Động - Thế giới di động 107 Ngô Mây (ngay ngã tư Ngô Mây với Nguyễn Thái Học),"Thế giới di động 107 Ngô Mây (ngay ngã tư Ngô Mây với Nguyễn Thái Học), Phường Quy Nhơn Nam, Tỉnh Gia Lai, Việt Nam",POINT (109.21607971191406 13.763867378234863),262
Thế Giới Di Động - Thế giới di động 108 Lạc Long Quân,"Thế giới di động 108 Lạc Long Quân, Phường Quy Nhơn Bắc, Tỉnh Gia Lai, Việt Nam",POINT (109.14749908447266 13.795031547546387),832
Thế Giới Di Động - Thế giới di động 12-14 Lý Thường Kiệt (cách tượng đài Quang Trung 50m),"Thế giới di động 12-14 Lý Thường Kiệt (cách tượng đài Quang Trung 50m), Phường Quy Nhơn, Tỉnh Gia Lai, Việt Nam",POINT (109.2248306274414 13.776140213012695),2301
Thế Giới Di Động - Thế giới di động Số 120 đường Lê Lợi,"Thế giới di động Số 120 đường Lê Lợi, Phường Quy Nhơn, Tỉnh Gia Lai, Việt Nam",POINT (109.23217010498047 13.774618148803711),1387
Thế Giới Di Động - Thế giới di động 564-566 Trần Hưng Đạo,"Thế giới di động 564-566 Trần Hưng Đạo, Phường Quy Nhơn, Tỉnh Gia Lai, Việt Nam",POINT (109.221435546875 13.781631469726562),735
Điện Máy Xanh - Điện máy Xanh Số 275 Quang Trung,"Điện máy Xanh Số 275 Quang Trung, Xã Tây Sơn, Tỉnh Gia Lai, Việt Nam",POINT (108.9208984375 13.90644359588623),1212
Điện Máy Xanh - Điện máy Xanh Thôn Vân Tường,"Điện máy Xanh Thôn Vân Tường, Xã Bình An, Tỉnh Gia Lai, Việt Nam",POINT (108.99160766601562 13.933907508850098),9900
Điện Máy Xanh - Điện máy Xanh Thôn Thượng Giang,"Điện máy Xanh Thôn Thượng Giang, Xã Bình Khê, Tỉnh Gia Lai, Việt Nam",POINT (108.82492065429688 13.961649894714355),7972
Thế Giới Di Động - Thế giới di động Khối 5,"Thế giới di động Khối 5, Xã Tây Sơn, Tỉnh Gia Lai, Việt Nam",POINT (108.92206573486328 13.906023025512695),10957
Điện Máy Xanh - Điện máy Xanh Thôn Trung Tín 2,"Điện máy Xanh Thôn Trung Tín 2, Xã Tuy Phước, Tỉnh Gia Lai, Việt Nam",POINT (109.16558837890625 13.827817916870117),6375
Thế Giới Di Động - Thế giới di động 351 Nguyễn Huệ,"Thế giới di động 351 Nguyễn Huệ, Xã Tuy Phước, Tỉnh Gia Lai, Việt Nam",POINT (109.16808319091797 13.825261116027832),2237
Điện Máy Xanh - Điện máy Xanh Làng Hiệp Hội,"Điện máy Xanh Làng Hiệp Hội, Xã Vân Canh, Tỉnh Gia Lai, Việt Nam",POINT (108.9962387084961 13.631725311279297),8148
Điện Máy Xanh - Điện máy Xanh Đường 673,"Điện máy Xanh Đường 673, khu phố Định Tố, Xã Vĩnh Thạnh, Tỉnh Gia Lai, Việt Nam",POINT (108.78395080566406 14.1010103225708),4606
Điện Máy Xanh - Điện máy Xanh Số 37 Trần Huỳnh,"Điện máy Xanh Số 37 Trần Huỳnh, Phường Bạc Liêu, Tỉnh Cà Mau, Việt Nam",POINT (105.71701049804688 9.292703628540039),359
Điện Máy Xanh - Điện máy Xanh Số F23 TTTM Bạc Liêu,"Điện máy Xanh Số F23 TTTM Bạc Liêu, đường Võ Thị Sáu, khóm 01, Phường Bạc Liêu, Tỉnh Cà Mau, Việt Nam",POINT (105.72103118896484 9.285796165466309),1455
Điện Máy Xanh - Điện máy Xanh Số 25 Đường 19 tháng 5,"Điện máy Xanh Số 25 Đường 19 tháng 5, Ấp 4, Xã Gành Hào, Tỉnh Cà Mau, Việt Nam",POINT (105.42660522460938 9.034114837646484),5145
Điện Máy Xanh - Điện máy Xanh 1218 Cao Văn Lầu,"Điện máy Xanh 1218 Cao Văn Lầu, Phường Hiệp Thành, Tỉnh Cà Mau, Việt Nam",POINT (105.73511505126953 9.230040550231934),10238
Điện Máy Xanh - Điện máy Xanh Ấp Cái Dầy,"Điện máy Xanh Ấp Cái Dầy, Xã Vĩnh Lợi, Tỉnh Cà Mau, Việt Nam",POINT (105.71564483642578 9.341733932495117),8855
Thế Giới Di Động - Thế giới di động Số 378,"Thế giới di động Số 378, đường Trần Phú, khóm 5, Phường Bạc Liêu, Tỉnh Cà Mau, Việt Nam",POINT (105.721435546875 9.298866271972656),7020
Thế Giới Di Động - Thế giới di động C1B,"Thế giới di động C1B, đường Trần Phú, Phường Bạc Liêu, Tỉnh Cà Mau, Việt Nam",POINT (105.72209930419922 9.287566184997559),684
Điện Máy Xanh - Điện máy Xanh Ấp Khúc Tréo A,"Điện máy Xanh Ấp Khúc Tréo A, Xã Phong Thạnh, Tỉnh Cà Mau, Việt Nam",POINT (105.3293685913086 9.195829391479492),7676
Điện Máy Xanh - Điện máy Xanh Ấp Lung Chim,"Điện máy Xanh Ấp Lung Chim, Xã Định Thành, Tỉnh Cà Mau, Việt Nam",POINT (105.2842025756836 9.133278846740723),11983
Thế Giới Di Động - Thế giới di động Số 78,"Thế giới di động Số 78, ấp 3 (ngã 4 chợ Gành Hào), Xã Gành Hào, Tỉnh Cà Mau, Việt Nam",POINT (105.41944122314453 9.026862144470215),1966
Điện Máy Xanh - Điện máy Xanh Ấp Diêm Điền,"Điện máy Xanh Ấp Diêm Điền, Xã Long Điền, Tỉnh Cà Mau, Việt Nam",POINT (105.49082946777344 9.133302688598633),7981
Điện Máy Xanh - Điện máy Xanh Ấp Cây Giang A,"Điện máy Xanh Ấp Cây Giang A, Xã Long Điền, Tỉnh Cà Mau, Việt Nam",POINT (105.48664093017578 9.213749885559082),8338
Điện Máy Xanh - Điện máy Xanh Thửa số 102 Quốc Lộ 1A,"Điện máy Xanh Thửa số 102 Quốc Lộ 1A, khóm 2, Phường Giá Rai, Tỉnh Cà Mau, Việt Nam",POINT (105.41253662109375 9.226081848144531),1954
Điện Máy Xanh - Điện máy Xanh Số 273 đường Quốc Lộ 1A,"Điện máy Xanh Số 273 đường Quốc Lộ 1A, Khóm 2, Phường Láng Tròn, Thị xã Giá Rai, Tỉnh Bạc Liêu, Việt Nam",POINT (105.51378631591797 9.25177001953125),2778
Điện Máy Xanh - Điện máy Xanh Số 298 đường Quốc Lộ 1A,"Điện máy Xanh Số 298 đường Quốc Lộ 1A, Khóm 2, Phường 1, Thị Xã Gía Rai, Tình Bạc Liêu, Việt Nam",POINT (105.44728088378906 9.23612117767334),10528
Thế Giới Di Động - Thế giới di động Số 472 khóm 2,"Thế giới di động Số 472 khóm 2, Phường Giá Rai, Tỉnh Cà Mau, Việt Nam",POINT (105.45877075195312 9.238731384277344),126
Thế Giới Di Động - Thế giới di động 148B Quốc lộ 1A,"Thế giới di động 148B Quốc lộ 1A, ấp 2, Phường Giá Rai, Tỉnh Cà Mau, Việt Nam",POINT (105.4134521484375 9.226127624511719),976
Điện Máy Xanh - Điện máy Xanh Quốc Lộ 1A,"Điện máy Xanh Quốc Lộ 1A, ấp thị trấn B, Xã Hòa Bình, Tỉnh Cà Mau, Việt Nam",POINT (105.62367248535156 9.2810640335083),1553
Điện Máy Xanh - Điện máy Xanh Ấp 18,"Điện máy Xanh Ấp 18, Xã Vĩnh Mỹ, Tỉnh Cà Mau, Việt Nam",POINT (105.55036163330078 9.320524215698242),10496
Điện Máy Xanh - Điện máy Xanh Ấp 15,"Điện máy Xanh Ấp 15, Xã Vĩnh Mỹ, Tỉnh Cà Mau, Việt Nam",POINT (105.58848571777344 9.27036190032959),10099
Điện Máy Xanh - Điện máy Xanh ấp Vĩnh Lạc,"Điện máy Xanh ấp Vĩnh Lạc, Xã Vĩnh Thịnh, Huyện Hòa Bình, Tỉnh Bạc Liêu, Việt Nam",POINT (105.57485961914062 9.163131713867188),8820
Điện Máy Xanh - Điện máy Xanh Ấp Kinh Xáng,"Điện máy Xanh Ấp Kinh Xáng, Xã Hồng Dân, Tỉnh Cà Mau, Việt Nam",POINT (105.44835662841797 9.557173728942871),4915
Điện Máy Xanh - Điện máy Xanh Ấp Cầu Đỏ,"Điện máy Xanh Ấp Cầu Đỏ, Xã Vĩnh Lộc, Tỉnh Cà Mau, Việt Nam",POINT (105.35742950439453 9.591493606567383),8160
Điện Máy Xanh - Điện máy Xanh Ấp Ninh Thạnh,"Điện máy Xanh Ấp Ninh Thạnh, Xã Ninh Quới, Tỉnh Cà Mau, Việt Nam",POINT (105.51146697998047 9.48419189453125),10748
Thế Giới Di Động - Thế giới di động Ấp Nội Ô,"Thế giới di động Ấp Nội Ô, Xã Hồng Dân, Tỉnh Cà Mau, Việt Nam",POINT (105.44783782958984 9.564059257507324),1088
Điện Máy Xanh - Điện máy Xanh Ấp Long Thành,"Điện máy Xanh Ấp Long Thành, Xã Phước Long, Tỉnh Cà Mau, Việt Nam",POINT (105.46234130859375 9.435172080993652),13071
Điện Máy Xanh - Điện máy Xanh Đường tỉnh DT980B,"Điện máy Xanh Đường tỉnh DT980B, Ấp Phước Thành, Xã Vĩnh Phước, Tỉnh Cà Mau, Việt Nam",POINT (105.39217376708984 9.374077796936035),5437
Điện Máy Xanh - Điện máy Xanh Ấp Vĩnh Hòa,"Điện máy Xanh Ấp Vĩnh Hòa, Xã Vĩnh Thanh, Tỉnh Cà Mau, Việt Nam",POINT (105.52045440673828 9.358530044555664),7654
Điện Máy Xanh - Điện máy Xanh Ấp 2B,"Điện máy Xanh Ấp 2B, Xã Phong Hiệp, Tỉnh Cà Mau, Việt Nam",POINT (105.35523223876953 9.33796501159668),10568
Điện Máy Xanh - Điện máy Xanh Ấp 2A,"Điện máy Xanh Ấp 2A, Xã Phong Hiệp, Tỉnh Cà Mau, Việt Nam",POINT (105.31970977783203 9.304348945617676),9212
Điện Máy Xanh - Điện máy Xanh Số 383 Ấp Tam Hưng,"Điện máy Xanh Số 383 Ấp Tam Hưng, Xã Châu Thới, Tỉnh Cà Mau, Việt Nam",POINT (105.59893798828125 9.39033317565918),3008
Thế Giới Di Động - Thế giới di động Số 03,"Thế giới di động Số 03, quốc lộ 1A, Xã Hòa Bình, Tỉnh Cà Mau, Việt Nam",POINT (105.62593078613281 9.279626846313477),568
Điện Máy Xanh - Điện máy Xanh Số 45 Hùng Vương tổ 2,"Điện máy Xanh Số 45 Hùng Vương tổ 2, Phường Bắc Giang, Tỉnh Bắc Ninh, Việt Nam",POINT (106.19859313964844 21.280662536621094),2029
Điện Máy Xanh - Điện máy Xanh Tiểu khu 4,"Điện máy Xanh Tiểu khu 4, Phường Yên Dũng, Tỉnh Bắc Ninh, Việt Nam",POINT (106.24942016601562 21.200801849365234),53
Thế Giới Di Động - Thế giới di động Số nhà 01,"Thế giới di động Số nhà 01, đường Nguyễn Văn Cừ, Phường Bắc Giang, Tỉnh Bắc Ninh, Việt Nam",POINT (106.19368743896484 21.279247283935547),9825
Thế Giới Di Động - Thế giới di động Số 1-3 đường Hùng Vương,"Thế giới di động Số 1-3 đường Hùng Vương, tổ dân phố 2, Phường Bắc Giang, Tỉnh Bắc Ninh, Việt Nam",POINT (106.19783782958984 21.281967163085938),332
Thế Giới Di Động - Thế giới di động 792 Lê Lợi (ngã tư Lê Lợi - Minh Khai,"Thế giới di động 792 Lê Lợi (ngã tư Lê Lợi - Minh Khai, đối diện Honda Việt Nhật), Phường Bắc Giang, Tỉnh Bắc Ninh, Việt Nam",POINT (106.21177673339844 21.277944564819336),2030
Điện Máy Xanh - Điện máy Xanh Thôn Đoài,"Điện máy Xanh Thôn Đoài, Xã Xuân Cẩm, Tỉnh Bắc Ninh, Việt Nam",POINT (105.95663452148438 21.292112350463867),8150
Điện Máy Xanh - Điện máy Xanh Khu dân cư mới TT. Bố Hạ,"Điện máy Xanh Khu dân cư mới TT. Bố Hạ, phố Hòa Bình, Xã Bố Hạ, Tỉnh Bắc Ninh, Việt Nam",POINT (106.19129943847656 21.446916580200195),2541
Điện Máy Xanh - Điện máy Xanh Thôn Sậm,"Điện máy Xanh Thôn Sậm, Xã Kép, Tỉnh Bắc Ninh, Việt Nam",POINT (106.2789535522461 21.40928077697754),1125
Điện Máy Xanh - Điện máy Xanh Số 83 đường Cần Trạm,"Điện máy Xanh Số 83 đường Cần Trạm, Xã Lạng Giang, Tỉnh Bắc Ninh, Việt Nam",POINT (106.2601089477539 21.35444450378418),1264
Thế Giới Di Động - Thế giới di động Phố Thanh Xuân,"Thế giới di động Phố Thanh Xuân, Xã Lục Nam, Tỉnh Bắc Ninh, Việt Nam",POINT (106.38336944580078 21.301393508911133),541
Điện Máy Xanh - Điện máy Xanh QL 31,"Điện máy Xanh QL 31, Khu Trường Chinh, Phường Chũ, Tỉnh Bắc Ninh, Việt Nam",POINT (106.56838989257812 21.374074935913086),1771
Điện Máy Xanh - Điện máy Xanh Thôn Kim 1,"Điện máy Xanh Thôn Kim 1, Phường Phượng Sơn, Tỉnh Bắc Ninh, Việt Nam",POINT (106.49393463134766 21.344085693359375),4717
Điện Máy Xanh - Điện máy Xanh Thôn Phố Biển,"Điện máy Xanh Thôn Phố Biển, Xã Lục Ngạn, Tỉnh Bắc Ninh, Việt Nam",POINT (106.7525863647461 21.38850975036621),8305
Thế Giới Di Động - Thế giới di động Khu Lê Lợi,"Thế giới di động Khu Lê Lợi, Phường Chũ, Tỉnh Bắc Ninh, Việt Nam",POINT (106.56684875488281 21.37242889404297),441
Điện Máy Xanh - Điện máy Xanh Khu 3,"Điện máy Xanh Khu 3, Xã Sơn Động, Tỉnh Bắc Ninh, Việt Nam",POINT (106.84964752197266 21.3350772857666),2246
Thế Giới Di Động - Thế giới di động Thôn Thượng,"Thế giới di động Thôn Thượng, Xã Sơn Động, Tỉnh Bắc Ninh, Việt Nam",POINT (106.8461685180664 21.3336238861084),1651
Điện Máy Xanh - Điện máy Xanh Lô D3,"Điện máy Xanh Lô D3, Đường Hoàng Hoa Thám, Xã Tân Yên, Tỉnh Bắc Ninh, Việt Nam",POINT (106.12715148925781 21.386070251464844),375
Thế Giới Di Động - Thế giới di động Phố Tân Hoà,"Thế giới di động Phố Tân Hoà, Xã Nhã Nam, Tỉnh Bắc Ninh, Việt Nam",POINT (106.09789276123047 21.442983627319336),2233
Điện Máy Xanh - Điện máy Xanh Số 01 Hùng Vương,"Điện máy Xanh Số 01 Hùng Vương, Phường Bắc Giang, Tỉnh Bắc Ninh, Việt Nam",POINT (106.20523071289062 21.26885414123535),3941
Điện Máy Xanh - Điện máy Xanh Số 239 Quốc lộ 37,"Điện máy Xanh Số 239 Quốc lộ 37, Xã Hiệp Hòa, Tỉnh Bắc Ninh, Việt Nam",POINT (105.98281860351562 21.35835838317871),1923
Thế Giới Di Động - Thế giới di động Khu 2 (Đối diện ngân hàng Agribank),"Thế giới di động Khu 2 (Đối diện ngân hàng Agribank), Xã Hiệp Hòa, Tỉnh Bắc Ninh, Việt Nam",POINT (105.9785385131836 21.35614585876465),9575
Thế Giới Di Động - Thế giới di động Khu 5,"Thế giới di động Khu 5, Xã Hiệp Hòa, Tỉnh Bắc Ninh, Việt Nam",POINT (105.98310852050781 21.35723114013672),438
Điện Máy Xanh - Điện máy Xanh Số 222 Đường Thân Công Tài,"Điện máy Xanh Số 222 Đường Thân Công Tài, Thị Trấn Nếnh, Huyện Việt Yên, Tỉnh Bắc Giang, Việt Nam",POINT (106.10093688964844 21.240495681762695),1145
Điện Máy Xanh - Điện máy Xanh Số 324 Thân Nhân Trung,"Điện máy Xanh Số 324 Thân Nhân Trung, Phường Việt Yên, Tỉnh Bắc Ninh, Việt Nam",POINT (106.10147857666016 21.272180557250977),3644
Thế Giới Di Động - Thế giới di động 492-494 Thân Nhân Trung,"Thế giới di động 492-494 Thân Nhân Trung, Tổ dân phố 2, Phường Việt Yên, Tỉnh Bắc Ninh, Việt Nam",POINT (106.09860229492188 21.274917602539062),9040
Thế Giới Di Động - Thế giới di động Thôn My Điền,"Thế giới di động Thôn My Điền, Phường Nếnh, Tỉnh Bắc Ninh, Việt Nam",POINT (106.13709259033203 21.25135040283203),12823
Thế Giới Di Động - Thế giới di động Thôn Núi Hiểu,"Thế giới di động Thôn Núi Hiểu, Phường Nếnh, Tỉnh Bắc Ninh, Việt Nam",POINT (106.10725402832031 21.224750518798828),8589
Thế Giới Di Động - Thế giới di động Thửa đất số 19-20 Thôn Đạo,"Thế giới di động Thửa đất số 19-20 Thôn Đạo, Phường Tân An, Tỉnh Bắc Ninh, Việt Nam",POINT (106.2732162475586 21.261798858642578),1144
Điện Máy Xanh - Điện máy Xanh Đường Giáp Văn Cương,"Điện máy Xanh Đường Giáp Văn Cương, Phố Thanh Xuân, Xã Lục Nam, Tỉnh Bắc Ninh, Việt Nam",POINT (106.38103485107422 21.301464080810547),2045
Điện Máy Xanh - Điện máy Xanh Xã Yên Thế,"Điện máy Xanh Xã Yên Thế, Tỉnh Bắc Ninh, Việt Nam",POINT (106.12692260742188 21.477357864379883),1076
Thế Giới Di Động - Thế giới di động 10-12 đường Võ Nguyên Giáp,"Thế giới di động 10-12 đường Võ Nguyên Giáp, Tổ 1, Phường Bắc Kạn, Tỉnh Thái Nguyên, Việt Nam",POINT (105.83843231201172 22.15249252319336),850
Thế Giới Di Động - Thế giới di động Số 45-47 đường Hùng Vương,"Thế giới di động Số 45-47 đường Hùng Vương, tổ 4, Phường Bắc Kạn, Tỉnh Thái Nguyên, Việt Nam",POINT (105.83299255371094 22.14964485168457),1424
Điện Máy Xanh - Điện máy Xanh Phố Ngã Ba,"Điện máy Xanh Phố Ngã Ba, Xã Phủ Thông, Tỉnh Thái Nguyên, Việt Nam",POINT (105.87980651855469 22.27227210998535),1357
Điện Máy Xanh - Điện máy Xanh TT. Chợ Rã,"Điện máy Xanh TT. Chợ Rã, H. Ba Bể, Bắc Kạn ( Ngã Ba Trục Đấu - ngay Chợ Chính), Xã Chợ Rã, Tỉnh Thái Nguyên, Việt Nam",POINT (105.73925018310547 22.457361221313477),1704
Điện Máy Xanh - Điện máy Xanh Tổ 2A,"Điện máy Xanh Tổ 2A, Xã Chợ Đồn, Tỉnh Thái Nguyên, Việt Nam",POINT (105.59571075439453 22.157602310180664),1346
Điện Máy Xanh - Điện máy Xanh Tổ 1,"Điện máy Xanh Tổ 1, Xã Chợ Mới, Tỉnh Thái Nguyên, Việt Nam",POINT (105.78246307373047 21.88599967956543),1390
Điện Máy Xanh - Điện máy Xanh Tổ nhân dân Pò Đon,"Điện máy Xanh Tổ nhân dân Pò Đon, Xã Na Rì, Tỉnh Thái Nguyên, Việt Nam",POINT (106.18163299560547 22.234697341918945),1345
Điện Máy Xanh - Điện máy Xanh Tổ 8B,"Điện máy Xanh Tổ 8B, Phường Đức Xuân, Tỉnh Thái Nguyên, Việt Nam",POINT (105.83460998535156 22.144283294677734),199
Thế Giới Di Động - Thế giới di động Số 17,"Thế giới di động Số 17, phố Trần Phú, Phường Từ Sơn, Tỉnh Bắc Ninh, Việt Nam",POINT (105.96369934082031 21.119815826416016),550
Điện Máy Xanh - Điện máy Xanh Số 21 Nguyễn Văn Cừ,"Điện máy Xanh Số 21 Nguyễn Văn Cừ, Phường Kinh Bắc, Tỉnh Bắc Ninh, Việt Nam",POINT (106.05766296386719 21.176849365234375),1509
Điện Máy Xanh - Điện máy Xanh Số 33 Lý Thái Tổ,"Điện máy Xanh Số 33 Lý Thái Tổ, Phường Kinh Bắc, Tỉnh Bắc Ninh, Việt Nam",POINT (106.06500244140625 21.173927307128906),3937
Điện Máy Xanh - Điện máy Xanh Phường Quế Võ,"Điện máy Xanh Phường Quế Võ, Tỉnh Bắc Ninh, Việt Nam",POINT (106.1582260131836 21.152481079101562),8217
Thế Giới Di Động - Thế giới di động Số 320 Đường Trần Hưng Đạo,"Thế giới di động Số 320 Đường Trần Hưng Đạo, Phường Võ Cường, Tỉnh Bắc Ninh, Việt Nam",POINT (106.07362365722656 21.17690086364746),445
Thế Giới Di Động - Thế giới di động Số 18 Đường Sơn Đông,"Thế giới di động Số 18 Đường Sơn Đông, Khu Sơn Đông, Phường Nam Sơn, Tỉnh Bắc Ninh, Việt Nam",POINT (106.11446380615234 21.149030685424805),8747
Thế Giới Di Động - Thế giới di động 345 Đường Ngô Gia Tự,"Thế giới di động 345 Đường Ngô Gia Tự, Phường Kinh Bắc, Tỉnh Bắc Ninh, Việt Nam",POINT (106.06782531738281 21.18480682373047),10641
Thế Giới Di Động - Thế giới di động 774 Nguyễn Du,"Thế giới di động 774 Nguyễn Du, Phường Kinh Bắc, Tỉnh Bắc Ninh, Việt Nam",POINT (106.05900573730469 21.178409576416016),728
Thế Giới Di Động - Thế giới di động Thôn Giang Liễu (Đối diện cổng làng Giang Liễu),"Thế giới di động Thôn Giang Liễu (Đối diện cổng làng Giang Liễu), Phường Phương Liễu, Tỉnh Bắc Ninh, Việt Nam",POINT (106.12610626220703 21.157045364379883),5492
Điện Máy Xanh - Điện máy Xanh Xã Gia Bình,"Điện máy Xanh Xã Gia Bình, Tỉnh Bắc Ninh, Việt Nam",POINT (106.16770935058594 21.05284881591797),4328
Thế Giới Di Động - Thế giới di động 127-129 Nguyễn Văn Cừ,"Thế giới di động 127-129 Nguyễn Văn Cừ, Xã Gia Bình, Tỉnh Bắc Ninh, Việt Nam",POINT (106.17516326904297 21.05279541015625),200
Điện Máy Xanh - Điện máy Xanh Đường 280 Thị Trấn Thứa,"Điện máy Xanh Đường 280 Thị Trấn Thứa, Xã Lương Tài, Tỉnh Bắc Ninh, Việt Nam",POINT (106.20059967041016 21.018394470214844),122
Điện Máy Xanh - Điện máy Xanh Thôn Mao Dộc,"Điện máy Xanh Thôn Mao Dộc, Phường Phương Liễu, Tỉnh Bắc Ninh, Việt Nam",POINT (106.14205169677734 21.154699325561523),4697
Điện Máy Xanh - Điện máy Xanh Thôn Thành Dền,"Điện máy Xanh Thôn Thành Dền, Phường Đào Viên, Tỉnh Bắc Ninh, Việt Nam",POINT (106.20169067382812 21.128759384155273),10315
Thế Giới Di Động - Thế giới di động Thôn Mao Trung,"Thế giới di động Thôn Mao Trung, Phường Phương Liễu, Tỉnh Bắc Ninh, Việt Nam",POINT (106.14578247070312 21.154380798339844),354
Điện Máy Xanh - Điện máy Xanh Ngã Tư Đông Côi,"Điện máy Xanh Ngã Tư Đông Côi, Phường Thuận Thành, Tỉnh Bắc Ninh, Việt Nam",POINT (106.09522247314453 21.038694381713867),1806
Điện Máy Xanh - Điện máy Xanh Thôn Tư Thế,"Điện máy Xanh Thôn Tư Thế, Phường Trí Quả, Tỉnh Bắc Ninh, Việt Nam",POINT (106.03898620605469 21.03500747680664),94
Thế Giới Di Động - Thế giới di động Khu nhà ở Dabaco,"Thế giới di động Khu nhà ở Dabaco, Đường Âu Cơ, Phường Thuận Thành, Tỉnh Bắc Ninh, Việt Nam",POINT (106.08728790283203 21.053836822509766),637
Điện Máy Xanh - Điện máy Xanh 136 Hai Bà Trưng,"Điện máy Xanh 136 Hai Bà Trưng, Xã Tiên Du, Tỉnh Bắc Ninh, Việt Nam",POINT (106.02307891845703 21.145917892456055),2825
Điện Máy Xanh - Điện máy Xanh Khu công nghiệp Đại Đồng - Hoàn Sơn,"Điện máy Xanh Khu công nghiệp Đại Đồng - Hoàn Sơn, Xã Đại Đồng, Tỉnh Bắc Ninh, Việt Nam",POINT (105.9896011352539 21.109249114990234),4784
Điện Máy Xanh - Điện máy Xanh Chợ Sơn,"Điện máy Xanh Chợ Sơn, Xã Liên Bão, Tỉnh Bắc Ninh, Việt Nam",POINT (106.03701782226562 21.111679077148438),8551
Thế Giới Di Động - Thế giới di động Thôn Đại Thượng,"Thế giới di động Thôn Đại Thượng, Xã Đại Đồng, Tỉnh Bắc Ninh, Việt Nam",POINT (105.9863510131836 21.089536666870117),10844
Điện Máy Xanh - Điện máy Xanh Số 25 Lý Thái Tổ,"Điện máy Xanh Số 25 Lý Thái Tổ, Phường Từ Sơn, Tỉnh Bắc Ninh, Việt Nam",POINT (105.95928192138672 21.110553741455078),3936
Điện Máy Xanh - Điện máy Xanh 268 Trần Phú,"Điện máy Xanh 268 Trần Phú, Phường Từ Sơn, Tỉnh Bắc Ninh, Việt Nam",POINT (105.9510269165039 21.113388061523438),201
Điện Máy Xanh - Điện máy Xanh Khu nhà ở Phù Khê,"Điện máy Xanh Khu nhà ở Phù Khê, Đường Nguyễn Văn Cừ, Phường Phù Khê, Tỉnh Bắc Ninh, Việt Nam",POINT (105.93672943115234 21.139232635498047),4638
Điện Máy Xanh - Điện máy Xanh Phố Chờ,"Điện máy Xanh Phố Chờ, Xã Yên Phong, Tỉnh Bắc Ninh, Việt Nam",POINT (105.95650482177734 21.19390869140625),4785
Thế Giới Di Động - Thế giới di động 38 Xuân Thụ,"Thế giới di động 38 Xuân Thụ, Phường Từ Sơn, Tỉnh Bắc Ninh, Việt Nam",POINT (105.9686508178711 21.122995376586914),746
Thế Giới Di Động - Thế giới di động Phố Chờ,"Thế giới di động Phố Chờ, Xã Yên Phong, Tỉnh Bắc Ninh, Việt Nam",POINT (105.95568084716797 21.19394302368164),512
Điện Máy Xanh - Điện máy Xanh Thôn Giữa,"Điện máy Xanh Thôn Giữa, Xã Tam Đa, Tỉnh Bắc Ninh, Việt Nam",POINT (106.00578308105469 21.189071655273438),2016
Điện Máy Xanh - Điện máy Xanh Thôn An Ninh,"Điện máy Xanh Thôn An Ninh, Xã Văn Môn, Tỉnh Bắc Ninh, Việt Nam",POINT (105.9534912109375 21.1983699798584),10391
Thế Giới Di Động - Thế giới di động Thôn Đông Yên,"Thế giới di động Thôn Đông Yên, Xã Tam Đa, Tỉnh Bắc Ninh, Việt Nam",POINT (106.00614929199219 21.1892032623291),1236
Điện Máy Xanh - Điện máy Xanh Số 360-362 Lý Thường Kiệt,"Điện máy Xanh Số 360-362 Lý Thường Kiệt, Phường Vũ Ninh, Tỉnh Bắc Ninh, Việt Nam",POINT (106.08657836914062 21.19634437561035),1460
Điện Máy Xanh - Điện máy Xanh Thôn Cầu Đào,"Điện máy Xanh Thôn Cầu Đào, Xã Nhân Thắng, Tỉnh Bắc Ninh, Việt Nam",POINT (106.22834777832031 21.06266975402832),8173
Điện Máy Xanh - Điện máy Xanh Số 21A1 Trần Hưng Đạo,"Điện máy Xanh Số 21A1 Trần Hưng Đạo, khu phố 2, Xã Ba Tri, Tỉnh Vĩnh Long, Việt Nam",POINT (106.58731079101562 10.045524597167969),1348
Điện Máy Xanh - Điện máy Xanh Ấp An Định 2,"Điện máy Xanh Ấp An Định 2, Xã An Ngãi Trung, Tỉnh Vĩnh Long, Việt Nam",POINT (106.5395278930664 10.071061134338379),2469
Điện Máy Xanh - Điện máy Xanh Đường 885 Ấp Tân Bình,"Điện máy Xanh Đường 885 Ấp Tân Bình, Xã Tân Thủy, Tỉnh Vĩnh Long, Việt Nam",POINT (106.620849609375 10.008794784545898),3062
Điện Máy Xanh - Điện máy Xanh Ấp Bến Bàu,"Điện máy Xanh Ấp Bến Bàu, Xã Mỹ Chánh Hòa, Tỉnh Vĩnh Long, Việt Nam",POINT (106.58283233642578 10.116107940673828),10471
Điện Máy Xanh - Điện máy Xanh Ấp Tân Thanh 2,"Điện máy Xanh Ấp Tân Thanh 2, Xã Tân Xuân, Tỉnh Vĩnh Long, Việt Nam",POINT (106.62897491455078 10.119305610656738),7249
Điện Máy Xanh - Điện máy Xanh Ấp Phú Thạnh,"Điện máy Xanh Ấp Phú Thạnh, Xã Tân Xuân, Tỉnh Vĩnh Long, Việt Nam",POINT (106.6187744140625 10.065164566040039),7562
Thế Giới Di Động - Thế giới di động Khu phố 2,"Thế giới di động Khu phố 2, Xã Ba Tri, Tỉnh Vĩnh Long, Việt Nam",POINT (106.58786010742188 10.045597076416016),9390
Điện Máy Xanh - Điện máy Xanh 549B Đồng Khởi,"Điện máy Xanh 549B Đồng Khởi, Phường Phú Khương, Tỉnh Vĩnh Long, Việt Nam",POINT (106.37181854248047 10.252524375915527),627
Điện Máy Xanh - Điện máy Xanh Phường An Hội,"Điện máy Xanh Phường An Hội, Tỉnh Vĩnh Long, Việt Nam",POINT (106.3642578125 10.223420143127441),5499
Điện Máy Xanh - Điện máy Xanh Số 105A3 Võ Nguyên Giáp,"Điện máy Xanh Số 105A3 Võ Nguyên Giáp, KP. Bình Khởi, Phường Sơn Đông, Tỉnh Vĩnh Long, Việt Nam",POINT (106.35546875 10.248888969421387),2342
Điện Máy Xanh - Điện máy Xanh Ấp Chợ Xếp,"Điện máy Xanh Ấp Chợ Xếp, Xã Tân Thành Bình, Tỉnh Vĩnh Long, Việt Nam",POINT (106.32852935791016 10.202587127685547),8983
Điện Máy Xanh - Điện máy Xanh Ấp Đồng Nhơn,"Điện máy Xanh Ấp Đồng Nhơn, Xã Châu Hòa, Tỉnh Vĩnh Long, Việt Nam",POINT (106.48029327392578 10.198638916015625),7826
Điện Máy Xanh - Điện máy Xanh Số 325 Đường DT 887 Ấp 7,"Điện máy Xanh Số 325 Đường DT 887 Ấp 7, Xã Phước Long, Tỉnh Vĩnh Long, Việt Nam",POINT (106.41055297851562 10.167501449584961),10544
Thế Giới Di Động - Thế giới di động 112B đường Đồng Khởi,"Thế giới di động 112B đường Đồng Khởi, khu phố 5, Phường Phú Khương, Tỉnh Vĩnh Long, Việt Nam",POINT (106.37358093261719 10.24888801574707),644
Thế Giới Di Động - Thế giới di động 174A,"Thế giới di động 174A, đường Đoàn Hoàng Minh, Phường An Hội, Tỉnh Vĩnh Long, Việt Nam",POINT (106.36963653564453 10.237289428710938),434
Điện Máy Xanh - Điện máy Xanh Tiểu khu Phú Mỹ,"Điện máy Xanh Tiểu khu Phú Mỹ, Xã Phú Xuyên, Thành phố Hà Nội, Việt Nam",POINT (105.91144561767578 20.748241424560547),13816
Thế Giới Di Động - Thế giới di động Số 591B-592B2 đường Đồng Khởi,"Thế giới di động Số 591B-592B2 đường Đồng Khởi, Phường Phú Khương, Tỉnh Vĩnh Long, Việt Nam",POINT (106.37142944335938 10.253164291381836),752
Thế Giới Di Động - Thế giới di động Xã Giao Long,"Thế giới di động Xã Giao Long, Tỉnh Vĩnh Long, Việt Nam",POINT (106.44169616699219 10.283721923828125),9408
Điện Máy Xanh - Điện máy Xanh Ấp Thị,"Điện máy Xanh Ấp Thị, Xã Hương Mỹ, Tỉnh Vĩnh Long, Việt Nam",POINT (106.40135192871094 10.016533851623535),7693
Điện Máy Xanh - Điện máy Xanh Khu phố 1,"Điện máy Xanh Khu phố 1, Xã Bình Đại, Tỉnh Vĩnh Long, Việt Nam",POINT (106.69113159179688 10.191404342651367),1840
Điện Máy Xanh - Điện máy Xanh Số 317 ấp Lộc Hòa,"Điện máy Xanh Số 317 ấp Lộc Hòa, Xã Lộc Thuận, Huyện Bình Đại, Tỉnh Bến Tre, Việt Nam",POINT (106.58261108398438 10.220861434936523),7803
Điện Máy Xanh - Điện máy Xanh Ấp Phú Hưng,"Điện máy Xanh Ấp Phú Hưng, Xã Phú Thuận, Tỉnh Vĩnh Long, Việt Nam",POINT (106.49491119384766 10.253252983093262),7825
Điện Máy Xanh - Điện máy Xanh Thửa đất số 456,"Điện máy Xanh Thửa đất số 456, tờ bản đồ số 44, ấp Phước Lợi, Xã Thạnh Phước, Tỉnh Vĩnh Long, Việt Nam",POINT (106.69591522216797 10.110857963562012),8011
Điện Máy Xanh - Điện máy Xanh Ấp Sân Banh,"Điện máy Xanh Ấp Sân Banh, Xã Châu Hưng, Tỉnh Vĩnh Long, Việt Nam",POINT (106.53003692626953 10.233149528503418),9987
Điện Máy Xanh - Điện máy Xanh Ấp Thới Lợi 1,"Điện máy Xanh Ấp Thới Lợi 1, Xã Thới Thuận, Tỉnh Vĩnh Long, Việt Nam",POINT (106.72151184082031 10.057394027709961),10344
Điện Máy Xanh - Điện máy Xanh Thửa đất số 373,"Điện máy Xanh Thửa đất số 373, tờ bản đồ số 11, Đường DT 883B, ấp Thừa Trung, Xã Thới Thuận, Tỉnh Vĩnh Long, Việt Nam",POINT (106.76311492919922 10.165125846862793),10705
Thế Giới Di Động - Thế giới di động Xã Bình Đại,"Thế giới di động Xã Bình Đại, Tỉnh Vĩnh Long, Việt Nam",POINT (106.68917846679688 10.195772171020508),9189
Điện Máy Xanh - Điện máy Xanh Ấp 4,"Điện máy Xanh Ấp 4, Xã Giao Long, Tỉnh Vĩnh Long, Việt Nam",POINT (106.39012908935547 10.304778099060059),1498
Điện Máy Xanh - Điện máy Xanh 112C đường Quốc Lộ 57B,"Điện máy Xanh 112C đường Quốc Lộ 57B, ấp Phú Hoà, Xã Phú Túc, Tỉnh Vĩnh Long, Việt Nam",POINT (106.26216888427734 10.314316749572754),12061
Điện Máy Xanh - Điện máy Xanh Đường Quốc Lộ 57C (Tân Phú),"Điện máy Xanh Đường Quốc Lộ 57C (Tân Phú), Đường Quốc Lộ 57B, Ấp Tân Đông, Xã Tân Phú, Tỉnh Vĩnh Long, Việt Nam",POINT (106.20305633544922 10.290252685546875),13900
Điện Máy Xanh - Điện máy Xanh Ấp Chánh,"Điện máy Xanh Ấp Chánh, Xã Tiên Thủy, Tỉnh Vĩnh Long, Việt Nam",POINT (106.24444580078125 10.272379875183105),7755
Thế Giới Di Động - Thế giới di động Xã Phú Túc,"Thế giới di động Xã Phú Túc, Tỉnh Vĩnh Long, Việt Nam",POINT (106.36112976074219 10.309789657592773),9105
Điện Máy Xanh - Điện máy Xanh Số 71/7B khu phố 2,"Điện máy Xanh Số 71/7B khu phố 2, Xã Chợ Lách, Tỉnh Vĩnh Long, Việt Nam",POINT (106.11959838867188 10.258193969726562),2054
Điện Máy Xanh - Điện máy Xanh Ấp Tây Lộc,"Điện máy Xanh Ấp Tây Lộc, Xã Vĩnh Thành, Tỉnh Vĩnh Long, Việt Nam",POINT (106.2157211303711 10.213007926940918),6325
Điện Máy Xanh - Điện máy Xanh Ấp Chợ,"Điện máy Xanh Ấp Chợ, Xã Phú Phụng, Tỉnh Vĩnh Long, Việt Nam",POINT (106.04630279541016 10.276094436645508),7620
Điện Máy Xanh - Điện máy Xanh Ấp Quân An,"Điện máy Xanh Ấp Quân An, Xã Chợ Lách, Tỉnh Vĩnh Long, Việt Nam",POINT (106.18633270263672 10.23277759552002),7318
Thế Giới Di Động - Thế giới di động 278/18B1,"Thế giới di động 278/18B1, Khu phố 2, Xã Chợ Lách, Tỉnh Vĩnh Long, Việt Nam",POINT (106.11959075927734 10.259000778198242),650
Điện Máy Xanh - Điện máy Xanh Khu phố 2,"Điện máy Xanh Khu phố 2, Xã Giồng Trôm, Tỉnh Vĩnh Long, Việt Nam",POINT (106.50554656982422 10.1508150100708),1457
Điện Máy Xanh - Điện máy Xanh Ấp Chợ,"Điện máy Xanh Ấp Chợ, Xã Lương Phú, Tỉnh Vĩnh Long, Việt Nam",POINT (106.43344116210938 10.221833229064941),2740
Điện Máy Xanh - Điện máy Xanh Ấp 1,"Điện máy Xanh Ấp 1, Xã Tân Hào, Tỉnh Vĩnh Long, Việt Nam",POINT (106.4642333984375 10.13370418548584),6324
Thế Giới Di Động - Thế giới di động 195 Khu phố 3,"Thế giới di động 195 Khu phố 3, Xã Giồng Trôm, Tỉnh Vĩnh Long, Việt Nam",POINT (106.50515747070312 10.154662132263184),9236
Điện Máy Xanh - Điện máy Xanh Số nhà 192 đường 882 (thửa đất số 24-25,"Điện máy Xanh Số nhà 192 đường 882 (thửa đất số 24-25, tờ bản đồ số 30), Xã Phước Mỹ Trung, Tỉnh Vĩnh Long, Việt Nam",POINT (106.2734603881836 10.18850040435791),2881
Thế Giới Di Động - Thế giới di động 124 Ấp Phước Khánh,"Thế giới di động 124 Ấp Phước Khánh, Xã Phước Mỹ Trung, Tỉnh Vĩnh Long, Việt Nam",POINT (106.27361297607422 10.184347152709961),155
Điện Máy Xanh - Điện máy Xanh Số 268-268A Quốc lộ 60,"Điện máy Xanh Số 268-268A Quốc lộ 60, KP.02, Xã Mỏ Cày, Tỉnh Vĩnh Long, Việt Nam",POINT (106.33177185058594 10.129667282104492),1887
Điện Máy Xanh - Điện máy Xanh Ấp An Lộc Thị,"Điện máy Xanh Ấp An Lộc Thị, Xã Mỏ Cày, Tỉnh Vĩnh Long, Việt Nam",POINT (106.29156494140625 10.098784446716309),7621
Điện Máy Xanh - Điện máy Xanh Ấp An Hoà,"Điện máy Xanh Ấp An Hoà, Xã Thành Thới, Tỉnh Vĩnh Long, Việt Nam",POINT (106.36392211914062 10.068428993225098),7692
Thế Giới Di Động - Thế giới di động Số 199,"Thế giới di động Số 199, khu phố 5, Xã Mỏ Cày, Tỉnh Vĩnh Long, Việt Nam",POINT (106.33291625976562 10.12874698638916),823
Điện Máy Xanh - Điện máy Xanh Ấp Giao Hòa B,"Điện máy Xanh Ấp Giao Hòa B, Xã Thạnh Phong, Tỉnh Vĩnh Long, Việt Nam",POINT (106.61035919189453 9.880776405334473),5248
Điện Máy Xanh - Điện máy Xanh Ấp Thạnh Hòa A,"Điện máy Xanh Ấp Thạnh Hòa A, Xã Thạnh Phú, Tỉnh Vĩnh Long, Việt Nam",POINT (106.51053619384766 9.949143409729004),1982
Điện Máy Xanh - Điện máy Xanh Thửa đất số 464,"Điện máy Xanh Thửa đất số 464, Tờ bản đồ số 12, Ấp An Hội A, Xã An Qui, Tỉnh Vĩnh Long, Việt Nam",POINT (106.54261779785156 9.917913436889648),10479
Điện Máy Xanh - Điện máy Xanh Ấp Thạnh B,"Điện máy Xanh Ấp Thạnh B, Xã Đại Điền, Tỉnh Vĩnh Long, Việt Nam",POINT (106.44628143310547 10.003167152404785),8076
Thế Giới Di Động - Thế giới di động Ấp Thạnh Trị Hạ,"Thế giới di động Ấp Thạnh Trị Hạ, Xã Thạnh Phú, Tỉnh Vĩnh Long, Việt Nam",POINT (106.51404571533203 9.947800636291504),5321
Điện Máy Xanh - Điện máy Xanh Xã Hương Mỹ,"Điện máy Xanh Xã Hương Mỹ, Tỉnh Vĩnh Long, Việt Nam",POINT (106.37906646728516 10.04068660736084),10006
Điện Máy Xanh - Điện máy Xanh Tổ dân phố 1,"Điện máy Xanh Tổ dân phố 1, Xã Bảo Lạc, Tỉnh Cao Bằng, Việt Nam",POINT (105.67931365966797 22.947370529174805),5196
Thế Giới Di Động - Thế giới di động Khu 2,"Thế giới di động Khu 2, Xã Bảo Lâm, Tỉnh Cao Bằng, Việt Nam",POINT (105.4934310913086 22.83003807067871),1433
Điện Máy Xanh - Điện máy Xanh Số 44 Kim Đồng,"Điện máy Xanh Số 44 Kim Đồng, Phường Thục Phán, Tỉnh Cao Bằng, Việt Nam",POINT (106.259521484375 22.66349220275879),556
Điện Máy Xanh - Điện máy Xanh Đường QL3,"Điện máy Xanh Đường QL3, Tổ 4, Phường Thục Phán, Tỉnh Cao Bằng, Việt Nam",POINT (106.2213363647461 22.683931350708008),9865
Thế Giới Di Động - Thế giới di động số 1 Kim Đồng,"Thế giới di động số 1 Kim Đồng, Phường Thục Phán, Tỉnh Cao Bằng, Việt Nam",POINT (106.26117706298828 22.66554069519043),862
Thế Giới Di Động - Thế giới di động Số 041,"Thế giới di động Số 041, đường Phai Khắt Nà Ngần, Phường Thục Phán, Tỉnh Cao Bằng, Việt Nam",POINT (106.25395965576172 22.666536331176758),474
Thế Giới Di Động - Thế giới di động Số nhà 138,"Thế giới di động Số nhà 138, khu Hoằng Bó 2, Xã Hòa An, Tỉnh Cao Bằng, Việt Nam",POINT (106.15296173095703 22.736412048339844),1344
Điện Máy Xanh - Điện máy Xanh Tổ Xuân Lộc,"Điện máy Xanh Tổ Xuân Lộc, Xã Trường Hà, Tỉnh Cao Bằng, Việt Nam",POINT (106.0733871459961 22.902111053466797),1432
Điện Máy Xanh - Điện máy Xanh Bản Vạn 1,"Điện máy Xanh Bản Vạn 1, Xã Hòa An, Tỉnh Cao Bằng, Việt Nam",POINT (106.15574645996094 22.733116149902344),4590
Điện Máy Xanh - Điện máy Xanh Tổ dân phố 4,"Điện máy Xanh Tổ dân phố 4, Xã Nguyên Bình, Tỉnh Cao Bằng, Việt Nam",POINT (105.96009063720703 22.649925231933594),1429
Điện Máy Xanh - Điện máy Xanh 125 phố Hòa Nam,"Điện máy Xanh 125 phố Hòa Nam, Xã Quảng Uyên, Tỉnh Cao Bằng, Việt Nam",POINT (106.44278717041016 22.68985939025879),2614
Điện Máy Xanh - Điện máy Xanh Tổ dân phố 6,"Điện máy Xanh Tổ dân phố 6, Xã Phục Hòa, Tỉnh Cao Bằng, Việt Nam",POINT (106.51427459716797 22.531179428100586),9221
Thế Giới Di Động - Thế giới di động Phố Hòa Nam,"Thế giới di động Phố Hòa Nam, Xã Quảng Uyên, Tỉnh Cao Bằng, Việt Nam",POINT (106.44271850585938 22.689502716064453),1298
Điện Máy Xanh - Điện máy Xanh Tổ dân phố 1,"Điện máy Xanh Tổ dân phố 1, Xã Đông Khê, Tỉnh Cao Bằng, Việt Nam",POINT (106.43359375 22.426910400390625),1548
Điện Máy Xanh - Điện máy Xanh Xóm 5,"Điện máy Xanh Xóm 5, Xã Thông Nông, Tỉnh Cao Bằng, Việt Nam",POINT (105.98331451416016 22.78443717956543),8915
Điện Máy Xanh - Điện máy Xanh Tổ 3,"Điện máy Xanh Tổ 3, Xã Trà Lĩnh, Tỉnh Cao Bằng, Việt Nam",POINT (106.32441711425781 22.82492446899414),1845
Điện Máy Xanh - Điện máy Xanh Tổ 9,"Điện máy Xanh Tổ 9, Xã Trùng Khánh, Tỉnh Cao Bằng, Việt Nam",POINT (106.52665710449219 22.836931228637695),1471
Điện Máy Xanh - Điện máy Xanh 12 Trần Hưng Đạo,"Điện máy Xanh 12 Trần Hưng Đạo, Phường Tân Thành, Tỉnh Cà Mau, Việt Nam",POINT (105.15605926513672 9.178715705871582),7038
Điện Máy Xanh - Điện máy Xanh Số 155A đường Nguyễn Tất Thành,"Điện máy Xanh Số 155A đường Nguyễn Tất Thành, Phường Lý Văn Lâm, Tỉnh Cà Mau, Việt Nam",POINT (105.14302062988281 9.163578033447266),1841
Điện Máy Xanh - Điện máy Xanh Số 18 đường Ngô Quyền,"Điện máy Xanh Số 18 đường Ngô Quyền, Phường An Xuyên, Tỉnh Cà Mau, Việt Nam",POINT (105.14679718017578 9.179317474365234),884
Điện Máy Xanh - Điện máy Xanh Số 245-246 Ấp 3,"Điện máy Xanh Số 245-246 Ấp 3, Phường Tân Thành, Tỉnh Cà Mau, Việt Nam",POINT (105.2694320678711 9.168805122375488),2313
Điện Máy Xanh - Điện máy Xanh Ấp Phấn Thạnh,"Điện máy Xanh Ấp Phấn Thạnh, Xã Lương Thế Trân, Tỉnh Cà Mau, Việt Nam",POINT (105.10041046142578 9.110884666442871),2731
Điện Máy Xanh - Điện máy Xanh Số 26 Ấp 3,"Điện máy Xanh Số 26 Ấp 3, Xã Tân Lộc, Huyện Thới Bình, Tỉnh Cà Mau, Việt Nam",POINT (105.20333099365234 9.281083106994629),2387
Thế Giới Di Động - Thế giới di động Số 125B-127 Nguyễn Tất Thành,"Thế giới di động Số 125B-127 Nguyễn Tất Thành, khóm 7, Phường Lý Văn Lâm, Tỉnh Cà Mau, Việt Nam",POINT (105.1466293334961 9.170260429382324),681
Thế Giới Di Động - Thế giới di động Số 255,"Thế giới di động Số 255, Quốc lộ 1A, ấp 3, Phường Tân Thành, Tỉnh Cà Mau, Việt Nam",POINT (105.26815795898438 9.168257713317871),1317
Thế Giới Di Động - Thế giới di động 2A Trần Hưng Đạo,"Thế giới di động 2A Trần Hưng Đạo, Khóm 6, Phường Tân Thành, Tỉnh Cà Mau, Việt Nam",POINT (105.15318298339844 9.176122665405273),183
Thế Giới Di Động - Thế giới di động Số 52,"Thế giới di động Số 52, Nguyễn Trãi, Phường An Xuyên, Tỉnh Cà Mau, Việt Nam",POINT (105.14423370361328 9.180988311767578),13740
Điện Máy Xanh - Điện máy Xanh 288 Quốc Lộ 1A,"Điện máy Xanh 288 Quốc Lộ 1A, Xã Cái Nước, Tỉnh Cà Mau, Việt Nam",POINT (105.01087188720703 8.9439058303833),1318
Điện Máy Xanh - Điện máy Xanh Ấp Thị Tường A,"Điện máy Xanh Ấp Thị Tường A, Xã Hưng Mỹ, Tỉnh Cà Mau, Việt Nam",POINT (105.01637268066406 9.026677131652832),9502
Điện Máy Xanh - Điện máy Xanh Đường 19/5 khóm 4,"Điện máy Xanh Đường 19/5 khóm 4, Xã Đầm Dơi, Tỉnh Cà Mau, Việt Nam",POINT (105.19612121582031 8.996055603027344),2399
Điện Máy Xanh - Điện máy Xanh Ấp Tân Long A,"Điện máy Xanh Ấp Tân Long A, Xã Tân Tiến, Tỉnh Cà Mau, Việt Nam",POINT (105.32218933105469 8.968996047973633),9298
Thế Giới Di Động - Thế giới di động Số 57-59-61,"Thế giới di động Số 57-59-61, đường Dương Thị Cẩm Vân, Xã Đầm Dơi, Tỉnh Cà Mau, Việt Nam",POINT (105.19841766357422 8.99498176574707),1331
Điện Máy Xanh - Điện máy Xanh Số 00780 khu vực 1,"Điện máy Xanh Số 00780 khu vực 1, đường Nguyễn Tất Thành, Khóm 2, Xã Năm Căn, Tỉnh Cà Mau, Việt Nam",POINT (104.9940185546875 8.762393951416016),1546
Thế Giới Di Động - Thế giới di động Số 00780 khu vực 1,"Thế giới di động Số 00780 khu vực 1, đường Nguyễn Tất Thành, Khóm 2, Xã Năm Căn, Tỉnh Cà Mau, Việt Nam",POINT (104.99378967285156 8.761080741882324),3865
Điện Máy Xanh - Điện máy Xanh Ấp Lạch Vàm,"Điện máy Xanh Ấp Lạch Vàm, Xã Đất Mũi, Tỉnh Cà Mau, Việt Nam",POINT (104.7556381225586 8.600817680358887),8189
Điện Máy Xanh - Điện máy Xanh Khóm 2,"Điện máy Xanh Khóm 2, Xã Cái Đôi Vàm, Tỉnh Cà Mau, Việt Nam",POINT (104.81092834472656 8.855581283569336),2324
Điện Máy Xanh - Điện máy Xanh Ấp Vàm Đình,"Điện máy Xanh Ấp Vàm Đình, Xã Phú Mỹ, Tỉnh Cà Mau, Việt Nam",POINT (104.94098663330078 8.918196678161621),10487
Điện Máy Xanh - Điện máy Xanh Ấp Cái Đôi,"Điện máy Xanh Ấp Cái Đôi, Xã Phú Tân, Huyện Phú Tân, Tỉnh Cà Mau, Việt Nam",POINT (104.8410415649414 8.869380950927734),9487
Điện Máy Xanh - Điện máy Xanh Khóm 8,"Điện máy Xanh Khóm 8, Xã Thới Bình, Tỉnh Cà Mau, Việt Nam",POINT (105.0895004272461 9.34538459777832),1732
Điện Máy Xanh - Điện máy Xanh Ấp Nhà Máy B,"Điện máy Xanh Ấp Nhà Máy B, Xã Trí Phải, Tỉnh Cà Mau, Việt Nam",POINT (105.22636413574219 9.35823917388916),10059
Điện Máy Xanh - Điện máy Xanh Ấp 02,"Điện máy Xanh Ấp 02, Xã Trí Phải, Tỉnh Cà Mau, Việt Nam",POINT (105.15084838867188 9.40517807006836),7725
Điện Máy Xanh - Điện máy Xanh Khóm 7,"Điện máy Xanh Khóm 7, Xã Sông Đốc, Tỉnh Cà Mau, Việt Nam",POINT (104.83329010009766 9.042333602905273),1635
Điện Máy Xanh - Điện máy Xanh Ấp Đá Bạc,"Điện máy Xanh Ấp Đá Bạc, Xã Đá Bạc, Tỉnh Cà Mau, Việt Nam",POINT (104.85039520263672 9.17817497253418),8249
Điện Máy Xanh - Điện máy Xanh Khóm 9,"Điện máy Xanh Khóm 9, Xã Trần Văn Thời, Tỉnh Cà Mau, Việt Nam",POINT (104.96548461914062 9.07503890991211),10118
Thế Giới Di Động - Thế giới di động Khóm 10,"Thế giới di động Khóm 10, Xã Sông Đốc, Tỉnh Cà Mau, Việt Nam",POINT (104.83475494384766 9.04272747039795),7180
Thế Giới Di Động - Thế giới di động Khóm 7,"Thế giới di động Khóm 7, Xã Trần Văn Thời, Tỉnh Cà Mau, Việt Nam",POINT (104.96571350097656 9.075163841247559),1372
Điện Máy Xanh - Điện máy Xanh Khóm 3,"Điện máy Xanh Khóm 3, hị trấn U Minh, H. U Minh, T. Cà Mau (Kế bên Bưu Điện U Minh), Xã Nguyễn Phích, Tỉnh Cà Mau, Việt Nam",POINT (104.96903228759766 9.408487319946289),2323
Điện Máy Xanh - Điện máy Xanh Ấp 3,"Điện máy Xanh Ấp 3, Xã Khánh Lâm, Tỉnh Cà Mau, Việt Nam",POINT (104.8288803100586 9.342700958251953),7894
Điện Máy Xanh - Điện máy Xanh Thửa đất số 0260,"Điện máy Xanh Thửa đất số 0260, Tờ bản đồ số 07, Xã Khánh Lâm, Tỉnh Cà Mau, Việt Nam",POINT (104.88502502441406 9.374765396118164),10570
Điện Máy Xanh - Điện máy Xanh 115 Cách Mạng Tháng Tám,"Điện máy Xanh 115 Cách Mạng Tháng Tám, Phường Bình Thủy, Thành phố Cần Thơ, Việt Nam",POINT (105.75630950927734 10.069025993347168),2187
Điện Máy Xanh - Điện máy Xanh 189 Lê Hồng Phong,"Điện máy Xanh 189 Lê Hồng Phong, Phường Thới An Đông, Thành phố Cần Thơ, Việt Nam",POINT (105.7058334350586 10.100610733032227),2743
Điện Máy Xanh - Điện máy Xanh Đường Bùi Hữu Nghĩa,"Điện máy Xanh Đường Bùi Hữu Nghĩa, Phường Long Tuyền, Thành phố Cần Thơ, Việt Nam",POINT (105.72542572021484 10.056138038635254),7511
Điện Máy Xanh - Điện máy Xanh Đường Bùi Hữu Nghĩa (tỉnh 918),"Điện máy Xanh Đường Bùi Hữu Nghĩa (tỉnh 918), khu vực Bình Dương B, Phường Long Tuyền, Thành phố Cần Thơ, Việt Nam",POINT (105.71845245361328 10.022945404052734),7309
Thế Giới Di Động - Thế giới di động 26B/9 Lê Hồng Phong,"Thế giới di động 26B/9 Lê Hồng Phong, Phường Bình Thủy, Thành phố Cần Thơ, Việt Nam",POINT (105.75016784667969 10.074699401855469),887
Thế Giới Di Động - Thế giới di động Lô số 30A7,"Thế giới di động Lô số 30A7, KCN Trà Nóc 1, Phường Thới An Đông, Thành phố Cần Thơ, Việt Nam",POINT (105.71199798583984 10.100055694580078),1000
Điện Máy Xanh - Điện máy Xanh Khu Yên Hạ,"Điện máy Xanh Khu Yên Hạ, Phường Cái Răng, Thành phố Cần Thơ, Việt Nam",POINT (105.75045013427734 9.999738693237305),2262
Điện Máy Xanh - Điện máy Xanh Khu dân cư lô số 11D,"Điện máy Xanh Khu dân cư lô số 11D, Khu đô thị Nam Cần Thơ, Phường Hưng Phú, Thành phố Cần Thơ, Việt Nam",POINT (105.79785919189453 10.005110740661621),15905
Điện Máy Xanh - Điện máy Xanh Khu vực Phú Quới,"Điện máy Xanh Khu vực Phú Quới, Phường Cái Răng, Thành phố Cần Thơ, Việt Nam",POINT (105.75983428955078 9.95810604095459),7719
Điện Máy Xanh - Điện máy Xanh Số 8 Hòa Bình,"Điện máy Xanh Số 8 Hòa Bình, Phường Ninh Kiều, Thành phố Cần Thơ, Việt Nam",POINT (105.78553771972656 10.034890174865723),2456
Điện Máy Xanh - Điện máy Xanh 43 Mậu Thân,"Điện máy Xanh 43 Mậu Thân, Phường Cái Khế, Thành phố Cần Thơ, Việt Nam",POINT (105.76605224609375 10.042428016662598),2449
Điện Máy Xanh - Điện máy Xanh Ấp Thới Thuận,"Điện máy Xanh Ấp Thới Thuận, Xã Cờ Đỏ, Thành phố Cần Thơ, Việt Nam",POINT (105.43008422851562 10.0933198928833),10536
Điện Máy Xanh - Điện máy Xanh Ấp Thới Xuyên,"Điện máy Xanh Ấp Thới Xuyên, Xã Cờ Đỏ, Thành phố Cần Thơ, Việt Nam",POINT (105.40042877197266 10.043198585510254),10873
Điện Máy Xanh - Điện máy Xanh Ấp Thạnh Lộc 2,"Điện máy Xanh Ấp Thạnh Lộc 2, Phường Trung Nhứt, Thành phố Cần Thơ, Việt Nam",POINT (105.50850677490234 10.206879615783691),12978
Điện Máy Xanh - Điện máy Xanh ấp Thạnh Quới 1,"Điện máy Xanh ấp Thạnh Quới 1, Xã Trung Hưng, Thành phố Cần Thơ, Việt Nam",POINT (105.47879028320312 10.181619644165039),8242
Thế Giới Di Động - Thế giới di động Ấp Thới Hòa,"Thế giới di động Ấp Thới Hòa, Xã Cờ Đỏ, Thành phố Cần Thơ, Việt Nam",POINT (105.42761993408203 10.09515380859375),471
Điện Máy Xanh - Điện máy Xanh Khu vực Bình Phó B,"Điện máy Xanh Khu vực Bình Phó B, Phường Long Tuyền, Thành phố Cần Thơ, Việt Nam",POINT (105.74518585205078 10.036200523376465),8077
Điện Máy Xanh - Điện máy Xanh Đường Nguyễn Chí Thanh,"Điện máy Xanh Đường Nguyễn Chí Thanh, khu vực Thới Thuận, Phường Thới An Đông, Thành phố Cần Thơ, Việt Nam",POINT (105.69020080566406 10.079944610595703),8868
Thế Giới Di Động - Thế giới di động 217 Đường 3/2 (ngay Ngã Tư 3/2 và Nguyễn Văn Linh),"Thế giới di động 217 Đường 3/2 (ngay Ngã Tư 3/2 và Nguyễn Văn Linh), Phường Tân An, Thành phố Cần Thơ, Việt Nam",POINT (105.76508331298828 10.021406173706055),675
Thế Giới Di Động - Thế giới di động 305V Nguyễn Văn Linh,"Thế giới di động 305V Nguyễn Văn Linh, Khu vực III, Phường Tân An, Thành phố Cần Thơ, Việt Nam",POINT (105.7523193359375 10.0306396484375),609
Thế Giới Di Động - Thế giới di động 35B Cách Mạng Tháng 8,"Thế giới di động 35B Cách Mạng Tháng 8, Phường Cái Khế, Thành phố Cần Thơ, Việt Nam",POINT (105.77767944335938 10.047611236572266),670
Thế Giới Di Động - Thế giới di động 403 - 405 Nguyễn Văn Cừ,"Thế giới di động 403 - 405 Nguyễn Văn Cừ, Phường Cái Khế, Thành phố Cần Thơ, Việt Nam",POINT (105.76516723632812 10.043965339660645),278
Thế Giới Di Động - Thế giới di động (Ngã 3 cầu Quang Trung) 84-86A-86-86B Đường 30/4,"Thế giới di động (Ngã 3 cầu Quang Trung) 84-86A-86-86B Đường 30/4, Phường Ninh Kiều, Thành phố Cần Thơ, Việt Nam",POINT (105.77983093261719 10.029678344726562),698
Điện Máy Xanh - Điện máy Xanh Khu vực 11,"Điện máy Xanh Khu vực 11, Phường Ô Môn, Thành phố Cần Thơ, Việt Nam",POINT (105.62403869628906 10.109394073486328),4706
Điện Máy Xanh - Điện máy Xanh Khu vực Bình Lập,"Điện máy Xanh Khu vực Bình Lập, Phường Phước Thới, Thành phố Cần Thơ, Việt Nam",POINT (105.6684341430664 10.106456756591797),10631
Điện Máy Xanh - Điện máy Xanh Khu vực Thới Mỹ,"Điện máy Xanh Khu vực Thới Mỹ, Phường Thới Long, Thành phố Cần Thơ, Việt Nam",POINT (105.5891342163086 10.171621322631836),7584
Điện Máy Xanh - Điện máy Xanh Ấp Tân Thạnh,"Điện máy Xanh Ấp Tân Thạnh, Phường Phước Thới, Thành phố Cần Thơ, Việt Nam",POINT (105.64755249023438 10.055024147033691),9911
Thế Giới Di Động - Thế giới di động Số 1066/6 Quốc Lộ 91,"Thế giới di động Số 1066/6 Quốc Lộ 91, Khu vực 5, Phường Ô Môn, Thành phố Cần Thơ, Việt Nam",POINT (105.62078094482422 10.108924865722656),54
Điện Máy Xanh - Điện máy Xanh Khu dân cư thương mại huyện Phong Điền,"Điện máy Xanh Khu dân cư thương mại huyện Phong Điền, Xã Phong Điền, Thành phố Cần Thơ, Việt Nam",POINT (105.6690673828125 9.996312141418457),6302
Điện Máy Xanh - Điện máy Xanh Ấp Trường Thuận,"Điện máy Xanh Ấp Trường Thuận, Xã Trường Long, Thành phố Cần Thơ, Việt Nam",POINT (105.63421630859375 9.981425285339355),7307
Điện Máy Xanh - Điện máy Xanh Ấp Thới Giai,"Điện máy Xanh Ấp Thới Giai, Xã Phong Điền, Thành phố Cần Thơ, Việt Nam",POINT (105.68968200683594 10.027825355529785),9044
Thế Giới Di Động - Thế giới di động 168-169-170,"Thế giới di động 168-169-170, Ấp Thị Tứ, Xã Phong Điền, Thành phố Cần Thơ, Việt Nam",POINT (105.67143249511719 9.996173858642578),1085
Điện Máy Xanh - Điện máy Xanh Ấp Thới Thuận B,"Điện máy Xanh Ấp Thới Thuận B, Xã Thới Lai, Thành phố Cần Thơ, Việt Nam",POINT (105.5623550415039 10.067349433898926),5115
Điện Máy Xanh - Điện máy Xanh Ấp Trường Trung,"Điện máy Xanh Ấp Trường Trung, Xã Trường Thành, Thành phố Cần Thơ, Việt Nam",POINT (105.6133804321289 10.024372100830078),7327
Điện Máy Xanh - Điện máy Xanh ấp Phú Thọ,"Điện máy Xanh ấp Phú Thọ, Xã Trường Xuân, Thành phố Cần Thơ, Việt Nam",POINT (105.53500366210938 10.004799842834473),8163
Thế Giới Di Động - Thế giới di động Ấp Thới Thuận A,"Thế giới di động Ấp Thới Thuận A, Xã Thới Lai, Thành phố Cần Thơ, Việt Nam",POINT (105.5593490600586 10.06547737121582),9500
Điện Máy Xanh - Điện máy Xanh Số 520 tổ 25,"Điện máy Xanh Số 520 tổ 25, Quốc lộ 91, Phường Thốt Nốt, Thành phố Cần Thơ, Việt Nam",POINT (105.5302734375 10.272303581237793),2503
Điện Máy Xanh - Điện máy Xanh Khu vực Phụng Thạnh 1,"Điện máy Xanh Khu vực Phụng Thạnh 1, Phường Thuận Hưng, Thành phố Cần Thơ, Việt Nam",POINT (105.53851318359375 10.266387939453125),12352
Điện Máy Xanh - Điện máy Xanh Thới Thạnh 2,"Điện máy Xanh Thới Thạnh 2, Phường Thốt Nốt, Thành phố Cần Thơ, Việt Nam",POINT (105.50682830810547 10.299273490905762),8854
Điện Máy Xanh - Điện máy Xanh Khu vực Phước Lộc,"Điện máy Xanh Khu vực Phước Lộc, Phường Tân Lộc, Thành phố Cần Thơ, Việt Nam",POINT (105.58418273925781 10.246280670166016),12006
Điện Máy Xanh - Điện máy Xanh Khu vực Tân Lợi 1,"Điện máy Xanh Khu vực Tân Lợi 1, Phường Thới Long, Thành phố Cần Thơ, Việt Nam",POINT (105.55083465576172 10.179956436157227),10484
Điện Máy Xanh - Điện máy Xanh Khu vực Tân Phú,"Điện máy Xanh Khu vực Tân Phú, Phường Thuận Hưng, Thành phố Cần Thơ, Việt Nam",POINT (105.57853698730469 10.218018531799316),7583
Thế Giới Di Động - Thế giới di động 384/17 Quốc Lộ 91,"Thế giới di động 384/17 Quốc Lộ 91, Phường Thốt Nốt, Thành phố Cần Thơ, Việt Nam",POINT (105.53141784667969 10.27074146270752),668
Thế Giới Di Động - Thế giới di động 571 ấp Thới hòa 1,"Thế giới di động 571 ấp Thới hòa 1, Phường Thốt Nốt, Thành phố Cần Thơ, Việt Nam",POINT (105.48584747314453 10.315179824829102),941
Điện Máy Xanh - Điện máy Xanh QL 80 Vĩnh Tiến,"Điện máy Xanh QL 80 Vĩnh Tiến, Xã Vĩnh Thạnh, Thành phố Cần Thơ, Việt Nam",POINT (105.3958511352539 10.230488777160645),2759
Điện Máy Xanh - Điện máy Xanh Ấp Phụng Quới A,"Điện máy Xanh Ấp Phụng Quới A, Xã Thạnh An, Thành phố Cần Thơ, Việt Nam",POINT (105.32262420654297 10.155252456665039),8072
Điện Máy Xanh - Điện máy Xanh Ấp Quy Lân 5,"Điện máy Xanh Ấp Quy Lân 5, Xã Thạnh Quới, Thành phố Cần Thơ, Việt Nam",POINT (105.379638671875 10.213866233825684),7296
Thế Giới Di Động - Thế giới di động 2937 - 2939,"Thế giới di động 2937 - 2939, QL 80, ấp Phụng Quới A, Xã Thạnh An, Thành phố Cần Thơ, Việt Nam",POINT (105.32337188720703 10.15609359741211),1163
Thế Giới Di Động - Thế giới di động Quốc lộ 80 - Ấp Vĩnh Tiến,"Thế giới di động Quốc lộ 80 - Ấp Vĩnh Tiến, Xã Vĩnh Thạnh, Thành phố Cần Thơ, Việt Nam",POINT (105.39608001708984 10.230764389038086),10829
Điện Máy Xanh - Điện máy Xanh Số 359 Quang Trung,"Điện máy Xanh Số 359 Quang Trung, Phường An Khê, Tỉnh Gia Lai, Việt Nam",POINT (108.66385650634766 13.95444393157959),1894
Thế Giới Di Động - Thế giới di động 621 Quang Trung,"Thế giới di động 621 Quang Trung, Tổ 2, Phường An Khê, Tỉnh Gia Lai, Việt Nam",POINT (108.65241241455078 13.954007148742676),792
Điện Máy Xanh - Điện máy Xanh 245 Trần Hưng Đạo,"Điện máy Xanh 245 Trần Hưng Đạo, Phường Ayun Pa, Tỉnh Gia Lai, Việt Nam",POINT (108.4427490234375 13.40493106842041),1199
Điện Máy Xanh - Điện máy Xanh Đường ĐT 763,"Điện máy Xanh Đường ĐT 763, Tổ Dân Phố 01, Xã Ia Ly, Tỉnh Gia Lai, Việt Nam",POINT (107.83738708496094 14.205528259277344),9917
Điện Máy Xanh - Điện máy Xanh 56 Hùng Vương,"Điện máy Xanh 56 Hùng Vương, Xã Chư Prông, Tỉnh Gia Lai, Việt Nam",POINT (107.88902282714844 13.758416175842285),1463
Điện Máy Xanh - Điện máy Xanh QL14,"Điện máy Xanh QL14, Xã Chư Pưh, Tỉnh Gia Lai, Việt Nam",POINT (108.0994873046875 13.547022819519043),1851
Điện Máy Xanh - Điện máy Xanh Tổ dân phố 2,"Điện máy Xanh Tổ dân phố 2, Xã Đak Đoa, Tỉnh Gia Lai, Việt Nam",POINT (108.120361328125 13.994250297546387),11781
Thế Giới Di Động - Thế giới di động 475 Nguyễn Huệ,"Thế giới di động 475 Nguyễn Huệ, Xã Đak Đoa, Tỉnh Gia Lai, Việt Nam",POINT (108.12116241455078 13.993576049804688),897
Điện Máy Xanh - Điện máy Xanh 272 Hùng Vương,"Điện máy Xanh 272 Hùng Vương, Tổ dân phố 2, Thị trấn Đắk Pơ, Huyện Đắk Pơ, Tỉnh Gia Lai, Việt Nam.",POINT (108.55421447753906 13.973349571228027),10010
Điện Máy Xanh - Điện máy Xanh 477 Quang Trung,"Điện máy Xanh 477 Quang Trung, Xã Đức Cơ, Tỉnh Gia Lai, Việt Nam",POINT (107.69696807861328 13.799860954284668),1985
Thế Giới Di Động - Thế giới di động Số 281 Đường Quang Trung,"Thế giới di động Số 281 Đường Quang Trung, Xã Đức Cơ, Tỉnh Gia Lai, Việt Nam",POINT (107.69442749023438 13.800012588500977),1494
Điện Máy Xanh - Điện máy Xanh 904B Hùng Vương,"Điện máy Xanh 904B Hùng Vương, Xã Chư Sê, Tỉnh Gia Lai, Việt Nam",POINT (108.07776641845703 13.692559242248535),1852
Thế Giới Di Động - Thế giới di động 811 Hùng Vương,"Thế giới di động 811 Hùng Vương, Xã Chư Sê, Tỉnh Gia Lai, Việt Nam",POINT (108.07746887207031 13.694138526916504),404
Điện Máy Xanh - Điện máy Xanh 321 Hùng Vương,"Điện máy Xanh 321 Hùng Vương, Xã Ia Grai, Tỉnh Gia Lai, Việt Nam",POINT (107.8405990600586 13.96208667755127),1959
Điện Máy Xanh - Điện máy Xanh Thôn Marin II,"Điện máy Xanh Thôn Marin II, Xã Ia Pa, Tỉnh Gia Lai, Việt Nam",POINT (108.44635009765625 13.479475975036621),10128
Điện Máy Xanh - Điện máy Xanh 146 Quang Trung,"Điện máy Xanh 146 Quang Trung, TDP 7, Xã Kbang, Tỉnh Gia Lai, Việt Nam",POINT (108.60356140136719 14.137224197387695),2085
Thế Giới Di Động - Thế giới di động 72-74 Phan Bội Châu,"Thế giới di động 72-74 Phan Bội Châu, Xã Kbang, Tỉnh Gia Lai, Việt Nam",POINT (108.60169982910156 14.13875961303711),8647
Điện Máy Xanh - Điện máy Xanh Đường Nguyễn Huệ,"Điện máy Xanh Đường Nguyễn Huệ, tổ 3, Xã Kông Chro, Tỉnh Gia Lai, Việt Nam",POINT (108.52457427978516 13.777088165283203),8179
Điện Máy Xanh - Điện máy Xanh 199 Hùng Vương,"Điện máy Xanh 199 Hùng Vương, Xã Phú Túc, Tỉnh Gia Lai, Việt Nam",POINT (108.68372344970703 13.202055931091309),5109
Điện Máy Xanh - Điện máy Xanh 207 Trần Hưng Đạo,"Điện máy Xanh 207 Trần Hưng Đạo, Tổ 4, Xã Mang Yang, Tỉnh Gia Lai, Việt Nam",POINT (108.25997161865234 14.043535232543945),1672
Điện Máy Xanh - Điện máy Xanh Quốc Lộ 25 (Phú Thiện),"Điện máy Xanh Quốc Lộ 25 (Phú Thiện), Quốc lộ 25, Xã Phú Thiện, Tỉnh Gia Lai, Việt Nam",POINT (108.31710815429688 13.529306411743164),2292
Điện Máy Xanh - Điện máy Xanh 01 Tôn Đức Thắng,"Điện máy Xanh 01 Tôn Đức Thắng, Phường Pleiku, Tỉnh Gia Lai, Việt Nam",POINT (107.98961639404297 14.03075885772705),329
Điện Máy Xanh - Điện máy Xanh 279 Nguyễn Tất Thành,"Điện máy Xanh 279 Nguyễn Tất Thành, Phường Pleiku, Tỉnh Gia Lai, Việt Nam",POINT (108.01522827148438 13.972708702087402),5990
Điện Máy Xanh - Điện máy Xanh Số 47 Trần Phú,"Điện máy Xanh Số 47 Trần Phú, Phường Diên Hồng, Tỉnh Gia Lai, Việt Nam",POINT (107.99675750732422 13.97761344909668),293
Điện Máy Xanh - Điện máy Xanh Tổ dân phố 01,"Điện máy Xanh Tổ dân phố 01, Xã Chư Păh, Tỉnh Gia Lai, Việt Nam",POINT (107.97325134277344 14.101521492004395),9027
Điện Máy Xanh - Điện máy Xanh 56B Phan Đình Phùng,"Điện máy Xanh 56B Phan Đình Phùng, Phường Pleiku, Tỉnh Gia Lai, Việt Nam",POINT (108.00270080566406 13.984639167785645),5345
Điện Máy Xanh - Điện máy Xanh Đường Quốc Lộ 19,"Điện máy Xanh Đường Quốc Lộ 19, Xã Bàu Cạn, Tỉnh Gia Lai, Việt Nam",POINT (107.9418716430664 13.857516288757324),7832
Thế Giới Di Động - Thế giới di động 05 Nguyễn Tất Thành,"Thế giới di động 05 Nguyễn Tất Thành, Phường Pleiku, Tỉnh Gia Lai, Việt Nam",POINT (108.00753784179688 13.98521614074707),750
Thế Giới Di Động - Thế giới di động Số 32 Lê Duẩn,"Thế giới di động Số 32 Lê Duẩn, Phường Hội Phú, Tỉnh Gia Lai, Việt Nam",POINT (108.02127838134766 13.969983100891113),638
Thế Giới Di Động - Thế giới di động 412 Trường Chinh,"Thế giới di động 412 Trường Chinh, Phường Hội Phú, Tỉnh Gia Lai, Việt Nam",POINT (108.01378631591797 13.953837394714355),106
Điện Máy Xanh - Điện máy Xanh 240 Nguyễn Huệ,"Điện máy Xanh 240 Nguyễn Huệ, Xã Bình Dương, Tỉnh Gia Lai, Việt Nam",POINT (109.07855987548828 14.291933059692383),15770
Điện Máy Xanh - Điện máy Xanh Tổ 3,"Điện máy Xanh Tổ 3, Xã Bắc Mê, Tỉnh Tuyên Quang, Việt Nam",POINT (105.31483459472656 22.740665435791016),10530
Điện Máy Xanh - Điện máy Xanh Tổ dân phố Phố Mới,"Điện máy Xanh Tổ dân phố Phố Mới, Xã Vĩnh Tuy, Tỉnh Tuyên Quang, Việt Nam",POINT (104.88700866699219 22.273921966552734),8671
Thế Giới Di Động - Thế giới di động Tổ 3,"Thế giới di động Tổ 3, Xã Bắc Quang, Tỉnh Tuyên Quang, Việt Nam",POINT (104.80746459960938 22.41605567932129),14857
Điện Máy Xanh - Điện máy Xanh Xóm Thành Tâm,"Điện máy Xanh Xóm Thành Tâm, Xã Đồng Văn, Tỉnh Tuyên Quang, Việt Nam",POINT (105.36429595947266 23.277015686035156),7881
Thế Giới Di Động - Thế giới di động Số 100 Đường 3/2 (Đồng Văn),"Thế giới di động Số 100 Đường 3/2 (Đồng Văn), Xã Đồng Văn, Tỉnh Tuyên Quang, Việt Nam",POINT (105.3591079711914 23.277372360229492),1300
Điện Máy Xanh - Điện máy Xanh Số 176 đường Nguyễn Trãi,"Điện máy Xanh Số 176 đường Nguyễn Trãi, tổ 15, Phường Nguyễn Trãi, Thành Phố Hà Giang, Tỉnh Hà Giang, Việt Nam",POINT (104.98101806640625 22.813264846801758),1069
Điện Máy Xanh - Điện máy Xanh 191 Nguyễn Thái Học,"Điện máy Xanh 191 Nguyễn Thái Học, Phường Hà Giang 2, Tỉnh Tuyên Quang, Việt Nam",POINT (104.98538970947266 22.830936431884766),9524
Điện Máy Xanh - Điện máy Xanh Số 154 tổ 4,"Điện máy Xanh Số 154 tổ 4, Thị Trấn Vị Xuyên, Huyện Vị Xuyên, Tỉnh Hà Giang, Việt Nam",POINT (104.98310089111328 22.668296813964844),158
Thế Giới Di Động - Thế giới di động Số 144 - Tổ 8 - Đường Trần Hưng Đạo - ( Đầu cầu Yên Biên 1 ),"Thế giới di động Số 144 - Tổ 8 - Đường Trần Hưng Đạo - ( Đầu cầu Yên Biên 1 ), Phường Hà Giang 2, Tỉnh Tuyên Quang, Việt Nam",POINT (104.98533630371094 22.830747604370117),1802
Thế Giới Di Động - Thế giới di động Số nhà 331 đường Nguyễn Trãi,"Thế giới di động Số nhà 331 đường Nguyễn Trãi, Phường Hà Giang 1, Tỉnh Tuyên Quang, Việt Nam",POINT (104.98159790039062 22.821292877197266),654
Thế Giới Di Động - Thế giới di động 94 Trần Hưng Đạo,"Thế giới di động 94 Trần Hưng Đạo, Phường Hà Giang 2, Tỉnh Tuyên Quang, Việt Nam",POINT (104.98761749267578 22.830646514892578),851
Thế Giới Di Động - Thế giới di động Tổ 7,"Thế giới di động Tổ 7, Xã Vị Xuyên, Tỉnh Tuyên Quang, Việt Nam",POINT (104.98506927490234 22.666486740112305),11172
Điện Máy Xanh - Điện máy Xanh Tổ dân phố 4,"Điện máy Xanh Tổ dân phố 4, Xã Hoàng Su Phì, Tỉnh Tuyên Quang, Việt Nam",POINT (104.67942810058594 22.742963790893555),1360
Điện Máy Xanh - Điện máy Xanh Số 602 Trường Chinh,"Điện máy Xanh Số 602 Trường Chinh, Tổ 4, Xã Bắc Quang, Tỉnh Tuyên Quang, Việt Nam",POINT (104.8088607788086 22.411714553833008),621
Điện Máy Xanh - Điện máy Xanh Đường Hạnh Phúc,"Điện máy Xanh Đường Hạnh Phúc, Xã Mèo Vạc, Tỉnh Tuyên Quang, Việt Nam",POINT (105.41072845458984 23.163249969482422),8272
Thế Giới Di Động - Thế giới di động Tổ 4,"Thế giới di động Tổ 4, Xã Mèo Vạc, Tỉnh Tuyên Quang, Việt Nam",POINT (105.41004943847656 23.164098739624023),1260
Thế Giới Di Động - Thế giới di động Số nhà 64-66,"Thế giới di động Số nhà 64-66, Xã Quản Bạ, Tỉnh Tuyên Quang, Việt Nam",POINT (104.99102783203125 23.064775466918945),1396
Điện Máy Xanh - Điện máy Xanh Thửa đất số 01C,"Điện máy Xanh Thửa đất số 01C, tờ bản đồ 20, Xã Quang Bình, Tỉnh Tuyên Quang, Việt Nam",POINT (104.57864379882812 22.41351890563965),8071
Điện Máy Xanh - Điện máy Xanh Tổ 6,"Điện máy Xanh Tổ 6, Xã Vị Xuyên, Tỉnh Tuyên Quang, Việt Nam",POINT (104.95760345458984 22.62590980529785),8157
Điện Máy Xanh - Điện máy Xanh Tổ 1,"Điện máy Xanh Tổ 1, Xã Pà Vầy Sủ, Tỉnh Tuyên Quang, Việt Nam",POINT (104.46188354492188 22.684078216552734),1594
Điện Máy Xanh - Điện máy Xanh Tổ 2,"Điện máy Xanh Tổ 2, Xã Yên Minh, Tỉnh Tuyên Quang, Việt Nam",POINT (105.13736724853516 23.119403839111328),4577
Thế Giới Di Động - Thế giới di động Tổ 3,"Thế giới di động Tổ 3, Xã Yên Minh, Tỉnh Tuyên Quang, Việt Nam",POINT (105.13948822021484 23.119104385375977),1295
Điện Máy Xanh - Điện máy Xanh Thôn An Ninh,"Điện máy Xanh Thôn An Ninh, Xã Bình Sơn, Tỉnh Ninh Bình, Việt Nam",POINT (106.00822448730469 20.415189743041992),8598
Điện Máy Xanh - Điện máy Xanh Phố Phú Hòa,"Điện máy Xanh Phố Phú Hòa, Phường Duy Tiên, Tỉnh Ninh Bình, Việt Nam",POINT (105.9902114868164 20.643096923828125),1263
Thế Giới Di Động - Thế giới di động phố Nguyễn Hữu Tiến ( nay là phường Đồng Văn,"Thế giới di động phố Nguyễn Hữu Tiến ( nay là phường Đồng Văn, thị xã Duy Tiên, Tỉnh Hà Nam), Phường Đồng Văn, Tỉnh Ninh Bình, Việt Nam",POINT (105.92412567138672 20.643571853637695),6908
Điện Máy Xanh - Điện máy Xanh 784 - 786 Trần Hưng Đạo,"Điện máy Xanh 784 - 786 Trần Hưng Đạo, tiểu khu Bình Thắng, Xã Bình Mỹ, Tỉnh Ninh Bình, Việt Nam",POINT (106.00544738769531 20.490951538085938),1299
Điện Máy Xanh - Điện máy Xanh Số 68 Trần Hưng Đạo,"Điện máy Xanh Số 68 Trần Hưng Đạo, Xã Vĩnh Trụ, Tỉnh Ninh Bình, Việt Nam",POINT (106.03012084960938 20.559343338012695),2123
Điện Máy Xanh - Điện máy Xanh Thôn 3,"Điện máy Xanh Thôn 3, Phường Lý Thường Kiệt, Tỉnh Ninh Bình, Việt Nam",POINT (105.87222290039062 20.581125259399414),10175
Điện Máy Xanh - Điện máy Xanh Điệp Sơn,"Điện máy Xanh Điệp Sơn, Phường Duy Tiên, Tỉnh Ninh Bình, Việt Nam",POINT (105.97908020019531 20.603044509887695),9172
Thế Giới Di Động - Thế giới di động Thôn Quyển Sơn,"Thế giới di động Thôn Quyển Sơn, Phường Lý Thường Kiệt, Tỉnh Ninh Bình, Việt Nam",POINT (105.87291717529297 20.571752548217773),92
Thế Giới Di Động - Thế giới di động Số 115 - 117 Trần Hưng Đạo ( đối diện UBND thị trấn Vĩnh Trụ),"Thế giới di động Số 115 - 117 Trần Hưng Đạo ( đối diện UBND thị trấn Vĩnh Trụ), Xã Vĩnh Trụ, Tỉnh Ninh Bình, Việt Nam",POINT (106.03166198730469 20.55986785888672),1202
Thế Giới Di Động - Thế giới di động Số 171 Đinh Tiên Hoàng,"Thế giới di động Số 171 Đinh Tiên Hoàng, Phường Phủ Lý, Tỉnh Ninh Bình, Việt Nam",POINT (105.91761016845703 20.531911849975586),1188
Thế Giới Di Động - Thế giới di động Quốc Lộ 1A (Hai Bà Trưng),"Thế giới di động Quốc Lộ 1A (Hai Bà Trưng), Phường Phủ Lý, Tỉnh Ninh Bình, Việt Nam",POINT (105.91248321533203 20.537738800048828),690
Điện Máy Xanh - Điện máy Xanh Thôn Phú Gia,"Điện máy Xanh Thôn Phú Gia, Xã Thanh Liêm, Tỉnh Ninh Bình, Việt Nam",POINT (105.91860961914062 20.417028427124023),5263
Điện Máy Xanh - Điện máy Xanh Tổ dân phố Non,"Điện máy Xanh Tổ dân phố Non, Xã Tân Thanh, Tỉnh Ninh Bình, Việt Nam",POINT (105.95307922363281 20.474153518676758),8874
Điện Máy Xanh - Điện máy Xanh Số 222 Lê Hoàn,"Điện máy Xanh Số 222 Lê Hoàn, Phường Phủ Lý, Tỉnh Ninh Bình, Việt Nam",POINT (105.91240692138672 20.54034423828125),634
Điện Máy Xanh - Điện máy Xanh Khu TM4 - Quốc lộ 1A,"Điện máy Xanh Khu TM4 - Quốc lộ 1A, Phường Phủ Lý, Tỉnh Ninh Bình, Việt Nam",POINT (105.91410827636719 20.532209396362305),3947
Điện Máy Xanh - Điện máy Xanh 130-132b Nguyễn Hữu Tiến,"Điện máy Xanh 130-132b Nguyễn Hữu Tiến, Phường Đồng Văn, Tỉnh Ninh Bình, Việt Nam",POINT (105.92243957519531 20.643360137939453),1306
Điện Máy Xanh - Điện máy Xanh Số 146 phố Kim Mã,"Điện máy Xanh Số 146 phố Kim Mã, Phường Ngọc Hà, Thành phố Hà Nội, Việt Nam",POINT (105.82660675048828 21.03223419189453),221
Thế Giới Di Động - Thế giới di động Số 100 phố Đội Cấn,"Thế giới di động Số 100 phố Đội Cấn, Phường Ba Đình, Thành phố Hà Nội, Việt Nam",POINT (105.8285903930664 21.03455352783203),653
Thế Giới Di Động - Thế giới di động 284 Đội Cấn,"Thế giới di động 284 Đội Cấn, Phường Ngọc Hà, Thành phố Hà Nội, Việt Nam",POINT (105.8193130493164 21.03550910949707),8545
Thế Giới Di Động - Thế giới di động 351 Cầu Giấy,"Thế giới di động 351 Cầu Giấy, Phường Cầu Giấy, Thành phố Hà Nội, Việt Nam",POINT (105.79078674316406 21.03608512878418),43
Điện Máy Xanh - Điện máy Xanh Số 406 đường Quảng Oai,"Điện máy Xanh Số 406 đường Quảng Oai, Xã Quảng Oai, Thành phố Hà Nội, Việt Nam",POINT (105.42771911621094 21.195735931396484),1138
Điện Máy Xanh - Điện máy Xanh Phố Nhông,"Điện máy Xanh Phố Nhông, Xã Vật Lại, Thành phố Hà Nội, Việt Nam",POINT (105.376708984375 21.228029251098633),1834
Điện Máy Xanh - Điện máy Xanh Thôn Yên Thành,"Điện máy Xanh Thôn Yên Thành, Xã Suối Hai, Thành phố Hà Nội, Việt Nam",POINT (105.3890380859375 21.122682571411133),5114
Điện Máy Xanh - Điện máy Xanh Thôn Liên Minh,"Điện máy Xanh Thôn Liên Minh, Xã Quảng Oai, Thành phố Hà Nội, Việt Nam",POINT (105.41227722167969 21.157489776611328),7916
Điện Máy Xanh - Điện máy Xanh Thôn Việt Hòa,"Điện máy Xanh Thôn Việt Hòa, Xã Yên Bài, Thành phố Hà Nội, Việt Nam",POINT (105.43387603759766 21.07709503173828),9057
Điện Máy Xanh - Điện máy Xanh Thôn Tri Lai,"Điện máy Xanh Thôn Tri Lai, Xã Vật Lại, Thành phố Hà Nội, Việt Nam",POINT (105.38809967041016 21.240020751953125),8325
Điện Máy Xanh - Điện máy Xanh Thôn Lặt,"Điện máy Xanh Thôn Lặt, Xã Ba Vì, Thành phố Hà Nội, Việt Nam",POINT (105.32003021240234 21.071401596069336),8988
Điện Máy Xanh - Điện máy Xanh Thôn Đan Thê,"Điện máy Xanh Thôn Đan Thê, Xã Bất Bạt, Thành phố Hà Nội, Việt Nam",POINT (105.30261993408203 21.17967414855957),8672
Thế Giới Di Động - Thế giới di động Thôn Tân Phú Mỹ,"Thế giới di động Thôn Tân Phú Mỹ, Xã Vật Lại, Thành phố Hà Nội, Việt Nam",POINT (105.40870666503906 21.2152156829834),1067
Điện Máy Xanh - Điện máy Xanh Lô CN 1,"Điện máy Xanh Lô CN 1, Cụm công nghiệp tập trung vừa và nhỏ, Phường Xuân Phương, Thành phố Hà Nội, Việt Nam",POINT (105.7417984008789 21.049020767211914),3932
Thế Giới Di Động - Thế giới di động Số 17 đường Cổ Nhuế,"Thế giới di động Số 17 đường Cổ Nhuế, Tổ dân phố Đống 2, Phường Đông Ngạc, Thành phố Hà Nội, Việt Nam",POINT (105.78282165527344 21.059152603149414),10738
Điện Máy Xanh - Điện máy Xanh 1A Tân Xuân,"Điện máy Xanh 1A Tân Xuân, Phường Đông Ngạc, Thành phố Hà Nội, Việt Nam",POINT (105.7854232788086 21.091236114501953),2611
Thế Giới Di Động - Thế giới di động Số 2 - 4 - 8 đường Cầu Diễn,"Thế giới di động Số 2 - 4 - 8 đường Cầu Diễn, Phường Phú Diễn, Thành phố Hà Nội, Việt Nam",POINT (105.76121520996094 21.042194366455078),9211
Thế Giới Di Động - Thế giới di động Số 87 đường Tân Xuân,"Thế giới di động Số 87 đường Tân Xuân, Phường Đông Ngạc, Thành phố Hà Nội, Việt Nam",POINT (105.78491973876953 21.080495834350586),1889
Điện Máy Xanh - Điện máy Xanh Số 260 Cầu Giấy,"Điện máy Xanh Số 260 Cầu Giấy, Phường Cầu Giấy, Thành phố Hà Nội, Việt Nam",POINT (105.79611206054688 21.034517288208008),4490
Điện Máy Xanh - Điện máy Xanh Số 70-72-74 đường Hồ Tùng Mậu,"Điện máy Xanh Số 70-72-74 đường Hồ Tùng Mậu, Phường Mai Dịch, Quận Cầu Giấy, Thành phố Hà Nội, Việt Nam",POINT (105.77836608886719 21.03670310974121),9638
Thế Giới Di Động - Thế giới di động Số 5 đường Hồ Tùng Mậu,"Thế giới di động Số 5 đường Hồ Tùng Mậu, Phường Từ Liêm, Thành phố Hà Nội, Việt Nam",POINT (105.77855682373047 21.03644561767578),8791
Thế Giới Di Động - Thế giới di động Số 102 Phạm Văn Đồng ( Đầu Ngõ 1 đường Phạm Văn Đồng,"Thế giới di động Số 102 Phạm Văn Đồng ( Đầu Ngõ 1 đường Phạm Văn Đồng, cách phố Doãn Kế Thiện 200m), Phường Phú Diễn, Thành phố Hà Nội, Việt Nam",POINT (105.78079986572266 21.042510986328125),2325
Thế Giới Di Động - Thế giới di động Số 205 Trung Kính,"Thế giới di động Số 205 Trung Kính, Phường Cầu Giấy, Thành phố Hà Nội, Việt Nam",POINT (105.79268646240234 21.018512725830078),1090
Thế Giới Di Động - Thế giới di động Số 58 Nguyễn Khánh Toàn,"Thế giới di động Số 58 Nguyễn Khánh Toàn, Phường Nghĩa Đô, Thành phố Hà Nội, Việt Nam",POINT (105.80301666259766 21.036327362060547),147
Thế Giới Di Động - Thế giới di động Số 93 Lạc Long Quân,"Thế giới di động Số 93 Lạc Long Quân, Phường Tây Hồ, Thành phố Hà Nội, Việt Nam",POINT (105.8077163696289 21.050790786743164),215
Điện Máy Xanh - Điện máy Xanh Kilomet 28 quốc lộ 6,"Điện máy Xanh Kilomet 28 quốc lộ 6, Xã Phú Nghĩa, Thành phố Hà Nội, Việt Nam",POINT (105.64295196533203 20.9189510345459),558
Điện Máy Xanh - Điện máy Xanh Số 34 tổ 2,"Điện máy Xanh Số 34 tổ 2, khu Xuân Hà, Xã Xuân Mai, Thành phố Hà Nội, Việt Nam",POINT (105.58038330078125 20.900991439819336),1068
Điện Máy Xanh - Điện máy Xanh Thôn Tràng An,"Điện máy Xanh Thôn Tràng An, Phường Chương Mỹ, Thành phố Hà Nội, Việt Nam",POINT (105.71234130859375 20.927242279052734),56
Điện Máy Xanh - Điện máy Xanh Thôn Nam Sơn,"Điện máy Xanh Thôn Nam Sơn, Xã Xuân Mai, Thành phố Hà Nội, Việt Nam",POINT (105.60172271728516 20.851943969726562),1267
Điện Máy Xanh - Điện máy Xanh Đội 7,"Điện máy Xanh Đội 7, Thôn 2, Xã Quảng Bị, Thành phố Hà Nội, Việt Nam",POINT (105.7003402709961 20.863195419311523),1836
Điện Máy Xanh - Điện máy Xanh Thôn Quyết Tiến,"Điện máy Xanh Thôn Quyết Tiến, Xã Trần Phú, Thành phố Hà Nội, Việt Nam",POINT (105.66090393066406 20.867931365966797),7955
Điện Máy Xanh - Điện máy Xanh Khu đầu chợ Phượng,"Điện máy Xanh Khu đầu chợ Phượng, thôn Phượng Nghĩa, Phường Chương Mỹ, Thành phố Hà Nội, Việt Nam",POINT (105.70475006103516 20.92171859741211),9349
Điện Máy Xanh - Điện máy Xanh Số 186 phố Tây Sơn,"Điện máy Xanh Số 186 phố Tây Sơn, Xã Đan Phượng, Thành phố Hà Nội, Việt Nam",POINT (105.67273712158203 21.08356285095215),1139
Điện Máy Xanh - Điện máy Xanh Phố Thụy Ứng,"Điện máy Xanh Phố Thụy Ứng, Xã Đan Phượng, Thành phố Hà Nội, Việt Nam",POINT (105.66357421875 21.086132049560547),8805
Điện Máy Xanh - Điện máy Xanh Cụm 11,"Điện máy Xanh Cụm 11, Xã Ô Diên, Thành phố Hà Nội, Việt Nam",POINT (105.7054214477539 21.095077514648438),1614
Điện Máy Xanh - Điện máy Xanh Số 536 - 538,"Điện máy Xanh Số 536 - 538, đường Hồng Hà, cụm 9, Xã Ô Diên, Thành phố Hà Nội, Việt Nam",POINT (105.67939758300781 21.127994537353516),2787
Thế Giới Di Động - Thế giới di động Đạc 7,"Thế giới di động Đạc 7, Xã Liên Minh, Thành phố Hà Nội, Việt Nam",POINT (105.64707946777344 21.119003295898438),1590
Điện Máy Xanh - Điện máy Xanh Tổ 4,"Điện máy Xanh Tổ 4, Khối 1, Xã Đông Anh, Thành phố Hà Nội, Việt Nam",POINT (105.84529113769531 21.142154693603516),1190
Điện Máy Xanh - Điện máy Xanh Thôn Đản Mỗ,"Điện máy Xanh Thôn Đản Mỗ, Xã Đông Anh, Thành phố Hà Nội, Việt Nam",POINT (105.8459701538086 21.146564483642578),3935
Điện Máy Xanh - Điện máy Xanh Số 220 - 222 Vân Trì,"Điện máy Xanh Số 220 - 222 Vân Trì, Xã Phúc Thịnh, Thành phố Hà Nội, Việt Nam",POINT (105.81620025634766 21.153947830200195),1122
Điện Máy Xanh - Điện máy Xanh Khu dân cư Bắc Thăng Long,"Điện máy Xanh Khu dân cư Bắc Thăng Long, Xã Vĩnh Thanh, Thành phố Hà Nội, Việt Nam",POINT (105.78907775878906 21.11322784423828),1473
Điện Máy Xanh - Điện máy Xanh Thôn Đìa,"Điện máy Xanh Thôn Đìa, Xã Phúc Thịnh, Thành phố Hà Nội, Việt Nam",POINT (105.78451538085938 21.160907745361328),8966
Điện Máy Xanh - Điện máy Xanh Thôn Lương Quy,"Điện máy Xanh Thôn Lương Quy, Xã Thư Lâm, Thành phố Hà Nội, Việt Nam",POINT (105.86605072021484 21.16606330871582),1644
Điện Máy Xanh - Điện máy Xanh Thôn Vang,"Điện máy Xanh Thôn Vang, Xã Đông Anh, Thành phố Hà Nội, Việt Nam",POINT (105.8491439819336 21.14039421081543),9506
Thế Giới Di Động - Thế giới di động Số 162-164 đường Cao Lỗ,"Thế giới di động Số 162-164 đường Cao Lỗ, Xã Đông Anh, Thành phố Hà Nội, Việt Nam",POINT (105.85846710205078 21.1383113861084),981
Thế Giới Di Động - Thế giới di động Quốc lộ 03,"Thế giới di động Quốc lộ 03, tổ 16 (ngã 3 thiết bị điện), Xã Thư Lâm, Thành phố Hà Nội, Việt Nam",POINT (105.84660339355469 21.1633358001709),2764
Thế Giới Di Động - Thế giới di động Thôn Bầu,"Thế giới di động Thôn Bầu, Xã Thiên Lộc, Thành phố Hà Nội, Việt Nam",POINT (105.77953338623047 21.129039764404297),1080
Thế Giới Di Động - Thế giới di động Thôn Phan Xá,"Thế giới di động Thôn Phan Xá, Xã Đông Anh, Thành phố Hà Nội, Việt Nam",POINT (105.8553695678711 21.138668060302734),715
Thế Giới Di Động - Thế giới di động Thôn Ngọc Chi,"Thế giới di động Thôn Ngọc Chi, Xã Vĩnh Thanh, Thành phố Hà Nội, Việt Nam",POINT (105.82788848876953 21.116409301757812),1870
Điện Máy Xanh - Điện máy Xanh Số 147 - 149 - 151 - 153 Xã Đàn,"Điện máy Xanh Số 147 - 149 - 151 - 153 Xã Đàn, Phường Kim Liên, Thành phố Hà Nội, Việt Nam",POINT (105.83412170410156 21.013874053955078),7267
Điện Máy Xanh - Điện máy Xanh Số 159 Thái Hà,"Điện máy Xanh Số 159 Thái Hà, Phường Đống Đa, Thành phố Hà Nội, Việt Nam",POINT (105.81849670410156 21.01388168334961),3927
Thế Giới Di Động - Thế giới di động 11A Thái Hà,"Thế giới di động 11A Thái Hà, Phường Đống Đa, Thành phố Hà Nội, Việt Nam",POINT (105.82015991210938 21.012996673583984),26
Điện Máy Xanh - Điện máy Xanh 53 - 55 Đặng Phúc Thông (Đối diện cây xăng Dốc Lã) Thôn Lã Côi,"Điện máy Xanh 53 - 55 Đặng Phúc Thông (Đối diện cây xăng Dốc Lã) Thôn Lã Côi, Xã Phù Đổng, Thành phố Hà Nội, Việt Nam",POINT (105.92790985107422 21.096527099609375),1472
Điện Máy Xanh - Điện máy Xanh Số 115 - 117 - 119,"Điện máy Xanh Số 115 - 117 - 119, đường Ngô Xuân Quảng, Xã Gia Lâm, Thành phố Hà Nội, Việt Nam",POINT (105.93702697753906 21.017892837524414),1807
Điện Máy Xanh - Điện máy Xanh Số 203 - 205 - 207 Hà Huy Tập,"Điện máy Xanh Số 203 - 205 - 207 Hà Huy Tập, Xã Phù Đổng, Thành phố Hà Nội, Việt Nam",POINT (105.91375732421875 21.08179473876953),5124
Điện Máy Xanh - Điện máy Xanh Thôn Thuận Tốn,"Điện máy Xanh Thôn Thuận Tốn, Xã Gia Lâm, Thành phố Hà Nội, Việt Nam",POINT (105.92012023925781 20.982784271240234),2150
Điện Máy Xanh - Điện máy Xanh Thôn Phú Thụy,"Điện máy Xanh Thôn Phú Thụy, Xã Gia Lâm, Thành phố Hà Nội, Việt Nam",POINT (105.96524810791016 21.019447326660156),1902
Điện Máy Xanh - Điện máy Xanh Phù Đổng 6,"Điện máy Xanh Phù Đổng 6, xóm Tự, thôn Phù Đổng, Xã Phù Đổng, Thành phố Hà Nội, Việt Nam",POINT (105.96040344238281 21.053735733032227),12069
Điện Máy Xanh - Điện máy Xanh Phố Keo,"Điện máy Xanh Phố Keo, Xã Thuận An, Thành phố Hà Nội, Việt Nam",POINT (105.9888687133789 21.02625274658203),9021
Thế Giới Di Động - Thế giới di động Số 103,"Thế giới di động Số 103, đường Ngô Xuân Quảng, Xã Gia Lâm, Thành phố Hà Nội, Việt Nam",POINT (105.9371337890625 21.01826286315918),1444
Thế Giới Di Động - Thế giới di động Số 315 Đường Hà Huy Tập,"Thế giới di động Số 315 Đường Hà Huy Tập, Xã Phù Đổng, Thành phố Hà Nội, Việt Nam",POINT (105.92323303222656 21.091684341430664),573
Thế Giới Di Động - Thế giới di động Số 72A - 72B,"Thế giới di động Số 72A - 72B, thôn Thuận Tốn, Xã Gia Lâm, Thành phố Hà Nội, Việt Nam",POINT (105.93038940429688 20.986183166503906),1428
Thế Giới Di Động - Thế giới di động Đường Kiêu Kỵ,"Thế giới di động Đường Kiêu Kỵ, Thôn Trung Dương (Ngã Tư Chợ Kiêu Kỵ), Xã Gia Lâm, Thành phố Hà Nội, Việt Nam",POINT (105.9600601196289 20.98343849182129),1936
Thế Giới Di Động - Thế giới di động Xóm 8,"Thế giới di động Xóm 8, Xã Phù Đổng, Thành phố Hà Nội, Việt Nam",POINT (105.94036102294922 21.079273223876953),10129
Điện Máy Xanh - Điện máy Xanh Khu đô thị Mỗ Lao,"Điện máy Xanh Khu đô thị Mỗ Lao, Phường Hà Đông, Thành phố Hà Nội, Việt Nam",POINT (105.7854232788086 20.979543685913086),3924
Điện Máy Xanh - Điện máy Xanh 36 Cầu Bươu,"Điện máy Xanh 36 Cầu Bươu, Phường Kiến Hưng, Thành phố Hà Nội, Việt Nam",POINT (105.80172729492188 20.96027183532715),112
Điện Máy Xanh - Điện máy Xanh Số 194-196-198-200 Vạn Phúc,"Điện máy Xanh Số 194-196-198-200 Vạn Phúc, Hà Đông, Hà Nội (Ngã Tư Vạn Phúc - Đại Mỗ), Phường Hà Đông, Thành phố Hà Nội, Việt Nam",POINT (105.76782989501953 20.983173370361328),4017
Điện Máy Xanh - Điện máy Xanh 170 Lê Trọng Tấn,"Điện máy Xanh 170 Lê Trọng Tấn, Phường Hà Đông, Thành phố Hà Nội, Việt Nam",POINT (105.75772094726562 20.966655731201172),1305
Điện Máy Xanh - Điện máy Xanh 746 - 748 - 750 - 752 Quang Trung,"Điện máy Xanh 746 - 748 - 750 - 752 Quang Trung, Phường Dương Nội, Thành phố Hà Nội, Việt Nam",POINT (105.75753021240234 20.957012176513672),328
Thế Giới Di Động - Thế giới di động Số 124 Phố Xốm,"Thế giới di động Số 124 Phố Xốm, Phường Phú Lương, Thành phố Hà Nội, Việt Nam",POINT (105.75650787353516 20.94358253479004),389
Thế Giới Di Động - Thế giới di động 18B Trần Phú,"Thế giới di động 18B Trần Phú, tổ dân phố 3 (cạnh siêu thị Coop Mart), Phường Hà Đông, Thành phố Hà Nội, Việt Nam",POINT (105.78990173339844 20.98218536376953),2504
Thế Giới Di Động - Thế giới di động Số 186 đường Vạn Phúc,"Thế giới di động Số 186 đường Vạn Phúc, Phường Hà Đông, Thành phố Hà Nội, Việt Nam",POINT (105.77050018310547 20.98248863220215),9522
Thế Giới Di Động - Thế giới di động Số 245 Lê Trọng Tấn (ngã tư chợ La Cả),"Thế giới di động Số 245 Lê Trọng Tấn (ngã tư chợ La Cả), Phường Dương Nội, Thành phố Hà Nội, Việt Nam",POINT (105.7460708618164 20.978193283081055),2391
Thế Giới Di Động - Thế giới di động 403 Quang Trung,"Thế giới di động 403 Quang Trung, Phường Kiến Hưng, Thành phố Hà Nội, Việt Nam",POINT (105.76801300048828 20.964494705200195),805
Thế Giới Di Động - Thế giới di động Tổ dân phố Trung Bình (ngã tư La Dương),"Thế giới di động Tổ dân phố Trung Bình (ngã tư La Dương), Phường Dương Nội, Thành phố Hà Nội, Việt Nam",POINT (105.73599243164062 20.993249893188477),2677
Thế Giới Di Động - Thế giới di động 95 Đường Phùng Hưng,"Thế giới di động 95 Đường Phùng Hưng, Phường Hà Đông, Thành phố Hà Nội, Việt Nam",POINT (105.78423309326172 20.970800399780273),11719
Thế Giới Di Động - Thế giới di động 66 Đường Vạn Phúc,"Thế giới di động 66 Đường Vạn Phúc, Tổ Dân Phố Bạch Đằng ( Đầu Ngõ 68 Đường Vạn Phúc ), Phường Hà Đông, Thành phố Hà Nội, Việt Nam",POINT (105.77205657958984 20.9805850982666),520
Thế Giới Di Động - Thế giới di động Số 65,"Thế giới di động Số 65, đường Phan Trọng Tuệ, Xã Đại Thanh, Thành phố Hà Nội, Việt Nam",POINT (105.80699157714844 20.957637786865234),1611
Điện Máy Xanh - Điện máy Xanh Số 418 đường Quang Trung,"Điện máy Xanh Số 418 đường Quang Trung, Phường Dương Nội, Thành phố Hà Nội, Việt Nam",POINT (105.76449584960938 20.962282180786133),5423
Điện Máy Xanh - Điện máy Xanh Số 1 ngõ 349 đường Minh Khai,"Điện máy Xanh Số 1 ngõ 349 đường Minh Khai, Phường Vĩnh Tuy, Thành phố Hà Nội, Việt Nam",POINT (105.86529541015625 20.99755859375),4712
Điện Máy Xanh - Điện máy Xanh Số 196 Tam Trinh,"Điện máy Xanh Số 196 Tam Trinh, Phường Hoàng Mai, Thành phố Hà Nội, Việt Nam",POINT (105.86631774902344 20.965251922607422),1046
Điện Máy Xanh - Điện máy Xanh Số 223 - 225 đường Lĩnh Nam,"Điện máy Xanh Số 223 - 225 đường Lĩnh Nam, Phường Vĩnh Hưng, Thành phố Hà Nội, Việt Nam",POINT (105.87278747558594 20.984668731689453),6321
Thế Giới Di Động - Thế giới di động 456-456A-458 Bạch Mai,"Thế giới di động 456-456A-458 Bạch Mai, Phường Bạch Mai, Thành phố Hà Nội, Việt Nam",POINT (105.84999084472656 20.997121810913086),966
Thế Giới Di Động - Thế giới di động Số 466 phố Minh Khai,"Thế giới di động Số 466 phố Minh Khai, Phường Vĩnh Tuy, Thành phố Hà Nội, Việt Nam",POINT (105.86813354492188 20.998125076293945),337
Thế Giới Di Động - Thế giới di động Số 638 đường Bạch Đằng,"Thế giới di động Số 638 đường Bạch Đằng, Phường Hai Bà Trưng, Thành phố Hà Nội, Việt Nam",POINT (105.86544036865234 21.014389038085938),8572
Thế Giới Di Động - Thế giới di động Số 233 đường Lĩnh Nam,"Thế giới di động Số 233 đường Lĩnh Nam, tổ 27, Phường Vĩnh Hưng, Thành phố Hà Nội, Việt Nam",POINT (105.87114715576172 20.98508071899414),132
Điện Máy Xanh - Điện máy Xanh Thôn 1,"Điện máy Xanh Thôn 1, Xã Dương Hòa, Thành phố Hà Nội, Việt Nam",POINT (105.67606353759766 21.046953201293945),1904
Điện Máy Xanh - Điện máy Xanh Khu Chùa Tổng,"Điện máy Xanh Khu Chùa Tổng, thôn Ngãi Câu, Xã An Khánh, Thành phố Hà Nội, Việt Nam",POINT (105.7291030883789 20.991695404052734),1663
Điện Máy Xanh - Điện máy Xanh Quốc lộ 32,"Điện máy Xanh Quốc lộ 32, khu 6, Xã Hoài Đức, Thành phố Hà Nội, Việt Nam",POINT (105.70794677734375 21.07004165649414),2430
Điện Máy Xanh - Điện máy Xanh Ngã tư Sơn Đồng,"Điện máy Xanh Ngã tư Sơn Đồng, Xã Sơn Đồng, Thành phố Hà Nội, Việt Nam",POINT (105.70390319824219 21.047361373901367),1476
Điện Máy Xanh - Điện máy Xanh Thôn Vân Lũng,"Điện máy Xanh Thôn Vân Lũng, Xã An Khánh, Thành phố Hà Nội, Việt Nam",POINT (105.7205810546875 21.0056095123291),8701
Thế Giới Di Động - Thế giới di động Thôn Vân Lũng (ngã 3 Vân Lũng),"Thế giới di động Thôn Vân Lũng (ngã 3 Vân Lũng), Xã An Khánh, Thành phố Hà Nội, Việt Nam",POINT (105.7198715209961 21.005226135253906),2788
Thế Giới Di Động - Thế giới di động Xóm 1,"Thế giới di động Xóm 1, Ngã tư Canh, thôn An Trai, Xã Sơn Đồng, Thành phố Hà Nội, Việt Nam",POINT (105.73847961425781 21.03531265258789),1032
Điện Máy Xanh - Điện máy Xanh Phố Nỷ,"Điện máy Xanh Phố Nỷ, Xã Trung Giã, Thành phố Hà Nội, Việt Nam",POINT (105.86701965332031 21.310527801513672),1994
Thế Giới Di Động - Thế giới di động Số 30,"Thế giới di động Số 30, phố Trần Hưng Đạo, Xã Quảng Oai, Thành phố Hà Nội, Việt Nam",POINT (105.42337036132812 21.198827743530273),336
Thế Giới Di Động - Thế giới di động 21 Hàng Gai,"Thế giới di động 21 Hàng Gai, Phường Hoàn Kiếm, Thành phố Hà Nội, Việt Nam",POINT (105.85111236572266 21.032419204711914),8592
Thế Giới Di Động - Thế giới di động 21D phố Hàng Bài,"Thế giới di động 21D phố Hàng Bài, Phường Cửa Nam, Thành phố Hà Nội, Việt Nam",POINT (105.85298919677734 21.023967742919922),10715
Thế Giới Di Động - Thế giới di động 04 Ngõ 177 Định Công (cạnh ngã tư cầu Định Công),"Thế giới di động 04 Ngõ 177 Định Công (cạnh ngã tư cầu Định Công), Phường Định Công, Thành phố Hà Nội, Việt Nam",POINT (105.83464813232422 20.982263565063477),2433
Thế Giới Di Động - Thế giới di động 546 Trương Định ( cầu Kim Đồng liền kề ngã tư Tân Mai),"Thế giới di động 546 Trương Định ( cầu Kim Đồng liền kề ngã tư Tân Mai), Phường Tương Mai, Thành phố Hà Nội, Việt Nam",POINT (105.84562683105469 20.983837127685547),1838
Điện Máy Xanh - Điện máy Xanh Tầng 2,"Điện máy Xanh Tầng 2, tòa nhà trung tâm thương mại Savico Mega Mall, 7 - 9 Nguyễn Văn Linh, Phường Việt Hưng, Thành phố Hà Nội, Việt Nam",POINT (105.89280700683594 21.050472259521484),3934
Điện Máy Xanh - Điện máy Xanh Số 141,"Điện máy Xanh Số 141, Phường Long Biên, Thành phố Hà Nội, Việt Nam",POINT (105.90801239013672 21.024948120117188),5468
Điện Máy Xanh - Điện máy Xanh Số 142 đường Ngọc Thụy,"Điện máy Xanh Số 142 đường Ngọc Thụy, Phường Bồ Đề, Thành phố Hà Nội, Việt Nam",POINT (105.86416625976562 21.05221176147461),8807
Thế Giới Di Động - Thế giới di động 2 Ngọc Trì (Ngã Tư Cổ Linh),"Thế giới di động 2 Ngọc Trì (Ngã Tư Cổ Linh), Phường Long Biên, Thành phố Hà Nội, Việt Nam",POINT (105.90524291992188 21.022661209106445),1475
Thế Giới Di Động - Thế giới di động Số 182 - 184 đường Ngọc Lâm,"Thế giới di động Số 182 - 184 đường Ngọc Lâm, Tổ 3, Phường Bồ Đề, Thành phố Hà Nội, Việt Nam",POINT (105.87098693847656 21.046289443969727),1043
Thế Giới Di Động - Thế giới di động Số 2 đường Thạch Bàn,"Thế giới di động Số 2 đường Thạch Bàn, Phường Long Biên, Thành phố Hà Nội, Việt Nam",POINT (105.91310119628906 21.029939651489258),1893
Thế Giới Di Động - Thế giới di động 777 - 779 Ngô Gia Tự,"Thế giới di động 777 - 779 Ngô Gia Tự, Phường Việt Hưng, Thành phố Hà Nội, Việt Nam",POINT (105.90394592285156 21.071744918823242),695
Thế Giới Di Động - Thế giới di động Số 53B,"Thế giới di động Số 53B, 53C, 53D, Phố Sài Đồng, Phường Phúc Lợi, Thành phố Hà Nội, Việt Nam",POINT (105.91016387939453 21.03466033935547),15895
Điện Máy Xanh - Điện máy Xanh Đường Võ Văn Kiệt,"Điện máy Xanh Đường Võ Văn Kiệt, tổ 7, Xã Quang Minh, Thành phố Hà Nội, Việt Nam",POINT (105.78079986572266 21.19441795349121),1808
Điện Máy Xanh - Điện máy Xanh Thôn Thường Lệ,"Điện máy Xanh Thôn Thường Lệ, Xã Quang Minh, Thành phố Hà Nội, Việt Nam",POINT (105.73107147216797 21.175264358520508),1427
Điện Máy Xanh - Điện máy Xanh Khu 15,"Điện máy Xanh Khu 15, thôn Yên Nhân, Xã Mê Linh, Thành phố Hà Nội, Việt Nam",POINT (105.75676727294922 21.150379180908203),1438
Điện Máy Xanh - Điện máy Xanh Thôn Xa Mạc,"Điện máy Xanh Thôn Xa Mạc, Xã Yên Lãng, Thành phố Hà Nội, Việt Nam",POINT (105.64469146728516 21.190946578979492),8703
Điện Máy Xanh - Điện máy Xanh Thôn 2,"Điện máy Xanh Thôn 2, Xã Yên Lãng, Thành phố Hà Nội, Việt Nam",POINT (105.67340850830078 21.171768188476562),7846
Điện Máy Xanh - Điện máy Xanh Thôn Khê Ngoại 1,"Điện máy Xanh Thôn Khê Ngoại 1, Xã Mê Linh, Thành phố Hà Nội, Việt Nam",POINT (105.70722961425781 21.16278076171875),8269
Điện Máy Xanh - Điện máy Xanh 119 Đại Nghĩa,"Điện máy Xanh 119 Đại Nghĩa, Xã Mỹ Đức, Thành phố Hà Nội, Việt Nam",POINT (105.74134063720703 20.686824798583984),1249
Điện Máy Xanh - Điện máy Xanh Xóm 3,"Điện máy Xanh Xóm 3, thôn Hội Xá, Xã Hương Sơn, Thành phố Hà Nội, Việt Nam",POINT (105.78447723388672 20.616783142089844),1914
Điện Máy Xanh - Điện máy Xanh Xóm 6,"Điện máy Xanh Xóm 6, Xã Phúc Sơn, Thành phố Hà Nội, Việt Nam",POINT (105.7069091796875 20.808624267578125),1237
Thế Giới Di Động - Thế giới di động Thôn Tế Tiêu,"Thế giới di động Thôn Tế Tiêu, Xã Mỹ Đức, Thành phố Hà Nội, Việt Nam",POINT (105.74214935302734 20.686115264892578),774
Điện Máy Xanh - Điện máy Xanh 283 Đường Xuân Phương,"Điện máy Xanh 283 Đường Xuân Phương, Phường Xuân Phương, Thành phố Hà Nội, Việt Nam",POINT (105.73976135253906 21.02992057800293),5476
Điện Máy Xanh - Điện máy Xanh 55 Nguyễn Hoàng,"Điện máy Xanh 55 Nguyễn Hoàng, Thôn Phú Mỹ, Phường Từ Liêm, Thành phố Hà Nội, Việt Nam",POINT (105.77230072021484 21.032743453979492),1031
Điện Máy Xanh - Điện máy Xanh Số 81 Lê Đức Thọ,"Điện máy Xanh Số 81 Lê Đức Thọ, Phường Từ Liêm, Thành phố Hà Nội, Việt Nam",POINT (105.76921844482422 21.03003692626953),9269
Điện Máy Xanh - Điện máy Xanh Số 90 Miếu Đầm,"Điện máy Xanh Số 90 Miếu Đầm, Phường Từ Liêm, Thành phố Hà Nội, Việt Nam",POINT (105.78266143798828 21.005170822143555),5223
Thế Giới Di Động - Thế giới di động 238 Nguyễn Trãi (bên cạnh trường Đại Học Hà Nội),"Thế giới di động 238 Nguyễn Trãi (bên cạnh trường Đại Học Hà Nội), Phường Đại Mỗ, Thành phố Hà Nội, Việt Nam",POINT (105.79733276367188 20.98765754699707),468
Thế Giới Di Động - Thế giới di động Số 38,"Thế giới di động Số 38, Đ. Lê Quang Đạo, Phường Từ Liêm, Thành phố Hà Nội, Việt Nam",POINT (105.76921081542969 21.01406478881836),1119
Điện Máy Xanh - Điện máy Xanh Số 2 thôn Tử Dương,"Điện máy Xanh Số 2 thôn Tử Dương, Xã Chương Dương, Thành phố Hà Nội, Việt Nam",POINT (105.88395690917969 20.804048538208008),1474
Điện Máy Xanh - Điện máy Xanh Xóm Cầu,"Điện máy Xanh Xóm Cầu, Xã Phượng Dực, Thành phố Hà Nội, Việt Nam",POINT (105.82308197021484 20.793161392211914),8978
Điện Máy Xanh - Điện máy Xanh Tiểu khu Phú Thịnh,"Điện máy Xanh Tiểu khu Phú Thịnh, Xã Phú Xuyên, Thành phố Hà Nội, Việt Nam",POINT (105.9167709350586 20.781749725341797),8198
Thế Giới Di Động - Thế giới di động Tiểu khu Mỹ Lâm,"Thế giới di động Tiểu khu Mỹ Lâm, Xã Phú Xuyên, Thành phố Hà Nội, Việt Nam",POINT (105.91313171386719 20.73715591430664),776
Điện Máy Xanh - Điện máy Xanh Khu Cửa Đình,"Điện máy Xanh Khu Cửa Đình, Xã Phúc Thọ, Thành phố Hà Nội, Việt Nam",POINT (105.53727722167969 21.107177734375),12389
Điện Máy Xanh - Điện máy Xanh Số 50,"Điện máy Xanh Số 50, đường Tam Hiệp, Xã Hát Môn, Thành phố Hà Nội, Việt Nam",POINT (105.62301635742188 21.082300186157227),8199
Điện Máy Xanh - Điện máy Xanh Cụm 5,"Điện máy Xanh Cụm 5, Xã Phúc Lộc, Thành phố Hà Nội, Việt Nam",POINT (105.59443664550781 21.148284912109375),1481
Thế Giới Di Động - Thế giới di động Cụm 8 (Ngã Tư Gạch),"Thế giới di động Cụm 8 (Ngã Tư Gạch), Xã Phúc Thọ, Thành phố Hà Nội, Việt Nam",POINT (105.53810119628906 21.107187271118164),142
Điện Máy Xanh - Điện máy Xanh Phố Huyện,"Điện máy Xanh Phố Huyện, Xã Quốc Oai, Thành phố Hà Nội, Việt Nam",POINT (105.63973236083984 20.99327850341797),1479
Điện Máy Xanh - Điện máy Xanh Xóm 2,"Điện máy Xanh Xóm 2, thôn Long Phú, Xã Phú Cát, Thành phố Hà Nội, Việt Nam",POINT (105.5537109375 20.94414520263672),2762
Điện Máy Xanh - Điện máy Xanh Thôn Cấn Thượng,"Điện máy Xanh Thôn Cấn Thượng, Xã Kiều Phú, Thành phố Hà Nội, Việt Nam",POINT (105.61531066894531 20.95261001586914),8073
Thế Giới Di Động - Thế giới di động Thôn 1,"Thế giới di động Thôn 1, Xã Hưng Đạo, Thành phố Hà Nội, Việt Nam",POINT (105.6735610961914 20.978147506713867),1879
Thế Giới Di Động - Thế giới di động Số 1,"Thế giới di động Số 1, phố Huyện, Xã Quốc Oai, Thành phố Hà Nội, Việt Nam",POINT (105.6424789428711 20.991844177246094),1241
Thế Giới Di Động - Thế giới di động Thôn Thụy Khuê,"Thế giới di động Thôn Thụy Khuê, Xã Quốc Oai, Thành phố Hà Nội, Việt Nam",POINT (105.64553833007812 21.02656364440918),1835
Điện Máy Xanh - Điện máy Xanh Ô số 1-2-3 Khu A,"Điện máy Xanh Ô số 1-2-3 Khu A, Lô II-7, Khu đô thị mới, Xã Sóc Sơn, Thành phố Hà Nội, Việt Nam",POINT (105.84895324707031 21.25827980041504),1037
Điện Máy Xanh - Điện máy Xanh Thôn Tân Trại,"Điện máy Xanh Thôn Tân Trại, Xã Nội Bài, Thành phố Hà Nội, Việt Nam",POINT (105.79261016845703 21.20722198486328),4860
Điện Máy Xanh - Điện máy Xanh Thôn Đông,"Điện máy Xanh Thôn Đông, Xã Sóc Sơn, Thành phố Hà Nội, Việt Nam",POINT (105.84879302978516 21.199256896972656),944
Điện Máy Xanh - Điện máy Xanh Số 87 Đường Núi Đôi,"Điện máy Xanh Số 87 Đường Núi Đôi, Tổ 2, Xã Sóc Sơn, Thành phố Hà Nội, Việt Nam",POINT (105.85758209228516 21.25759506225586),1118
Điện Máy Xanh - Điện máy Xanh Thôn Yên Tàng,"Điện máy Xanh Thôn Yên Tàng, Xã Đa Phúc, Thành phố Hà Nội, Việt Nam",POINT (105.89181518554688 21.276927947998047),7929
Điện Máy Xanh - Điện máy Xanh Thôn Chấu,"Điện máy Xanh Thôn Chấu, Xã Trung Giã, Thành phố Hà Nội, Việt Nam",POINT (105.82850646972656 21.35271644592285),9000
Điện Máy Xanh - Điện máy Xanh Khu Chợ,"Điện máy Xanh Khu Chợ, Xã Nội Bài, Thành phố Hà Nội, Việt Nam",POINT (105.77095031738281 21.247629165649414),8107
Điện Máy Xanh - Điện máy Xanh Thôn Kim Thượng,"Điện máy Xanh Thôn Kim Thượng, Xã Đa Phúc, Thành phố Hà Nội, Việt Nam",POINT (105.90693664550781 21.201839447021484),12329
Điện Máy Xanh - Điện máy Xanh Thôn Ba Hàng,"Điện máy Xanh Thôn Ba Hàng, Xã Đa Phúc, Thành phố Hà Nội, Việt Nam",POINT (105.88749694824219 21.24237060546875),8702
Thế Giới Di Động - Thế giới di động 2 Núi Đôi (ngay ngã 4 thị trấn Sóc Sơn),"Thế giới di động 2 Núi Đôi (ngay ngã 4 thị trấn Sóc Sơn), Xã Sóc Sơn, Thành phố Hà Nội, Việt Nam",POINT (105.84832000732422 21.257022857666016),2813
Thế Giới Di Động - Thế giới di động Phố Nỉ,"Thế giới di động Phố Nỉ, Xã Trung Giã, Thành phố Hà Nội, Việt Nam",POINT (105.86714172363281 21.311683654785156),1354
Thế Giới Di Động - Thế giới di động Số 2 - 4,"Thế giới di động Số 2 - 4, thôn Thạch Lỗi, Xã Nội Bài, Thành phố Hà Nội, Việt Nam",POINT (105.77107238769531 21.220853805541992),1430
Điện Máy Xanh - Điện máy Xanh Số 366,"Điện máy Xanh Số 366, Phường Sơn Tây, Thành phố Hà Nội, Việt Nam",POINT (105.5018081665039 21.12616729736328),89
Điện Máy Xanh - Điện máy Xanh Thôn Đoàn Kết,"Điện máy Xanh Thôn Đoàn Kết, Xã Hòa Lạc, Thành phố Hà Nội, Việt Nam",POINT (105.50521087646484 21.04835319519043),1903
Điện Máy Xanh - Điện máy Xanh Số 200-202 tổ 3A,"Điện máy Xanh Số 200-202 tổ 3A, Phường Tùng Thiện, Thành phố Hà Nội, Việt Nam",POINT (105.44934844970703 21.109769821166992),1953
Điện Máy Xanh - Điện máy Xanh Số 173 phố Ngô Quyền,"Điện máy Xanh Số 173 phố Ngô Quyền, Phường Sơn Tây, Thành phố Hà Nội, Việt Nam",POINT (105.49772644042969 21.145973205566406),259
Thế Giới Di Động - Thế giới di động Số 1 - 3,"Thế giới di động Số 1 - 3, Tổ 9, Phường Tùng Thiện, Thành phố Hà Nội, Việt Nam",POINT (105.44606018066406 21.109466552734375),1120
Thế Giới Di Động - Thế giới di động Số 134,"Thế giới di động Số 134, Phố Phùng Khắc Khoan, Phường Sơn Tây, Thành phố Hà Nội, Việt Nam",POINT (105.51109313964844 21.132732391357422),258
Thế Giới Di Động - Thế giới di động Số 4 - 6 Phố Thanh Vỵ,"Thế giới di động Số 4 - 6 Phố Thanh Vỵ, Phường Tùng Thiện, Thành phố Hà Nội, Việt Nam",POINT (105.49604034423828 21.11686134338379),819
Điện Máy Xanh - Điện máy Xanh Số 115 Đường Nghi Tàm,"Điện máy Xanh Số 115 Đường Nghi Tàm, Phường Tây Hồ, Thành phố Hà Nội, Việt Nam",POINT (105.83744049072266 21.0535888671875),6172
Điện Máy Xanh - Điện máy Xanh Số 2 ngõ 34 đường Xuân La,"Điện máy Xanh Số 2 ngõ 34 đường Xuân La, Phường Tây Hồ, Thành phố Hà Nội, Việt Nam",POINT (105.80486297607422 21.066091537475586),5285
Thế Giới Di Động - Thế giới di động Số 111 Xuân Diệu (Ngã ba Xuân Diệu-Âu Cơ),"Thế giới di động Số 111 Xuân Diệu (Ngã ba Xuân Diệu-Âu Cơ), Phường Tây Hồ, Thành phố Hà Nội, Việt Nam",POINT (105.82608795166016 21.06846046447754),1762
Thế Giới Di Động - Thế giới di động Số 412 đường Hoàng Hoa Thám,"Thế giới di động Số 412 đường Hoàng Hoa Thám, Phường Tây Hồ, Thành phố Hà Nội, Việt Nam",POINT (105.81439971923828 21.04326820373535),1294
Điện Máy Xanh - Điện máy Xanh Khu Đầm Săn,"Điện máy Xanh Khu Đầm Săn, Xã Thạch Thất, Thành phố Hà Nội, Việt Nam",POINT (105.57511901855469 21.059154510498047),1308
Điện Máy Xanh - Điện máy Xanh Khu Cầu Đặng,"Điện máy Xanh Khu Cầu Đặng, Xã Tây Phương, Thành phố Hà Nội, Việt Nam",POINT (105.60935974121094 21.020030975341797),3833
Điện Máy Xanh - Điện máy Xanh Thôn Hòa Lạc,"Điện máy Xanh Thôn Hòa Lạc, Xã Hòa Lạc, Thành phố Hà Nội, Việt Nam",POINT (105.51801300048828 21.028533935546875),8121
Điện Máy Xanh - Điện máy Xanh Thôn 5,"Điện máy Xanh Thôn 5, Xã Hạ Bằng, Thành phố Hà Nội, Việt Nam",POINT (105.55655670166016 21.007781982421875),9136
Thế Giới Di Động - Thế giới di động Thôn Thái Hòa,"Thế giới di động Thôn Thái Hòa, Xã Tây Phương, Thành phố Hà Nội, Việt Nam",POINT (105.60556030273438 21.023601531982422),1292
Thế Giới Di Động - Thế giới di động Thôn 9 (Ngã 3 Hòa Lạc),"Thế giới di động Thôn 9 (Ngã 3 Hòa Lạc), Xã Hòa Lạc, Thành phố Hà Nội, Việt Nam",POINT (105.51917266845703 21.026872634887695),3252
Điện Máy Xanh - Điện máy Xanh 507 Nguyễn Trực,"Điện máy Xanh 507 Nguyễn Trực, Xã Bình Minh, Thành phố Hà Nội, Việt Nam",POINT (105.76055908203125 20.91089630126953),2340
Điện Máy Xanh - Điện máy Xanh Số 6 Phố Vác,"Điện máy Xanh Số 6 Phố Vác, thôn Canh Hoạch, Xã Dân Hòa, Thành phố Hà Nội, Việt Nam",POINT (105.7754135131836 20.815624237060547),1958
Điện Máy Xanh - Điện máy Xanh Thôn Chợ,"Điện máy Xanh Thôn Chợ, Xã Bình Minh, Thành phố Hà Nội, Việt Nam",POINT (105.76300048828125 20.888500213623047),8122
Điện Máy Xanh - Điện máy Xanh Tổ 2,"Điện máy Xanh Tổ 2, Xã Thanh Oai, Thành phố Hà Nội, Việt Nam",POINT (105.76889038085938 20.852706909179688),5225
Thế Giới Di Động - Thế giới di động Số 138-140,"Thế giới di động Số 138-140, Tổ dân phố 2, Xã Thanh Oai, Thành phố Hà Nội, Việt Nam",POINT (105.76815795898438 20.854137420654297),766
Điện Máy Xanh - Điện máy Xanh Thôn Ngọc Hồi,"Điện máy Xanh Thôn Ngọc Hồi, Xã Ngọc Hồi, Thành phố Hà Nội, Việt Nam",POINT (105.84964752197266 20.92353057861328),4527
Điện Máy Xanh - Điện máy Xanh Tầng 1,"Điện máy Xanh Tầng 1, tòa nhà CT2, Eco Green City - CT4.CT9, Khu Đô thị mới Tây Nam Kim Giang I, Phường Thanh Liệt, Thành phố Hà Nội, Việt Nam",POINT (105.8088607788086 20.98335838317871),3933
Điện Máy Xanh - Điện máy Xanh Đường 70,"Điện máy Xanh Đường 70, Phường Hà Đông, Thành phố Hà Nội, Việt Nam",POINT (105.79448699951172 20.964336395263672),2015
Điện Máy Xanh - Điện máy Xanh Xóm 2,"Điện máy Xanh Xóm 2, thôn Quỳnh Đô, Xã Đại Thanh, Thành phố Hà Nội, Việt Nam",POINT (105.83954620361328 20.938020706176758),1665
Thế Giới Di Động - Thế giới di động Số 444 - 446 - 448 - 450 - 452 Đường Ngọc Hồi,"Thế giới di động Số 444 - 446 - 448 - 450 - 452 Đường Ngọc Hồi, Xã Thanh Trì, Thành phố Hà Nội, Việt Nam",POINT (105.84429931640625 20.945178985595703),24861
Thế Giới Di Động - Thế giới di động Ngã 3 đường mới,"Thế giới di động Ngã 3 đường mới, xóm Chùa, thôn Tự Khoát, Xã Thanh Trì, Thành phố Hà Nội, Việt Nam",POINT (105.85530090332031 20.924278259277344),1755
Thế Giới Di Động - Thế giới di động Số 750 đường Kim Giang,"Thế giới di động Số 750 đường Kim Giang, thôn Nội (đối diện chùa Bằng), Phường Thanh Liệt, Thành phố Hà Nội, Việt Nam",POINT (105.81912994384766 20.96476936340332),559
Điện Máy Xanh - Điện máy Xanh Số 83 Đường Trần Duy Hưng,"Điện máy Xanh Số 83 Đường Trần Duy Hưng, Phường Yên Hòa, Thành phố Hà Nội, Việt Nam",POINT (105.80059814453125 21.011571884155273),10776
Điện Máy Xanh - Điện máy Xanh Số 61 Lê Văn Lương,"Điện máy Xanh Số 61 Lê Văn Lương, Phường Yên Hòa, Thành phố Hà Nội, Việt Nam",POINT (105.80953979492188 21.009361267089844),449
Thế Giới Di Động - Thế giới di động 378 Nguyễn Trãi,"Thế giới di động 378 Nguyễn Trãi, Phường Thanh Xuân, Thành phố Hà Nội, Việt Nam",POINT (105.80632781982422 20.99373435974121),1010
Thế Giới Di Động - Thế giới di động Số 226 Đường Khương Đình,"Thế giới di động Số 226 Đường Khương Đình, Phường Khương Đình, Thành phố Hà Nội, Việt Nam",POINT (105.8135986328125 20.992847442626953),91
Thế Giới Di Động - Thế giới di động 583 Vũ Tông Phan (đối diện chợ Kim Giang),"Thế giới di động 583 Vũ Tông Phan (đối diện chợ Kim Giang), Phường Khương Đình, Thành phố Hà Nội, Việt Nam",POINT (105.81559753417969 20.984020233154297),2840
Điện Máy Xanh - Điện máy Xanh Số 122 phố Ga (QL 1A),"Điện máy Xanh Số 122 phố Ga (QL 1A), Xã Thường Tín, Thành phố Hà Nội, Việt Nam",POINT (105.8635482788086 20.8741512298584),1783
Điện Máy Xanh - Điện máy Xanh Thôn Nhân Hiền,"Điện máy Xanh Thôn Nhân Hiền, Xã Thường Tín, Thành phố Hà Nội, Việt Nam",POINT (105.82796478271484 20.87018585205078),8979
Điện Máy Xanh - Điện máy Xanh Thôn Vĩnh Lộc,"Điện máy Xanh Thôn Vĩnh Lộc, Xã Hồng Vân, Thành phố Hà Nội, Việt Nam",POINT (105.90392303466797 20.86843490600586),12068
Thế Giới Di Động - Thế giới di động Số 109 - 111 Phố Ga,"Thế giới di động Số 109 - 111 Phố Ga, Thôn Đỗ Xá, Xã Phú Xuyên, Thành phố Hà Nội, Việt Nam",POINT (105.90144348144531 20.771562576293945),775
Thế Giới Di Động - Thế giới di động Số 188 - 190 Phố Ga,"Thế giới di động Số 188 - 190 Phố Ga, Xã Thường Tín, Thành phố Hà Nội, Việt Nam",POINT (105.86475372314453 20.871414184570312),414
Thế Giới Di Động - Thế giới di động Số 1,"Thế giới di động Số 1, phố Quán Gánh, Xã Thường Tín, Thành phố Hà Nội, Việt Nam",POINT (105.85566711425781 20.89440155029297),1232
Thế Giới Di Động - Thế giới di động ĐT427 (cách Cầu Dừa 100m,"Thế giới di động ĐT427 (cách Cầu Dừa 100m, đối diện Long Bình Plaza), Xã Thường Tín, Thành phố Hà Nội, Việt Nam",POINT (105.86817169189453 20.87177085876465),2496
Điện Máy Xanh - Điện máy Xanh Số 42 – 44 – 46 – 48 đường Tây Mỗ,"Điện máy Xanh Số 42 – 44 – 46 – 48 đường Tây Mỗ, Phường Tây Mỗ, Thành phố Hà Nội, Việt Nam",POINT (105.74937438964844 21.004539489746094),9637
Thế Giới Di Động - Thế giới di động Số 1 Xuân Đỉnh,"Thế giới di động Số 1 Xuân Đỉnh, Phường Xuân Đỉnh, Thành phố Hà Nội, Việt Nam",POINT (105.80210876464844 21.069232940673828),951
Thế Giới Di Động - Thế giới di động Số 6 - 8 Phố Nhổn,"Thế giới di động Số 6 - 8 Phố Nhổn, Phường Tây Tựu, Thành phố Hà Nội, Việt Nam",POINT (105.73275756835938 21.054655075073242),1918
Thế Giới Di Động - Thế giới di động Số 189 đường Cầu Diễn,"Thế giới di động Số 189 đường Cầu Diễn, Phường Xuân Phương, Thành phố Hà Nội, Việt Nam",POINT (105.74899291992188 21.046104431152344),12659
Thế Giới Di Động - Thế giới di động Số 446,"Thế giới di động Số 446, đường Đại Mỗ, Phường Đại Mỗ, Thành phố Hà Nội, Việt Nam",POINT (105.75511932373047 20.995519638061523),1325
Thế Giới Di Động - Thế giới di động Số 25 - 27 Đình Thôn,"Thế giới di động Số 25 - 27 Đình Thôn, Phường Từ Liêm, Thành phố Hà Nội, Việt Nam",POINT (105.7783432006836 21.020639419555664),8718
Điện Máy Xanh - Điện máy Xanh Số 43 Đường 21B (Vân Đình),"Điện máy Xanh Số 43 Đường 21B (Vân Đình), Số 43, đường 21B, thôn Thanh Ấm, Xã Vân Đình, Thành phố Hà Nội, Việt Nam",POINT (105.77136993408203 20.728851318359375),1269
Điện Máy Xanh - Điện máy Xanh Thôn Chẩn Kỳ,"Điện máy Xanh Thôn Chẩn Kỳ, Xã Ứng Hòa, Thành phố Hà Nội, Việt Nam",POINT (105.83331298828125 20.71910858154297),9345
Điện Máy Xanh - Điện máy Xanh Thôn Trung Thịnh,"Điện máy Xanh Thôn Trung Thịnh, Xã Ứng Thiên, Thành phố Hà Nội, Việt Nam",POINT (105.7685775756836 20.765670776367188),8574
Thế Giới Di Động - Thế giới di động Thôn Đình Trảng,"Thế giới di động Thôn Đình Trảng, Xã Ứng Thiên, Thành phố Hà Nội, Việt Nam",POINT (105.76811981201172 20.73844337463379),1881
Điện Máy Xanh - Điện máy Xanh 421 Phạm Văn Đồng,"Điện máy Xanh 421 Phạm Văn Đồng, Phường Xuân Đỉnh, Thành phố Hà Nội, Việt Nam",POINT (105.78363800048828 21.06049919128418),4859
Điện Máy Xanh - Điện máy Xanh Thôn Ninh Xá,"Điện máy Xanh Thôn Ninh Xá, Xã Nam Phù, Thành phố Hà Nội, Việt Nam",POINT (105.8858413696289 20.90850067138672),10613
Điện Máy Xanh - Điện máy Xanh 396 Nguyễn Văn Cừ,"Điện máy Xanh 396 Nguyễn Văn Cừ, Phường Bồ Đề, Thành phố Hà Nội, Việt Nam",POINT (105.87676239013672 21.045936584472656),14285
Điện Máy Xanh - Điện máy Xanh Quốc Lộ 1A,"Điện máy Xanh Quốc Lộ 1A, TDP, 14, Xã Cẩm Xuyên, Tỉnh Hà Tĩnh, Việt Nam",POINT (105.9986343383789 18.251544952392578),798
Điện Máy Xanh - Điện máy Xanh Thôn 10,"Điện máy Xanh Thôn 10, Xã Cẩm Trung, Tỉnh Hà Tĩnh, Việt Nam",POINT (106.08890533447266 18.217041015625),8111
Điện Máy Xanh - Điện máy Xanh Xóm 4,"Điện máy Xanh Xóm 4, Xã Đồng Lộc, Tỉnh Hà Tĩnh, Việt Nam",POINT (105.72854614257812 18.406736373901367),12350
Thế Giới Di Động - Thế giới di động Số 27 Đường Xô Viết Nghệ Tĩnh,"Thế giới di động Số 27 Đường Xô Viết Nghệ Tĩnh, Xã Can Lộc, Tỉnh Hà Tĩnh, Việt Nam",POINT (105.77554321289062 18.455041885375977),128
Điện Máy Xanh - Điện máy Xanh Tổ dân phố 5,"Điện máy Xanh Tổ dân phố 5, Xã Đức Thọ, Tỉnh Hà Tĩnh, Việt Nam",POINT (105.58802032470703 18.53838539123535),1229
Điện Máy Xanh - Điện máy Xanh Thôn Hồng Hoa,"Điện máy Xanh Thôn Hồng Hoa, Xã Đức Đồng, Tỉnh Hà Tĩnh, Việt Nam",POINT (105.56816101074219 18.45821189880371),14878
Điện Máy Xanh - Điện máy Xanh Số 173 Hà Huy Tập,"Điện máy Xanh Số 173 Hà Huy Tập, Phường Thành Sen, Tỉnh Hà Tĩnh, Việt Nam",POINT (105.90309143066406 18.330453872680664),3948
Điện Máy Xanh - Điện máy Xanh Số 87-89 tổ 3,"Điện máy Xanh Số 87-89 tổ 3, Phường Thành Sen, Tỉnh Hà Tĩnh, Việt Nam",POINT (105.8919677734375 18.342113494873047),1128
Điện Máy Xanh - Điện máy Xanh Xã Mai Phụ,"Điện máy Xanh Xã Mai Phụ, Tỉnh Hà Tĩnh, Việt Nam",POINT (105.8956298828125 18.441377639770508),5496
Điện Máy Xanh - Điện máy Xanh Số nhà 39 Đường Lý Tự Trọng,"Điện máy Xanh Số nhà 39 Đường Lý Tự Trọng, Tổ dân Phố 5, Xã Thạch Hà, Tỉnh Hà Tĩnh, Việt Nam",POINT (105.86296844482422 18.366357803344727),4574
Thế Giới Di Động - Thế giới di động Số 50 Hà Huy Tập,"Thế giới di động Số 50 Hà Huy Tập, Phường Thành Sen, Tỉnh Hà Tĩnh, Việt Nam",POINT (105.89637756347656 18.337406158447266),1515
Thế Giới Di Động - Thế giới di động Số 76 đường Trần Phú,"Thế giới di động Số 76 đường Trần Phú, Phường Thành Sen, Tỉnh Hà Tĩnh, Việt Nam",POINT (105.8924331665039 18.342174530029297),1426
Thế Giới Di Động - Thế giới di động 160 Hà Huy Tập,"Thế giới di động 160 Hà Huy Tập, Phường Thành Sen, Tỉnh Hà Tĩnh, Việt Nam",POINT (105.89952087402344 18.333829879760742),780
Điện Máy Xanh - Điện máy Xanh 64 Xô Viết Nghệ Tĩnh,"Điện máy Xanh 64 Xô Viết Nghệ Tĩnh, Xã Can Lộc, Tỉnh Hà Tĩnh, Việt Nam",POINT (105.77543640136719 18.454126358032227),5052
Điện Máy Xanh - Điện máy Xanh 105-107-109 Trần Phú,"Điện máy Xanh 105-107-109 Trần Phú, Phường Nam Hồng Lĩnh, Tỉnh Hà Tĩnh, Việt Nam",POINT (105.69904327392578 18.52948760986328),4513
Điện Máy Xanh - Điện máy Xanh Số 189 Quốc lộ 8A,"Điện máy Xanh Số 189 Quốc lộ 8A, Khối 12, Xã Hương Sơn, Tỉnh Hà Tĩnh, Việt Nam",POINT (105.42481231689453 18.508392333984375),131
Điện Máy Xanh - Điện máy Xanh Số 396 Trần Phú,"Điện máy Xanh Số 396 Trần Phú, Xã Hương Khê, Tỉnh Hà Tĩnh, Việt Nam",POINT (105.70265197753906 18.172893524169922),129
Điện Máy Xanh - Điện máy Xanh Khối 4,"Điện máy Xanh Khối 4, Xã Sơn Tây, Tỉnh Hà Tĩnh, Việt Nam",POINT (105.30084991455078 18.458133697509766),5673
Điện Máy Xanh - Điện máy Xanh Tổ dân phố Liên Phú,"Điện máy Xanh Tổ dân phố Liên Phú, Phường Hoành Sơn, Tỉnh Hà Tĩnh, Việt Nam",POINT (106.40457153320312 18.02275848388672),130
Điện Máy Xanh - Điện máy Xanh Đường Quang Trung,"Điện máy Xanh Đường Quang Trung, Phường Sông Trí, Tỉnh Hà Tĩnh, Việt Nam",POINT (106.28861999511719 18.078357696533203),327
Điện Máy Xanh - Điện máy Xanh Thôn Đồng Phú,"Điện máy Xanh Thôn Đồng Phú, Xã Kỳ Anh, Tỉnh Hà Tĩnh, Việt Nam",POINT (106.23387908935547 18.16429901123047),10386
Điện Máy Xanh - Điện máy Xanh Xóm 8,"Điện máy Xanh Xóm 8, Xã Kỳ Xuân, Tỉnh Hà Tĩnh, Việt Nam",POINT (106.16780090332031 18.19786262512207),8200
Điện Máy Xanh - Điện máy Xanh Đường 22/12 thôn 4,"Điện máy Xanh Đường 22/12 thôn 4, Xã Lộc Hà, Tỉnh Hà Tĩnh, Việt Nam",POINT (105.86723327636719 18.47182846069336),10892
Điện Máy Xanh - Điện máy Xanh Khối 7,"Điện máy Xanh Khối 7, Xã Nghi Xuân, Tỉnh Hà Tĩnh, Việt Nam",POINT (105.72024536132812 18.644119262695312),4826
Điện Máy Xanh - Điện máy Xanh Tổ dân phố 3,"Điện máy Xanh Tổ dân phố 3, Xã Tiên Điền, Tỉnh Hà Tĩnh, Việt Nam",POINT (105.76009368896484 18.662939071655273),8058
Điện Máy Xanh - Điện máy Xanh Xóm Bình Phúc,"Điện máy Xanh Xóm Bình Phúc, Xã Đan Hải, Tỉnh Hà Tĩnh, Việt Nam",POINT (105.77859497070312 18.71125030517578),11173
Thế Giới Di Động - Thế giới di động Khối 3,"Thế giới di động Khối 3, Xã Nghi Xuân, Tỉnh Hà Tĩnh, Việt Nam",POINT (105.7160873413086 18.64207649230957),1356
Điện Máy Xanh - Điện máy Xanh Thôn Nam Sơn,"Điện máy Xanh Thôn Nam Sơn, Xã Cổ Đạm, Tỉnh Hà Tĩnh, Việt Nam",POINT (105.83165740966797 18.579191207885742),10162
Điện Máy Xanh - Điện máy Xanh Số nhà 42 Khu 3,"Điện máy Xanh Số nhà 42 Khu 3, Xã Cao Phong, Tỉnh Phú Thọ, Việt Nam",POINT (105.32560729980469 20.71259880065918),921
Điện Máy Xanh - Điện máy Xanh Tiểu khu Liên Phương,"Điện máy Xanh Tiểu khu Liên Phương, Xã Đà Bắc, Tỉnh Phú Thọ, Việt Nam",POINT (105.25276947021484 20.877544403076172),5184
Điện Máy Xanh - Điện máy Xanh 724 Cù Chính Lan,"Điện máy Xanh 724 Cù Chính Lan, Tổ 03, Phường Hòa Bình, Tỉnh Phú Thọ, Việt Nam",POINT (105.34642028808594 20.82317543029785),86
Điện Máy Xanh - Điện máy Xanh Xóm Bãi Chạo,"Điện máy Xanh Xóm Bãi Chạo, Xã Mường Động, Tỉnh Phú Thọ, Việt Nam",POINT (105.53477478027344 20.672969818115234),9858
Thế Giới Di Động - Thế giới di động 714 Cù Chính Lan,"Thế giới di động 714 Cù Chính Lan, Tổ 3 (Đồng Tiến), Phường Hòa Bình, Tỉnh Phú Thọ, Việt Nam",POINT (105.34587097167969 20.823497772216797),374
Điện Máy Xanh - Điện máy Xanh Khu 11,"Điện máy Xanh Khu 11, Xã Kim Bôi, Tỉnh Phú Thọ, Việt Nam",POINT (105.53665161132812 20.672962188720703),3910
Thế Giới Di Động - Thế giới di động Xã Kim Bôi,"Thế giới di động Xã Kim Bôi, Tỉnh Phú Thọ, Việt Nam",POINT (105.5361099243164 20.673017501831055),1244
Điện Máy Xanh - Điện máy Xanh Phố Nai 2,"Điện máy Xanh Phố Nai 2, Phường Kỳ Sơn, Tỉnh Phú Thọ, Việt Nam",POINT (105.3343505859375 20.814302444458008),9162
Điện Máy Xanh - Điện máy Xanh Phố Hữu Nghị,"Điện máy Xanh Phố Hữu Nghị, Xã Lạc Sơn, Tỉnh Phú Thọ, Việt Nam",POINT (105.44195556640625 20.464759826660156),14881
Điện Máy Xanh - Điện máy Xanh Phố Vó,"Điện máy Xanh Phố Vó, Xã Nhân Nghĩa, Tỉnh Phú Thọ, Việt Nam",POINT (105.44841003417969 20.523256301879883),12173
Điện Máy Xanh - Điện máy Xanh Khu 2,"Điện máy Xanh Khu 2, Xã Lạc Thủy, Tỉnh Phú Thọ, Việt Nam",POINT (105.77706146240234 20.491506576538086),1574
Điện Máy Xanh - Điện máy Xanh Tiểu khu 13,"Điện máy Xanh Tiểu khu 13, Xã Lương Sơn, Tỉnh Phú Thọ, Việt Nam",POINT (105.5293197631836 20.87130355834961),521
Điện Máy Xanh - Điện máy Xanh Tiểu khu 4,"Điện máy Xanh Tiểu khu 4, Xã Mai Châu, Tỉnh Phú Thọ, Việt Nam",POINT (105.0826416015625 20.659881591796875),1179
Điện Máy Xanh - Điện máy Xanh Khu 3,"Điện máy Xanh Khu 3, Ngã 3 Mãn Đức, Xã Tân Lạc, Tỉnh Phú Thọ, Việt Nam",POINT (105.27742004394531 20.62094497680664),3474
Điện Máy Xanh - Điện máy Xanh Khu 11,"Điện máy Xanh Khu 11, Xã Yên Thủy, Tỉnh Phú Thọ, Việt Nam",POINT (105.62227630615234 20.39542579650879),1366
Điện Máy Xanh - Điện máy Xanh Xã An Nghĩa,"Điện máy Xanh Xã An Nghĩa, Tỉnh Phú Thọ, Việt Nam",POINT (105.6803207397461 20.593883514404297),1243
Điện Máy Xanh - Điện máy Xanh Thôn Liêu Thượng,"Điện máy Xanh Thôn Liêu Thượng, Xã Nguyễn Văn Linh, Tỉnh Hưng Yên, Việt Nam",POINT (106.0582275390625 20.920564651489258),22856
Thế Giới Di Động - Thế giới di động Thôn Liêu Thượng,"Thế giới di động Thôn Liêu Thượng, Xã Nguyễn Văn Linh, Tỉnh Hưng Yên, Việt Nam",POINT (106.05827331542969 20.920297622680664),503
Điện Máy Xanh - Điện máy Xanh Phố Nguyễn Trung Ngạn,"Điện máy Xanh Phố Nguyễn Trung Ngạn, Xã Ân Thi, Tỉnh Hưng Yên, Việt Nam",POINT (106.08819580078125 20.817306518554688),5106
Điện Máy Xanh - Điện máy Xanh Số 335 Nguyễn Văn Linh,"Điện máy Xanh Số 335 Nguyễn Văn Linh, Phường Phố Hiến, Tỉnh Hưng Yên, Việt Nam",POINT (106.05921173095703 20.668136596679688),931
Điện Máy Xanh - Điện máy Xanh 200 Nguyễn Lương Bằng,"Điện máy Xanh 200 Nguyễn Lương Bằng, Thôn Lương Hội, Xã Lương Bằng, Tỉnh Hưng Yên, Việt Nam",POINT (106.05864715576172 20.741172790527344),480
Điện Máy Xanh - Điện máy Xanh Khu Hòa Bình,"Điện máy Xanh Khu Hòa Bình, Xã Hoàng Hoa Thám, Tỉnh Hưng Yên, Việt Nam",POINT (106.11846923828125 20.698768615722656),8237
Thế Giới Di Động - Thế giới di động 108 Điện Biên,"Thế giới di động 108 Điện Biên, Phường Phố Hiến, Tỉnh Hưng Yên, Việt Nam",POINT (106.0574722290039 20.651123046875),12977
Điện Máy Xanh - Điện máy Xanh Đội 2,"Điện máy Xanh Đội 2, thôn Yên Lịch, Xã Việt Tiến, Tỉnh Hưng Yên, Việt Nam",POINT (106.00670623779297 20.840545654296875),2121
Điện Máy Xanh - Điện máy Xanh Đường Nguyễn Khoái,"Điện máy Xanh Đường Nguyễn Khoái, Xã Khoái Châu, Tỉnh Hưng Yên, Việt Nam",POINT (105.97605895996094 20.83922576904297),5418
Thế Giới Di Động - Thế giới di động Ngã tư Dân Tiến,"Thế giới di động Ngã tư Dân Tiến, Xã Việt Tiến, Tỉnh Hưng Yên, Việt Nam",POINT (106.00855255126953 20.842060089111328),1364
Điện Máy Xanh - Điện máy Xanh Xã Nghĩa Dân,"Điện máy Xanh Xã Nghĩa Dân, Tỉnh Hưng Yên, Việt Nam",POINT (106.04750061035156 20.789091110229492),8902
Điện Máy Xanh - Điện máy Xanh Thôn Quang Tiến,"Điện máy Xanh Thôn Quang Tiến, Xã Đức Hợp, Tỉnh Hưng Yên, Việt Nam",POINT (105.98802947998047 20.75503921508789),8301
Điện Máy Xanh - Điện máy Xanh Thôn Trại,"Điện máy Xanh Thôn Trại, Phường Đường Hào, Tỉnh Hưng Yên, Việt Nam",POINT (106.08476257324219 20.92609214782715),1309
Thế Giới Di Động - Thế giới di động Số 16 - 18 đường Nguyễn Bình,"Thế giới di động Số 16 - 18 đường Nguyễn Bình, Phường Mỹ Hào, Tỉnh Hưng Yên, Việt Nam",POINT (106.05975341796875 20.938629150390625),8600
Điện Máy Xanh - Điện máy Xanh Ngã tư Phố Bần,"Điện máy Xanh Ngã tư Phố Bần, Phường Mỹ Hào, Tỉnh Hưng Yên, Việt Nam",POINT (106.0420150756836 20.938724517822266),929
Điện Máy Xanh - Điện máy Xanh Phố Cao,"Điện máy Xanh Phố Cao, Xã Quang Hưng, Tỉnh Hưng Yên, Việt Nam",POINT (106.1763916015625 20.73211669921875),1941
Điện Máy Xanh - Điện máy Xanh Thôn Thụy Lôi,"Điện máy Xanh Thôn Thụy Lôi, Xã Tiên Lữ, Tỉnh Hưng Yên, Việt Nam",POINT (106.1502456665039 20.65772819519043),9835
Điện Máy Xanh - Điện máy Xanh Xã Văn Giang,"Điện máy Xanh Xã Văn Giang, Tỉnh Hưng Yên, Việt Nam",POINT (105.93403625488281 20.945289611816406),4931
Điện Máy Xanh - Điện máy Xanh Chợ Mễ,"Điện máy Xanh Chợ Mễ, Xã Mễ Sở, Tỉnh Hưng Yên, Việt Nam",POINT (105.92793273925781 20.89776611328125),8903
Thế Giới Di Động - Thế giới di động Khu phố Văn Giang,"Thế giới di động Khu phố Văn Giang, Xã Văn Giang, Tỉnh Hưng Yên, Việt Nam",POINT (105.9400634765625 20.946117401123047),9219
Điện Máy Xanh - Điện máy Xanh Thôn Thị Trung,"Điện máy Xanh Thôn Thị Trung, Xã Như Quỳnh, Tỉnh Hưng Yên, Việt Nam",POINT (105.99732208251953 20.95751190185547),4329
Điện Máy Xanh - Điện máy Xanh Thửa đất số 267,"Điện máy Xanh Thửa đất số 267, tờ bản đồ 32, Xã Như Quỳnh, Tỉnh Hưng Yên, Việt Nam",POINT (105.98130798339844 20.981586456298828),4515
Thế Giới Di Động - Thế giới di động Chợ Đường cái,"Thế giới di động Chợ Đường cái, Xã Như Quỳnh, Tỉnh Hưng Yên, Việt Nam",POINT (105.99891662597656 20.95828628540039),1668
Thế Giới Di Động - Thế giới di động 74 khu phố mới,"Thế giới di động 74 khu phố mới, Xã Như Quỳnh, Tỉnh Hưng Yên, Việt Nam",POINT (105.9773178100586 20.986738204956055),1924
Điện Máy Xanh - Điện máy Xanh Thôn Nghĩa Xuyên,"Điện máy Xanh Thôn Nghĩa Xuyên, Xã Yên Mỹ, Tỉnh Hưng Yên, Việt Nam",POINT (106.06396484375 20.86751937866211),9009
Điện Máy Xanh - Điện máy Xanh Thôn Đỗ Xá,"Điện máy Xanh Thôn Đỗ Xá, Xã Yên Mỹ, Tỉnh Hưng Yên, Việt Nam",POINT (106.0354232788086 20.882753372192383),9289
Thế Giới Di Động - Thế giới di động Số 262,"Thế giới di động Số 262, Xã Yên Mỹ, Tỉnh Hưng Yên, Việt Nam",POINT (106.03453063964844 20.883525848388672),1363
Điện Máy Xanh - Điện máy Xanh Số nhà 15 Đại Lộ Hùng Vương,"Điện máy Xanh Số nhà 15 Đại Lộ Hùng Vương , Xã Kẻ Sặt, Thành phố Hải Phòng, Việt Nam",POINT (106.14826965332031 20.908416748046875),3564
Điện Máy Xanh - Điện máy Xanh Ngã tư Phủ,"Điện máy Xanh Ngã tư Phủ, Xã Đường An, Thành phố Hải Phòng, Việt Nam",POINT (106.19474792480469 20.872777938842773),2155
Điện Máy Xanh - Điện máy Xanh Thôn Dinh Trại Như,"Điện máy Xanh Thôn Dinh Trại Như, Xã Thượng Hồng, Thành phố Hải Phòng, Việt Nam",POINT (106.19169616699219 20.837722778320312),12155
Điện Máy Xanh - Điện máy Xanh Thôn Cậy,"Điện máy Xanh Thôn Cậy, Xã Bình Giang, Thành phố Hải Phòng, Việt Nam",POINT (106.22493743896484 20.898630142211914),10087
Thế Giới Di Động - Thế giới di động Số 117B,"Thế giới di động Số 117B, đường đại lộ Hùng Vương, Xã Kẻ Sặt, Thành phố Hải Phòng, Việt Nam",POINT (106.15039825439453 20.90715217590332),1206
Thế Giới Di Động - Thế giới di động Xã Đường An,"Thế giới di động Xã Đường An, Thành phố Hải Phòng, Việt Nam",POINT (106.19493865966797 20.871437072753906),1436
Điện Máy Xanh - Điện máy Xanh Thôn Bình Long,"Điện máy Xanh Thôn Bình Long, Xã Cẩm Giàng, Thành phố Hải Phòng, Việt Nam",POINT (106.16673278808594 20.956323623657227),4695
Điện Máy Xanh - Điện máy Xanh KM 40 + 500 Quốc lộ 5A,"Điện máy Xanh KM 40 + 500 Quốc lộ 5A, thôn Tràng Kỹ, Xã Mao Điền, Thành phố Hải Phòng, Việt Nam",POINT (106.21825408935547 20.937246322631836),5319
Điện Máy Xanh - Điện máy Xanh Số 2 Nguyễn Thái Học,"Điện máy Xanh Số 2 Nguyễn Thái Học, Phường Chu Văn An, Thành phố Hải Phòng, Việt Nam",POINT (106.39275360107422 21.113279342651367),834
Điện Máy Xanh - Điện máy Xanh Số 360-362 Lê Thánh Tông,"Điện máy Xanh Số 360-362 Lê Thánh Tông, Phường Chí Linh, Thành phố Hải Phòng, Việt Nam",POINT (106.32532501220703 21.111146926879883),9909
Điện Máy Xanh - Điện máy Xanh Khu dân cư Tư Giang,"Điện máy Xanh Khu dân cư Tư Giang, Phường Lê Đại Hành, Thành phố Hải Phòng, Việt Nam",POINT (106.38178253173828 21.057018280029297),12310
Thế Giới Di Động - Thế giới di động Số 126 đường Nguyễn Trãi,"Thế giới di động Số 126 đường Nguyễn Trãi, Sao Đỏ, Phường Chu Văn An, Thành phố Hải Phòng, Việt Nam",POINT (106.39215850830078 21.113142013549805),4133
Điện Máy Xanh - Điện máy Xanh Đường Quốc Lộ 37,"Điện máy Xanh Đường Quốc Lộ 37, Thôn Lãng Xuyên, Xã Gia Lộc, Thành phố Hải Phòng, Việt Nam",POINT (106.29641723632812 20.881061553955078),5081
Điện Máy Xanh - Điện máy Xanh Khu 15 đường Nguyễn Lương Bằng,"Điện máy Xanh Khu 15 đường Nguyễn Lương Bằng, Phường Lê Thanh Nghị, Thành phố Hải Phòng, Việt Nam",POINT (106.32022857666016 20.938386917114258),3942
Điện Máy Xanh - Điện máy Xanh Thôn Gạch,"Điện máy Xanh Thôn Gạch, Phường Tứ Minh, Thành phố Hải Phòng, Việt Nam",POINT (106.247802734375 20.932405471801758),10097
Thế Giới Di Động - Thế giới di động Thôn Hội Xuyên,"Thế giới di động Thôn Hội Xuyên, Xã Gia Lộc, Thành phố Hải Phòng, Việt Nam",POINT (106.3001937866211 20.86850357055664),1592
Thế Giới Di Động - Thế giới di động 184-186-188-190 Nguyễn Lương Bằng,"Thế giới di động 184-186-188-190 Nguyễn Lương Bằng, Phường Lê Thanh Nghị, Thành phố Hải Phòng, Việt Nam",POINT (106.31463623046875 20.937664031982422),742
Thế Giới Di Động - Thế giới di động 712 Đường Lê Thanh Nghị,"Thế giới di động 712 Đường Lê Thanh Nghị, Phường Tân Hưng, Thành phố Hải Phòng, Việt Nam",POINT (106.32937622070312 20.92259407043457),1070
Thế Giới Di Động - Thế giới di động Quốc Lộ 183,"Thế giới di động Quốc Lộ 183, Phường Ái Quốc, Thành phố Hải Phòng, Việt Nam",POINT (106.3764877319336 20.969736099243164),1066
Điện Máy Xanh - Điện máy Xanh Số 81-83-85 Quốc lộ 5,"Điện máy Xanh Số 81-83-85 Quốc lộ 5, KP. Ga, Xã Phú Thái, Thành phố Hải Phòng, Việt Nam",POINT (106.51078796386719 20.966955184936523),1589
Điện Máy Xanh - Điện máy Xanh Thị tứ Đồng Gia,"Điện máy Xanh Thị tứ Đồng Gia, Xã Kim Thành, Thành phố Hải Phòng, Việt Nam",POINT (106.5185546875 20.89508628845215),7976
Điện Máy Xanh - Điện máy Xanh Đội 6,"Điện máy Xanh Đội 6, Thôn Đông, Xã Lai Khê, Thành phố Hải Phòng, Việt Nam",POINT (106.42916107177734 20.977636337280273),9946
Thế Giới Di Động - Thế giới di động Thôn Dưỡng Thái Trung,"Thế giới di động Thôn Dưỡng Thái Trung, Xã Phú Thái, Thành phố Hải Phòng, Việt Nam",POINT (106.50650024414062 20.967374801635742),636
Điện Máy Xanh - Điện máy Xanh Số 203 đường Vũ Mạnh Hùng,"Điện máy Xanh Số 203 đường Vũ Mạnh Hùng, khu 2, Phường Nhị Chiểu, Thành phố Hải Phòng, Việt Nam",POINT (106.56228637695312 21.02680778503418),620
Điện Máy Xanh - Điện máy Xanh Thôn Tây Sơn,"Điện máy Xanh Thôn Tây Sơn, Phường Kinh Môn, Thành phố Hải Phòng, Việt Nam",POINT (106.55101776123047 20.9869441986084),2003
Điện Máy Xanh - Điện máy Xanh Số 75 Hùng Vương,"Điện máy Xanh Số 75 Hùng Vương, Xã Nam Sách, Thành phố Hải Phòng, Việt Nam",POINT (106.33667755126953 21.003496170043945),4776
Thế Giới Di Động - Thế giới di động 482 – 484 Trần Phú,"Thế giới di động 482 – 484 Trần Phú, Xã Nam Sách, Thành phố Hải Phòng, Việt Nam",POINT (106.33477020263672 20.99612808227539),1511
Điện Máy Xanh - Điện máy Xanh Thôn Tranh Xuyên,"Điện máy Xanh Thôn Tranh Xuyên, Xã Ninh Giang, Thành phố Hải Phòng, Việt Nam",POINT (106.39511108398438 20.73223114013672),2120
Thế Giới Di Động - Thế giới di động Xã Ninh Giang,"Thế giới di động Xã Ninh Giang, Thành phố Hải Phòng, Việt Nam",POINT (106.39338684082031 20.733366012573242),59
Điện Máy Xanh - Điện máy Xanh Tỉnh lộ 390,"Điện máy Xanh Tỉnh lộ 390, Thôn Xuân An, Xã Thanh Hà, Thành phố Hải Phòng, Việt Nam",POINT (106.42037200927734 20.898012161254883),2210
Điện Máy Xanh - Điện máy Xanh Đội 08,"Điện máy Xanh Đội 08, Thôn Du La, Xã Hà Bắc, Thành phố Hải Phòng, Việt Nam",POINT (106.43087005615234 20.930313110351562),9168
Thế Giới Di Động - Thế giới di động Đường 25 tháng 5,"Thế giới di động Đường 25 tháng 5, Xã Thanh Hà, Thành phố Hải Phòng, Việt Nam",POINT (106.42759704589844 20.897558212280273),1235
Điện Máy Xanh - Điện máy Xanh 191 Nguyễn Lương Bằng,"Điện máy Xanh 191 Nguyễn Lương Bằng, Xã Thanh Miện, Thành phố Hải Phòng, Việt Nam",POINT (106.24584197998047 20.78498077392578),2450
Điện Máy Xanh - Điện máy Xanh Thôn Phù Tải,"Điện máy Xanh Thôn Phù Tải, Xã Nam Thanh Miện, Thành phố Hải Phòng, Việt Nam",POINT (106.25135803222656 20.722925186157227),8004
Thế Giới Di Động - Thế giới di động Số 208 Nguyễn Lương Bằng,"Thế giới di động Số 208 Nguyễn Lương Bằng, Xã Thanh Miện, Thành phố Hải Phòng, Việt Nam",POINT (106.23844909667969 20.787399291992188),1506
Điện Máy Xanh - Điện máy Xanh Số 335 đường 391,"Điện máy Xanh Số 335 đường 391, thôn La Tỉnh, Xã Tứ Kỳ, Thành phố Hải Phòng, Việt Nam",POINT (106.40606689453125 20.820398330688477),2194
Thế Giới Di Động - Thế giới di động Số 342,"Thế giới di động Số 342, đường 391, thôn La Tỉnh, Xã Tứ Kỳ, Thành phố Hải Phòng, Việt Nam",POINT (106.4059066772461 20.820283889770508),1262
Thế Giới Di Động - Thế giới di động Phố Quý Cao (ngay ngã tư Quý Cao),"Thế giới di động Phố Quý Cao (ngay ngã tư Quý Cao), Xã Nguyên Giáp, Thành phố Hải Phòng, Việt Nam",POINT (106.49175262451172 20.760866165161133),2118
Điện Máy Xanh - Điện máy Xanh Tổ dân phố số 4,"Điện máy Xanh Tổ dân phố số 4, Phường An Dương, Thành phố Hải Phòng, Việt Nam",POINT (106.61418151855469 20.86252212524414),4805
Điện Máy Xanh - Điện máy Xanh Thôn Ngọ Dương,"Điện máy Xanh Thôn Ngọ Dương, Phường An Phong, Thành phố Hải Phòng, Việt Nam",POINT (106.55194091796875 20.88105010986328),7982
Điện Máy Xanh - Điện máy Xanh Thôn An Phú,"Điện máy Xanh Thôn An Phú, Phường Hồng An, Thành phố Hải Phòng, Việt Nam",POINT (106.56436157226562 20.91659164428711),10314
Điện Máy Xanh - Điện máy Xanh Thôn Kinh Giao,"Điện máy Xanh Thôn Kinh Giao, Phường An Dương, Thành phố Hải Phòng, Việt Nam",POINT (106.5748062133789 20.901416778564453),9993
Thế Giới Di Động - Thế giới di động Số 4 - 6 - 8,"Thế giới di động Số 4 - 6 - 8, đường 208, tổ 1, Phường An Dương, Thành phố Hải Phòng, Việt Nam",POINT (106.61361694335938 20.866607666015625),88
Thế Giới Di Động - Thế giới di động Thôn Vĩnh Khê,"Thế giới di động Thôn Vĩnh Khê, Phường An Hải, Thành phố Hải Phòng, Việt Nam",POINT (106.63922119140625 20.85971450805664),15924
Thế Giới Di Động - Thế giới di động Khu 5A,"Thế giới di động Khu 5A, Phường An Phong, Thành phố Hải Phòng, Việt Nam",POINT (106.56305694580078 20.877405166625977),13898
Thế Giới Di Động - Thế giới di động Số 271-273 Đường Phan Đăng Lưu,"Thế giới di động Số 271-273 Đường Phan Đăng Lưu, Phường Kiến An, Thành phố Hải Phòng, Việt Nam",POINT (106.62024688720703 20.792165756225586),8759
Điện Máy Xanh - Điện máy Xanh Thôn Tiến Lập,"Điện máy Xanh Thôn Tiến Lập, Xã An Khánh, Thành phố Hải Phòng, Việt Nam",POINT (106.60218048095703 20.765024185180664),6088
Điện Máy Xanh - Điện máy Xanh Khu Hoàng Xá,"Điện máy Xanh Khu Hoàng Xá, Thị Trấn An Lão, Huyện An Lão, Thành phố Hải Phòng, Việt Nam",POINT (106.55390930175781 20.821409225463867),8780
Thế Giới Di Động - Thế giới di động Thôn Câu Trung (ngã tư Quang Thanh),"Thế giới di động Thôn Câu Trung (ngã tư Quang Thanh), Xã An Quang, Thành phố Hải Phòng, Việt Nam",POINT (106.53697967529297 20.818159103393555),2676
Thế Giới Di Động - Thế giới di động Khu Trung Dũng,"Thế giới di động Khu Trung Dũng, Xã An Lão, Thành phố Hải Phòng, Việt Nam",POINT (106.55747985839844 20.82131576538086),12181
Điện Máy Xanh - Điện máy Xanh Tổ 7,"Điện máy Xanh Tổ 7, khu 2, Đặc khu Cát Hải, Thành phố Hải Phòng, Việt Nam",POINT (107.04766082763672 20.73190689086914),9207
Điện Máy Xanh - Điện máy Xanh 220 Lý Thánh Tông,"Điện máy Xanh 220 Lý Thánh Tông, Phường Đồ Sơn, Thành phố Hải Phòng, Việt Nam",POINT (106.78309631347656 20.715280532836914),466
Điện Máy Xanh - Điện máy Xanh Số nhà 769 đường Mạc Đăng Doanh,"Điện máy Xanh Số nhà 769 đường Mạc Đăng Doanh,tổ dân phố Phúc Hải 1, Phường Hưng Đạo, Thành phố Hải Phòng, Việt Nam",POINT (106.6559829711914 20.790355682373047),4557
Điện Máy Xanh - Điện máy Xanh Số 1596 Phạm Văn Đồng,"Điện máy Xanh Số 1596 Phạm Văn Đồng, Phường Nam Đồ Sơn, Thành phố Hải Phòng, Việt Nam",POINT (106.751953125 20.749685287475586),1435
Thế Giới Di Động - Thế giới di động 443 - 445 Mạc Đăng Doanh,"Thế giới di động 443 - 445 Mạc Đăng Doanh, Phường Hưng Đạo, Thành phố Hải Phòng, Việt Nam",POINT (106.68113708496094 20.79439926147461),8238
Điện Máy Xanh - Điện máy Xanh Số 253 - 255 - 257 - 259 Ngô Gia Tự,"Điện máy Xanh Số 253 - 255 - 257 - 259 Ngô Gia Tự, Phường Hải An, Thành phố Hải Phòng, Việt Nam",POINT (106.70510864257812 20.83008575439453),9179
Thế Giới Di Động - Thế giới di động Số 132 Ngô Gia Tự,"Thế giới di động Số 132 Ngô Gia Tự, Phường Hải An, Thành phố Hải Phòng, Việt Nam",POINT (106.70393371582031 20.83014488220215),1075
Thế Giới Di Động - Thế giới di động 599 Ngô Gia Tự,"Thế giới di động 599 Ngô Gia Tự, Phường Hải An, Thành phố Hải Phòng, Việt Nam",POINT (106.7127914428711 20.829166412353516),534
Điện Máy Xanh - Điện máy Xanh Số 69 Đường Hồng Bàng,"Điện máy Xanh Số 69 Đường Hồng Bàng, Phường Hồng Bàng, Thành phố Hải Phòng, Việt Nam",POINT (106.65132141113281 20.865234375),3944
Điện Máy Xanh - Điện máy Xanh Tổ đường 5/1,"Điện máy Xanh Tổ đường 5/1, Phường Hồng An, Thành phố Hải Phòng, Việt Nam",POINT (106.60218811035156 20.89038848876953),1634
Thế Giới Di Động - Thế giới di động 118 tổ đường 5/2,"Thế giới di động 118 tổ đường 5/2, Phường Hồng An, Thành phố Hải Phòng, Việt Nam",POINT (106.60356903076172 20.890289306640625),506
Thế Giới Di Động - Thế giới di động 57-59-59A đường Bạch Đằng,"Thế giới di động 57-59-59A đường Bạch Đằng, Phường Hồng Bàng, Thành phố Hải Phòng, Việt Nam",POINT (106.67604064941406 20.861703872680664),740
Điện Máy Xanh - Điện máy Xanh 220 Trần Thành Ngọ,"Điện máy Xanh 220 Trần Thành Ngọ, Phường Kiến An, Thành phố Hải Phòng, Việt Nam",POINT (106.62602996826172 20.809425354003906),635
Điện Máy Xanh - Điện máy Xanh Số nhà 703 -705 - 707 - 709 đường Trường Chinh,"Điện máy Xanh Số nhà 703 -705 - 707 - 709 đường Trường Chinh, Tổ dân phố Trường Chinh 2, Phường Kiến An, Thành phố Hải Phòng, Việt Nam",POINT (106.6525650024414 20.824068069458008),6900
Thế Giới Di Động - Thế giới di động Số 12-14 đường Trường Chinh,"Thế giới di động Số 12-14 đường Trường Chinh, Phường Kiến An, Thành phố Hải Phòng, Việt Nam",POINT (106.66316223144531 20.83717155456543),1239
Thế Giới Di Động - Thế giới di động Số 345 Trần Tất Văn,"Thế giới di động Số 345 Trần Tất Văn, Phường Phù Liễn, Thành phố Hải Phòng, Việt Nam",POINT (106.62213897705078 20.795547485351562),1516
Thế Giới Di Động - Thế giới di động Số 1-3-5 đường Trần Nhân Tông,"Thế giới di động Số 1-3-5 đường Trần Nhân Tông, Phường Kiến An, Thành phố Hải Phòng, Việt Nam",POINT (106.64903259277344 20.82147216796875),13744
Điện Máy Xanh - Điện máy Xanh Số 19 Cẩm Xuân,"Điện máy Xanh Số 19 Cẩm Xuân, Xã Kiến Thụy, Thành phố Hải Phòng, Việt Nam",POINT (106.66838836669922 20.749910354614258),1297
Điện Máy Xanh - Điện máy Xanh Thôn 6,"Điện máy Xanh Thôn 6, Xã Kiến Hải, Thành phố Hải Phòng, Việt Nam",POINT (106.72929382324219 20.713834762573242),5316
Thế Giới Di Động - Thế giới di động Số nhà 12 – 14 đường Tôn Đức Thắng,"Thế giới di động Số nhà 12 – 14 đường Tôn Đức Thắng, Phường An Biên, Thành phố Hải Phòng, Việt Nam",POINT (106.67093658447266 20.84943389892578),1359
Thế Giới Di Động - Thế giới di động Số 254 Phố Tô Hiệu,"Thế giới di động Số 254 Phố Tô Hiệu, Phường Lê Chân, Thành phố Hải Phòng, Việt Nam",POINT (106.67682647705078 20.850664138793945),662
Điện Máy Xanh - Điện máy Xanh 282 Đà Nẵng,"Điện máy Xanh 282 Đà Nẵng, Phường Ngô Quyền, Thành phố Hải Phòng, Việt Nam",POINT (106.71013641357422 20.86111068725586),661
Điện Máy Xanh - Điện máy Xanh Lô 3B,"Điện máy Xanh Lô 3B, Khu đô thị mới Ngã năm sân bay Cát Bi, Đường Lê Hồng Phong, Phường Đông Khê, Quận Ngô Quyền, Thành phố Hải Phòng, Việt Nam",POINT (106.7010726928711 20.8554744720459),9284
Thế Giới Di Động - Thế giới di động Số 106,"Thế giới di động Số 106, đường Trần Phú, Phường Gia Viên, Thành phố Hải Phòng, Việt Nam",POINT (106.68435668945312 20.856840133666992),1154
Thế Giới Di Động - Thế giới di động 182-184-186 Lạch Tray,"Thế giới di động 182-184-186 Lạch Tray, Phường Gia Viên, Thành phố Hải Phòng, Việt Nam",POINT (106.69215393066406 20.844449996948242),7659
Thế Giới Di Động - Thế giới di động 221A-221 Lạch Tray,"Thế giới di động 221A-221 Lạch Tray, Phường Gia Viên, Thành phố Hải Phòng, Việt Nam",POINT (106.69535064697266 20.83816146850586),507
Thế Giới Di Động - Thế giới di động Số 54,"Thế giới di động Số 54, 56 Lạch Tray, Phường Lạch Tray, Phường Gia Viên, Thành phố Hải Phòng, Việt Nam",POINT (106.68921661376953 20.849470138549805),12771
Điện Máy Xanh - Điện máy Xanh 68 Bạch Đằng,"Điện máy Xanh 68 Bạch Đằng, Phường Thủy Nguyên, Thành phố Hải Phòng, Việt Nam",POINT (106.68006134033203 20.920452117919922),1020
Điện Máy Xanh - Điện máy Xanh Thôn 12,"Điện máy Xanh Thôn 12, Phường Bạch Đằng, Thành phố Hải Phòng, Việt Nam",POINT (106.71529388427734 20.936702728271484),10956
Điện Máy Xanh - Điện máy Xanh Thôn Giữa,"Điện máy Xanh Thôn Giữa, Phường Lê Ích Mộc, Thành phố Hải Phòng, Việt Nam",POINT (106.61189270019531 20.9627628326416),4681
Điện Máy Xanh - Điện máy Xanh Thôn 4B,"Điện máy Xanh Thôn 4B, Phường Thủy Nguyên, Thành phố Hải Phòng, Việt Nam",POINT (106.67320251464844 20.89375114440918),2392
Điện Máy Xanh - Điện máy Xanh Số 06 thôn Phương Mỹ,"Điện máy Xanh Số 06 thôn Phương Mỹ, Phường Lê Ích Mộc, Thành phố Hải Phòng, Việt Nam",POINT (106.63175964355469 20.9384708404541),8669
Điện Máy Xanh - Điện máy Xanh Thôn 6,"Điện máy Xanh Thôn 6, Phường Nam Triệu, Thành phố Hải Phòng, Việt Nam",POINT (106.74352264404297 20.910924911499023),9041
Thế Giới Di Động - Thế giới di động Xã Núi Đèo,"Thế giới di động Xã Núi Đèo, Phường Thủy Nguyên, Thành phố Hải Phòng, Việt Nam",POINT (106.67874908447266 20.920169830322266),15926
Thế Giới Di Động - Thế giới di động Thôn Tây,"Thế giới di động Thôn Tây, Phường Hòa Bình, Thành phố Hải Phòng, Việt Nam",POINT (106.7037582397461 20.9320011138916),12351
Thế Giới Di Động - Thế giới di động Xóm 9,"Thế giới di động Xóm 9, Phường Thiên Hương, Thành phố Hải Phòng, Việt Nam",POINT (106.67530822753906 20.915983200073242),8953
Điện Máy Xanh - Điện máy Xanh Số 40 Minh Đức,"Điện máy Xanh Số 40 Minh Đức, khu 2, Xã Tiên Lãng, Thành phố Hải Phòng, Việt Nam",POINT (106.5609130859375 20.730838775634766),1074
Điện Máy Xanh - Điện máy Xanh Thôn Trung Hưng,"Điện máy Xanh Thôn Trung Hưng, Xã Chấn Hưng, Thành phố Hải Phòng, Việt Nam",POINT (106.635498046875 20.665639877319336),7928
Điện Máy Xanh - Điện máy Xanh Thôn 7,"Điện máy Xanh Thôn 7, Xã Hùng Thắng, Thành phố Hải Phòng, Việt Nam",POINT (106.65916442871094 20.67047119140625),11806
Điện Máy Xanh - Điện máy Xanh Thôn An Thung,"Điện máy Xanh Thôn An Thung, Xã Quyết Thắng, Thành phố Hải Phòng, Việt Nam",POINT (106.51446533203125 20.780643463134766),9249
Điện Máy Xanh - Điện máy Xanh Khu phố 3/2,"Điện máy Xanh Khu phố 3/2, Xã Vĩnh Bảo, Thành phố Hải Phòng, Việt Nam",POINT (106.4830322265625 20.692115783691406),2079
Điện Máy Xanh - Điện máy Xanh Thôn Nam Am,"Điện máy Xanh Thôn Nam Am, Xã Vĩnh Am, Thành phố Hải Phòng, Việt Nam",POINT (106.543212890625 20.643394470214844),8155
Điện Máy Xanh - Điện máy Xanh Thôn Linh Đông,"Điện máy Xanh Thôn Linh Đông, Xã Vĩnh Hải, Thành phố Hải Phòng, Việt Nam",POINT (106.48405456542969 20.636472702026367),11805
Thế Giới Di Động - Thế giới di động Số 119 - 121 - 123 Khu phố 1/5,"Thế giới di động Số 119 - 121 - 123 Khu phố 1/5, Xã Vĩnh Bảo, Thành phố Hải Phòng, Việt Nam",POINT (106.4809799194336 20.68596649169922),55
Điện Máy Xanh - Điện máy Xanh Số 268 phố Trần Nguyên Hãn,"Điện máy Xanh Số 268 phố Trần Nguyên Hãn, Phường An Biên, Thành phố Hải Phòng, Việt Nam",POINT (106.66905212402344 20.84364891052246),14475
Điện Máy Xanh - Điện máy Xanh Ấp Tân Thành,"Điện máy Xanh Ấp Tân Thành, Xã Tân Phước Hưng, Thành phố Cần Thơ, Việt Nam",POINT (105.77593994140625 9.710110664367676),7230
Điện Máy Xanh - Điện máy Xanh Đường Hùng Vương,"Điện máy Xanh Đường Hùng Vương, ấp Thị Trấn, Xã Châu Thành, Thành phố Cần Thơ, Việt Nam",POINT (105.80542755126953 9.922121047973633),5276
Điện Máy Xanh - Điện máy Xanh Ấp Phú Xuân,"Điện máy Xanh Ấp Phú Xuân, Xã Châu Thành, Thành phố Cần Thơ, Việt Nam",POINT (105.8645248413086 9.941145896911621),7292
Thế Giới Di Động - Thế giới di động Tỉnh Lộ 925,"Thế giới di động Tỉnh Lộ 925, ấp Thị Trấn, Xã Châu Thành, Thành phố Cần Thơ, Việt Nam",POINT (105.80841064453125 9.92123794555664),1167
Điện Máy Xanh - Điện máy Xanh Số 29-31-33 Quốc lộ 61,"Điện máy Xanh Số 29-31-33 Quốc lộ 61, Ấp Tân Phú A, Xã Đông Phước, Thành phố Cần Thơ, Việt Nam",POINT (105.724609375 9.924381256103516),300
Điện Máy Xanh - Điện máy Xanh Số nhà 203,"Điện máy Xanh Số nhà 203, Quốc lộ 1A, ấp Phú Lợi, Xã Thạnh Xuân, Thành phố Cần Thơ, Việt Nam",POINT (105.73504638671875 9.959972381591797),2411
Điện Máy Xanh - Điện máy Xanh Xã Tân Hòa,"Điện máy Xanh Xã Tân Hòa, Thành phố Cần Thơ, Việt Nam",POINT (105.63153076171875 9.92477798461914),7195
Điện Máy Xanh - Điện máy Xanh Thửa đất số 700 - 438 tờ bản đồ số 02,"Điện máy Xanh Thửa đất số 700 - 438 tờ bản đồ số 02, Xã Thạnh Xuân, Thành phố Cần Thơ, Việt Nam",POINT (105.66656494140625 9.896774291992188),7651
Điện Máy Xanh - Điện máy Xanh Ấp Trường Thọ A,"Điện máy Xanh Ấp Trường Thọ A, Xã Trường Long Tây, Thành phố Cần Thơ, Việt Nam",POINT (105.57099151611328 9.931830406188965),10139
Điện Máy Xanh - Điện máy Xanh Ấp Thị Tứ,"Điện máy Xanh Ấp Thị Tứ, Xã Tân Hòa, Thành phố Cần Thơ, Việt Nam",POINT (105.58477783203125 9.884082794189453),7512
Điện Máy Xanh - Điện máy Xanh 30/4 (CMT8),"Điện máy Xanh 30/4 (CMT8), khu vực 2, Phường Long Mỹ, Thành phố Cần Thơ, Việt Nam",POINT (105.57379150390625 9.682042121887207),2309
Điện Máy Xanh - Điện máy Xanh Ấp 3,"Điện máy Xanh Ấp 3, Xã Vĩnh Viễn, Thành phố Cần Thơ, Việt Nam",POINT (105.463134765625 9.665825843811035),8763
Điện Máy Xanh - Điện máy Xanh Ấp 07,"Điện máy Xanh Ấp 07, Xã Lương Tâm, Thành phố Cần Thơ, Việt Nam",POINT (105.41680908203125 9.616181373596191),8162
Điện Máy Xanh - Điện máy Xanh Khu vực Bình Tân,"Điện máy Xanh Khu vực Bình Tân, Phường Long Bình, Thành phố Cần Thơ, Việt Nam",POINT (105.57471466064453 9.738197326660156),9043
Điện Máy Xanh - Điện máy Xanh Thửa số 217 Tờ bản đồ 12,"Điện máy Xanh Thửa số 217 Tờ bản đồ 12, khu vực 01, Phường Long Phú 1, Thành phố Cần Thơ, Việt Nam",POINT (105.68463897705078 9.648777961730957),9440
Thế Giới Di Động - Thế giới di động 30 Nguyễn Huệ,"Thế giới di động 30 Nguyễn Huệ, Phường Long Mỹ, Thành phố Cần Thơ, Việt Nam",POINT (105.57183837890625 9.680251121520996),424
Điện Máy Xanh - Điện máy Xanh Số 2041 Hùng Vương,"Điện máy Xanh Số 2041 Hùng Vương, Khu vực 3, Phường Ngã Bảy, Thành phố Cần Thơ, Việt Nam",POINT (105.81816101074219 9.813591003417969),5150
Thế Giới Di Động - Thế giới di động Số 1093-1095 Hùng Vương,"Thế giới di động Số 1093-1095 Hùng Vương, Phường Ngã Bảy, Thành phố Cần Thơ, Việt Nam",POINT (105.81739807128906 9.814496040344238),682
Điện Máy Xanh - Điện máy Xanh Ấp Mỹ Quới,"Điện máy Xanh Ấp Mỹ Quới, Xã Hiệp Hưng, Thành phố Cần Thơ, Việt Nam",POINT (105.73754119873047 9.780678749084473),5380
Điện Máy Xanh - Điện máy Xanh Ấp Hoà Phụng B,"Điện máy Xanh Ấp Hoà Phụng B, Xã Hòa An, Thành phố Cần Thơ, Việt Nam",POINT (105.6488037109375 9.811149597167969),8263
Điện Máy Xanh - Điện máy Xanh Ấp Thạnh Lợi,"Điện máy Xanh Ấp Thạnh Lợi, Xã Thạnh Hòa, Thành phố Cần Thơ, Việt Nam",POINT (105.7724380493164 9.871319770812988),7231
Thế Giới Di Động - Thế giới di động Số 52,"Thế giới di động Số 52, quốc lộ 61, Xã Tân Bình, Thành phố Cần Thơ, Việt Nam",POINT (105.66345977783203 9.894184112548828),1373
Thế Giới Di Động - Thế giới di động Số 954,"Thế giới di động Số 954, ấp Cầu Xáng, Xã Tân Bình, Thành phố Cần Thơ, Việt Nam",POINT (105.64874267578125 9.81367301940918),1168
Điện Máy Xanh - Điện máy Xanh 17 đường 3/2,"Điện máy Xanh 17 đường 3/2, Phường Vị Tân, Thành phố Cần Thơ, Việt Nam",POINT (105.4710922241211 9.78292179107666),577
Điện Máy Xanh - Điện máy Xanh Số 1087 Trần Hưng Đạo,"Điện máy Xanh Số 1087 Trần Hưng Đạo, Khu vực 5, Phường Vị Thanh, Thành phố Cần Thơ, Việt Nam",POINT (105.41651916503906 9.75218677520752),5148
Điện Máy Xanh - Điện máy Xanh Ấp 01,"Điện máy Xanh Ấp 01, Xã Vị Thanh 1, Thành phố Cần Thơ, Việt Nam",POINT (105.53475189208984 9.842276573181152),7900
Thế Giới Di Động - Thế giới di động Số 01 Ngô Quốc Trị,"Thế giới di động Số 01 Ngô Quốc Trị, Phường Vị Tân, Thành phố Cần Thơ, Việt Nam",POINT (105.47097778320312 9.783291816711426),672
Điện Máy Xanh - Điện máy Xanh 388 Đường 30/4,"Điện máy Xanh 388 Đường 30/4, Xã Vị Thủy, Thành phố Cần Thơ, Việt Nam",POINT (105.53056335449219 9.754770278930664),5268
Thế Giới Di Động - Thế giới di động Đường Trần Hưng Đạo,"Thế giới di động Đường Trần Hưng Đạo, Phường Vị Thanh, Thành phố Cần Thơ, Việt Nam",POINT (105.46497344970703 9.781558990478516),9501
Điện Máy Xanh - Điện máy Xanh 2142-2144-2146-2148 Vĩnh Lộc,"Điện máy Xanh 2142-2144-2146-2148 Vĩnh Lộc, Xã Tân Vĩnh Lộc, Thành phố Hồ Chí Minh, Việt Nam",POINT (106.57566833496094 10.811173439025879),11499
Điện Máy Xanh - Điện máy Xanh B5/19N Trần Đại Nghĩa,"Điện máy Xanh B5/19N Trần Đại Nghĩa, Ấp 2, Xã Tân Nhựt, Thành phố Hồ Chí Minh, Việt Nam",POINT (106.59375762939453 10.724784851074219),4656
Điện Máy Xanh - Điện máy Xanh A1/9 QL 50,"Điện máy Xanh A1/9 QL 50, Ấp 2, Xã Bình Hưng, Thành phố Hồ Chí Minh, Việt Nam",POINT (106.6558609008789 10.731637954711914),173
Điện Máy Xanh - Điện máy Xanh C2/5 Quách Điêu,"Điện máy Xanh C2/5 Quách Điêu, Ấp 3, Xã Vĩnh Lộc, Thành phố Hồ Chí Minh, Việt Nam",POINT (106.56829071044922 10.831647872924805),3797
Điện Máy Xanh - Điện máy Xanh D16/40/1A Ấp 4,"Điện máy Xanh D16/40/1A Ấp 4, Xã Hưng Long, Huyện Bình Chánh, Thành phố Hồ Chí Minh, Việt Nam",POINT (106.60669708251953 10.659040451049805),2448
Điện Máy Xanh - Điện máy Xanh Số C4/21 khu phố 3,"Điện máy Xanh Số C4/21 khu phố 3, Thị Trấn Tân Túc, Huyện Bình Chánh, Thành phố Hồ Chí Minh, Việt Nam",POINT (106.58051300048828 10.674210548400879),939
Điện Máy Xanh - Điện máy Xanh 1A93/2 Ấp 1,"Điện máy Xanh 1A93/2 Ấp 1, Xã Tân Vĩnh Lộc, Thành phố Hồ Chí Minh, Việt Nam",POINT (106.55178833007812 10.770903587341309),1416
Điện Máy Xanh - Điện máy Xanh A4/4 Trần Văn Giàu,"Điện máy Xanh A4/4 Trần Văn Giàu, Ấp 1, Xã Bình Lợi, Thành phố Hồ Chí Minh, Việt Nam",POINT (106.51619720458984 10.787943840026855),4773
Điện Máy Xanh - Điện máy Xanh 313A16/12 Ấp 1,"Điện máy Xanh 313A16/12 Ấp 1, Xã Bình Chánh, Thành phố Hồ Chí Minh, Việt Nam",POINT (106.59844207763672 10.685722351074219),11875
Điện Máy Xanh - Điện máy Xanh B15/7A Quốc lộ 50 Ấp 2,"Điện máy Xanh B15/7A Quốc lộ 50 Ấp 2, Xã Bình Hưng, Thành phố Hồ Chí Minh, Việt Nam",POINT (106.65583038330078 10.71875),4599
Điện Máy Xanh - Điện máy Xanh C1/3C - C1/3E - C1/3F - C1/3G Võ Văn Vân,"Điện máy Xanh C1/3C - C1/3E - C1/3F - C1/3G Võ Văn Vân, Ấp 3, Xã Tân Vĩnh Lộc, Thành phố Hồ Chí Minh, Việt Nam",POINT (106.57666778564453 10.79481029510498),4190
Điện Máy Xanh - Điện máy Xanh D10/292C và D10/292D Ấp 4,"Điện máy Xanh D10/292C và D10/292D Ấp 4, Xã Bình Hưng, Thành phố Hồ Chí Minh, Việt Nam",POINT (106.65473175048828 10.691571235656738),4196
Điện Máy Xanh - Điện máy Xanh D12/23B Đinh Đức Thiện ấp 4,"Điện máy Xanh D12/23B Đinh Đức Thiện ấp 4, Xã Bình Chánh, Thành phố Hồ Chí Minh, Việt Nam",POINT (106.57562255859375 10.661881446838379),1964
Điện Máy Xanh - Điện máy Xanh G16/41 Trần Đại Nghĩa,"Điện máy Xanh G16/41 Trần Đại Nghĩa, Ấp 7, Xã Bình Lợi, Thành phố Hồ Chí Minh, Việt Nam",POINT (106.54955291748047 10.73926067352295),4874
Điện Máy Xanh - Điện máy Xanh B8/28M ấp 2,"Điện máy Xanh B8/28M ấp 2, Xã Bình Chánh, Thành phố Hồ Chí Minh, Việt Nam",POINT (106.59294891357422 10.71386432647705),12261
Điện Máy Xanh - Điện máy Xanh A8/13A QL50,"Điện máy Xanh A8/13A QL50, Ấp 1, Xã Hưng Long, Thành phố Hồ Chí Minh, Việt Nam",POINT (106.65633392333984 10.646416664123535),7025
Điện Máy Xanh - Điện máy Xanh 1826A Tỉnh lộ 10,"Điện máy Xanh 1826A Tỉnh lộ 10, Khu phố 1, Phường Tân Tạo, Thành phố Hồ Chí Minh, Việt Nam",POINT (106.56990051269531 10.762064933776855),125
Điện Máy Xanh - Điện máy Xanh Số F3/12 ấp 6,"Điện máy Xanh Số F3/12 ấp 6, Xã Vĩnh Lộc, Thành phố Hồ Chí Minh, Việt Nam",POINT (106.571533203125 10.818129539489746),12814
Thế Giới Di Động - Thế giới di động A11/1 Ấp 2,"Thế giới di động A11/1 Ấp 2, Xã Bình Hưng, Thành phố Hồ Chí Minh, Việt Nam",POINT (106.65570831298828 10.726794242858887),613
Thế Giới Di Động - Thế giới di động A4/15 Ấp 1,"Thế giới di động A4/15 Ấp 1, Xã Bình Lợi, Thành phố Hồ Chí Minh, Việt Nam",POINT (106.5154037475586 10.788949966430664),1713
Thế Giới Di Động - Thế giới di động B6/192 Ấp 2,"Thế giới di động B6/192 Ấp 2, Xã Bình Hưng, Thành phố Hồ Chí Minh, Việt Nam",POINT (106.65498352050781 10.691108703613281),903
Thế Giới Di Động - Thế giới di động C5/20 Phạm Hùng,"Thế giới di động C5/20 Phạm Hùng, Ấp 4A, Xã Bình Hưng, Thành phố Hồ Chí Minh, Việt Nam",POINT (106.67355346679688 10.733711242675781),800
Thế Giới Di Động - Thế giới di động D1/9/40 - D2/40A ấp 4 (Gần chợ Hưng Long),"Thế giới di động D1/9/40 - D2/40A ấp 4 (Gần chợ Hưng Long), Xã Hưng Long, Thành phố Hồ Chí Minh, Việt Nam",POINT (106.60765838623047 10.658601760864258),1410
Thế Giới Di Động - Thế giới di động E3/6 Nguyễn Hữu Trí,"Thế giới di động E3/6 Nguyễn Hữu Trí, Ấp 5, Xã Tân Nhựt, Thành phố Hồ Chí Minh, Việt Nam",POINT (106.58397674560547 10.694106101989746),9169
Thế Giới Di Động - Thế giới di động E6/8 Thới Hòa,"Thế giới di động E6/8 Thới Hòa, Xã Vĩnh Lộc, Thành phố Hồ Chí Minh, Việt Nam",POINT (106.58335876464844 10.828969955444336),8722
Thế Giới Di Động - Thế giới di động Ấp 1,"Thế giới di động Ấp 1, Nguyễn Cửu Phú, Xã Bình Chánh, Thành phố Hồ Chí Minh, Việt Nam",POINT (106.58111572265625 10.729466438293457),875
Thế Giới Di Động - Thế giới di động Số D13/40 Ấp 4 (Vĩnh Lộc A),"Thế giới di động Số D13/40 Ấp 4 (Vĩnh Lộc A), Xã Vĩnh Lộc, Thành phố Hồ Chí Minh, Việt Nam",POINT (106.57029724121094 10.832600593566895),182
Điện Máy Xanh - Điện máy Xanh C5/13B Phạm Hùng,"Điện máy Xanh C5/13B Phạm Hùng , Ấp 4, Xã Bình Hưng, Thành phố Hồ Chí Minh, Việt Nam",POINT (106.67237854003906 10.735361099243164),1878
Điện Máy Xanh - Điện máy Xanh 106-106A-106B-106C Nguyễn Thị Tú,"Điện máy Xanh 106-106A-106B-106C Nguyễn Thị Tú, khu phố 1, Phường Bình Tân, Thành phố Hồ Chí Minh, Việt Nam",POINT (106.60015106201172 10.816446304321289),479
Điện Máy Xanh - Điện máy Xanh 18 Tây Lân,"Điện máy Xanh 18 Tây Lân, Kp. 7, Phường Bình Trị Đông, Thành phố Hồ Chí Minh, Việt Nam",POINT (106.59072875976562 10.77062702178955),2073
Điện Máy Xanh - Điện máy Xanh 54-56 Đường số 7,"Điện máy Xanh 54-56 Đường số 7, Phường An Lạc, Thành phố Hồ Chí Minh, Việt Nam",POINT (106.61620330810547 10.751870155334473),4442
Điện Máy Xanh - Điện máy Xanh 636 Kinh Dương Vương,"Điện máy Xanh 636 Kinh Dương Vương, Phường An Lạc, Thành phố Hồ Chí Minh, Việt Nam",POINT (106.60743713378906 10.72872257232666),14876
Điện Máy Xanh - Điện máy Xanh Số 740 Tân Kỳ Tân Qúy,"Điện máy Xanh Số 740 Tân Kỳ Tân Qúy, Phường Bình Hưng Hòa, Thành phố Hồ Chí Minh, Việt Nam",POINT (106.60357666015625 10.79090404510498),1337
Điện Máy Xanh - Điện máy Xanh 953 Tỉnh Lộ 10,"Điện máy Xanh 953 Tỉnh Lộ 10, Khu Phố 8, Phường Tân Tạo, Thành phố Hồ Chí Minh, Việt Nam",POINT (106.60428619384766 10.754575729370117),911
Điện Máy Xanh - Điện máy Xanh 158 An Dương Vương,"Điện máy Xanh 158 An Dương Vương, Phường Phú Định, Thành phố Hồ Chí Minh, Việt Nam",POINT (106.6201171875 10.725418090820312),2663
Điện Máy Xanh - Điện máy Xanh 1255 Tỉnh Lộ 10,"Điện máy Xanh 1255 Tỉnh Lộ 10, Phường Tân Tạo, Thành phố Hồ Chí Minh, Việt Nam",POINT (106.59017181396484 10.756312370300293),4564
Điện Máy Xanh - Điện máy Xanh 15/7 Liên Khu 5-6,"Điện máy Xanh 15/7 Liên Khu 5-6, Khu phố 6, Phường Bình Tân, Thành phố Hồ Chí Minh, Việt Nam",POINT (106.59008026123047 10.79019546508789),12631
Điện Máy Xanh - Điện máy Xanh 442-444 Hồ Học Lãm,"Điện máy Xanh 442-444 Hồ Học Lãm, Phường An Lạc, Thành phố Hồ Chí Minh, Việt Nam",POINT (106.60765838623047 10.72733211517334),2188
Điện Máy Xanh - Điện máy Xanh 189A Cống Quỳnh,"Điện máy Xanh 189A Cống Quỳnh, Phường Cầu Ông Lãnh, Thành phố Hồ Chí Minh, Việt Nam",POINT (106.68700408935547 10.767068862915039),7696
Điện Máy Xanh - Điện máy Xanh 542 Cách Mạng Tháng 8,"Điện máy Xanh 542 Cách Mạng Tháng 8, Phường Nhiêu Lộc, Thành phố Hồ Chí Minh, Việt Nam",POINT (106.66690826416016 10.785816192626953),193
Điện Máy Xanh - Điện máy Xanh 558 Trần Hưng Đạo,"Điện máy Xanh 558 Trần Hưng Đạo, Phường Chợ Quán, Thành phố Hồ Chí Minh, Việt Nam",POINT (106.68072509765625 10.755243301391602),816
Điện Máy Xanh - Điện máy Xanh 416 Hậu Giang,"Điện máy Xanh 416 Hậu Giang, Phường Phú Lâm, Thành phố Hồ Chí Minh, Việt Nam",POINT (106.63855743408203 10.749086380004883),548
Điện Máy Xanh - Điện máy Xanh 1521 đường Huỳnh Tấn Phát,"Điện máy Xanh 1521 đường Huỳnh Tấn Phát, Phường Phú Thuận, Thành phố Hồ Chí Minh, Việt Nam",POINT (106.7371597290039 10.712235450744629),5324
Điện Máy Xanh - Điện máy Xanh Số 428 Nguyễn Thị Thập,"Điện máy Xanh Số 428 Nguyễn Thị Thập, Phường Tân Hưng, Thành phố Hồ Chí Minh, Việt Nam",POINT (106.70877838134766 10.739322662353516),1496
Điện Máy Xanh - Điện máy Xanh 677 Huỳnh Tấn Phát,"Điện máy Xanh 677 Huỳnh Tấn Phát, Phường Phú Thuận, Thành phố Hồ Chí Minh, Việt Nam",POINT (106.73062896728516 10.737237930297852),254
Điện Máy Xanh - Điện máy Xanh 500-502 Dương Bá Trạc,"Điện máy Xanh 500-502 Dương Bá Trạc, Phường Chánh Hưng, Thành phố Hồ Chí Minh, Việt Nam",POINT (106.68836212158203 10.743110656738281),1379
Điện Máy Xanh - Điện máy Xanh Số 03 đường 3/2,"Điện máy Xanh Số 03 đường 3/2, Phường Vườn Lài, Thành phố Hồ Chí Minh, Việt Nam",POINT (106.6812515258789 10.777501106262207),1223
Điện Máy Xanh - Điện máy Xanh 01 Bis Tô Ký,"Điện máy Xanh 01 Bis Tô Ký, Phường Trung Mỹ Tây, Thành phố Hồ Chí Minh, Việt Nam",POINT (106.61576080322266 10.867096900939941),396
Điện Máy Xanh - Điện máy Xanh 102 Lê Văn Khương,"Điện máy Xanh 102 Lê Văn Khương, Khu Phố 1, Phường Thới An, Thành phố Hồ Chí Minh, Việt Nam",POINT (106.6497802734375 10.865141868591309),97
Điện Máy Xanh - Điện máy Xanh 102 -104 -106 Trường Chinh,"Điện máy Xanh 102 -104 -106 Trường Chinh, Phường Đông Hưng Thuận, Thành phố Hồ Chí Minh, Việt Nam",POINT (106.62516021728516 10.827917098999023),2234
Điện Máy Xanh - Điện máy Xanh 322- 324 Phan Văn Hớn,"Điện máy Xanh 322- 324 Phan Văn Hớn, Phường Đông Hưng Thuận, Thành phố Hồ Chí Minh, Việt Nam",POINT (106.60747528076172 10.834609031677246),924
Điện Máy Xanh - Điện máy Xanh 55-57-59 Hà Huy Giáp,"Điện máy Xanh 55-57-59 Hà Huy Giáp, Phường An Phú Đông, Thành phố Hồ Chí Minh, Việt Nam",POINT (106.67918395996094 10.85403060913086),6322
Điện Máy Xanh - Điện máy Xanh 767A Đường Hương Lộ 2,"Điện máy Xanh 767A Đường Hương Lộ 2, Khu phố 2, Phường Bình Tân, Thành phố Hồ Chí Minh, Việt Nam",POINT (106.60556030273438 10.765998840332031),5044
Thế Giới Di Động - Thế giới di động D7/23,"Thế giới di động D7/23, ấp 4, Nguyễn Thị Tú, Xã Tân Vĩnh Lộc, Thành phố Hồ Chí Minh, Việt Nam",POINT (106.57948303222656 10.813562393188477),762
Thế Giới Di Động - Thế giới di động 1024 Hương Lộ 2,"Thế giới di động 1024 Hương Lộ 2, KP 6, Phường Bình Trị Đông, Thành phố Hồ Chí Minh, Việt Nam",POINT (106.59182739257812 10.769941329956055),292
Thế Giới Di Động - Thế giới di động 1036 Tân Kỳ -Tân Quý,"Thế giới di động 1036 Tân Kỳ -Tân Quý, Phường Bình Hưng Hòa, Thành phố Hồ Chí Minh, Việt Nam",POINT (106.59608459472656 10.789697647094727),333
Thế Giới Di Động - Thế giới di động 1302-1304-1306 Tỉnh Lộ 10,"Thế giới di động 1302-1304-1306 Tỉnh Lộ 10, KP.5, Phường Tân Tạo, Thành phố Hồ Chí Minh, Việt Nam",POINT (106.59266662597656 10.756292343139648),807
Điện Máy Xanh - Điện máy Xanh 21 Trần Não,"Điện máy Xanh 21 Trần Não, Khu phố 4, Phường An Khánh, Thành phố Hồ Chí Minh, Việt Nam",POINT (106.73152923583984 10.797175407409668),2320
Điện Máy Xanh - Điện máy Xanh 525 Kha Vạn Cân (2D Đường số 39,"Điện máy Xanh 525 Kha Vạn Cân (2D Đường số 39, Khu phố 6), Phường Hiệp Bình, Thành phố Hồ Chí Minh, Việt Nam",POINT (106.75016784667969 10.845479965209961),9252
Điện Máy Xanh - Điện máy Xanh 382 Nguyễn Duy Trinh,"Điện máy Xanh 382 Nguyễn Duy Trinh, Phường Bình Trưng, Thành phố Hồ Chí Minh, Việt Nam",POINT (106.76985931396484 10.788492202758789),2278
Điện Máy Xanh - Điện máy Xanh 502 Đỗ Xuân Hợp,"Điện máy Xanh 502 Đỗ Xuân Hợp, Phường Phước Long, Thành phố Hồ Chí Minh, Việt Nam",POINT (106.77210998535156 10.821394920349121),1700
Điện Máy Xanh - Điện máy Xanh 633-633A-635 Lê Văn Việt,"Điện máy Xanh 633-633A-635 Lê Văn Việt, Ấp Cầu Xây, Phường Tăng Nhơn Phú, Thành phố Hồ Chí Minh, Việt Nam",POINT (106.81079864501953 10.84938907623291),2043
Thế Giới Di Động - Thế giới di động 1615 Tỉnh Lộ 10,"Thế giới di động 1615 Tỉnh Lộ 10, Khu phố 5, Phường Tân Tạo, Thành phố Hồ Chí Minh, Việt Nam",POINT (106.57965087890625 10.758380889892578),185
Thế Giới Di Động - Thế giới di động 229 Nguyễn Thị Tú,"Thế giới di động 229 Nguyễn Thị Tú, Phường Bình Tân, Thành phố Hồ Chí Minh, Việt Nam",POINT (106.593994140625 10.815570831298828),777
Thế Giới Di Động - Thế giới di động 269 Tân Hòa Đông,"Thế giới di động 269 Tân Hòa Đông, Phường Bình Trị Đông, Thành phố Hồ Chí Minh, Việt Nam",POINT (106.62454986572266 10.760119438171387),1412
Thế Giới Di Động - Thế giới di động 287 Lê Văn Quới,"Thế giới di động 287 Lê Văn Quới, Phường Bình Trị Đông, Thành phố Hồ Chí Minh, Việt Nam",POINT (106.61265563964844 10.7761869430542),555
Thế Giới Di Động - Thế giới di động 314 Hồ Học Lãm,"Thế giới di động 314 Hồ Học Lãm, Phường An Lạc, Thành phố Hồ Chí Minh, Việt Nam",POINT (106.61073303222656 10.722847938537598),1113
Thế Giới Di Động - Thế giới di động 361 Tên Lửa,"Thế giới di động 361 Tên Lửa, Phường An Lạc, Thành phố Hồ Chí Minh, Việt Nam",POINT (106.610107421875 10.752167701721191),9453
Thế Giới Di Động - Thế giới di động 427 Kinh Dương Vương,"Thế giới di động 427 Kinh Dương Vương, Khu phố 6, Phường An Lạc, Thành phố Hồ Chí Minh, Việt Nam",POINT (106.61644744873047 10.739275932312012),16886
Thế Giới Di Động - Thế giới di động 566 Hương Lộ 2,"Thế giới di động 566 Hương Lộ 2, khu phố 6, Phường Bình Trị Đông, Thành phố Hồ Chí Minh, Việt Nam",POINT (106.61328887939453 10.769875526428223),1328
Thế Giới Di Động - Thế giới di động 736 Hương Lộ 2 (ngay ngã 4 Hương Lộ 2 - Mã Lò,"Thế giới di động 736 Hương Lộ 2 (ngay ngã 4 Hương Lộ 2 - Mã Lò, đối diện bệnh viện Bình Tân), Phường Bình Tân, Thành phố Hồ Chí Minh, Việt Nam",POINT (106.6040267944336 10.765606880187988),1827
Thế Giới Di Động - Thế giới di động 739 Lê Trọng Tấn,"Thế giới di động 739 Lê Trọng Tấn, KP2, Phường Bình Hưng Hòa, Thành phố Hồ Chí Minh, Việt Nam",POINT (106.60292053222656 10.81566047668457),1562
Thế Giới Di Động - Thế giới di động 114 - 116 Đường số 3,"Thế giới di động 114 - 116 Đường số 3, Phường Bình Tân, Thành phố Hồ Chí Minh, Việt Nam",POINT (106.58936309814453 10.803180694580078),12380
Điện Máy Xanh - Điện máy Xanh Số 30/10 Nguyễn Ảnh Thủ,"Điện máy Xanh Số 30/10 Nguyễn Ảnh Thủ, Ấp Đông, Xã Đông Thạnh, Thành phố Hồ Chí Minh, Việt Nam",POINT (106.6215591430664 10.873891830444336),1208
Điện Máy Xanh - Điện máy Xanh Số 230 Bạch Đằng,"Điện máy Xanh Số 230 Bạch Đằng, Phường Bình Thạnh, Thành phố Hồ Chí Minh, Việt Nam",POINT (106.70486450195312 10.803449630737305),7728
Điện Máy Xanh - Điện máy Xanh 173 Xô Viết Nghệ Tĩnh,"Điện máy Xanh 173 Xô Viết Nghệ Tĩnh, Phường Gia Định, Thành phố Hồ Chí Minh, Việt Nam",POINT (106.71092987060547 10.799060821533203),27901
Điện Máy Xanh - Điện máy Xanh 237 Nơ Trang Long,"Điện máy Xanh 237 Nơ Trang Long, Phường Bình Lợi Trung, Thành phố Hồ Chí Minh, Việt Nam",POINT (106.69772338867188 10.817292213439941),6173
Điện Máy Xanh - Điện máy Xanh 395 Lê Quang Định,"Điện máy Xanh 395 Lê Quang Định, Phường Bình Lợi Trung, Thành phố Hồ Chí Minh, Việt Nam",POINT (106.68963623046875 10.813806533813477),13934
Điện Máy Xanh - Điện máy Xanh Số 1970 Huỳnh Tấn Phát,"Điện máy Xanh Số 1970 Huỳnh Tấn Phát, Xã Nhà Bè, Thành phố Hồ Chí Minh, Việt Nam",POINT (106.7406005859375 10.693270683288574),1582
Thế Giới Di Động - Thế giới di động 202 Xô Viết Nghệ Tĩnh,"Thế giới di động 202 Xô Viết Nghệ Tĩnh, Phường Thạnh Mỹ Tây, Thành phố Hồ Chí Minh, Việt Nam",POINT (106.7111587524414 10.798742294311523),15889
Điện Máy Xanh - Điện máy Xanh 130 Trần Quang Khải,"Điện máy Xanh 130 Trần Quang Khải, Phường Tân Định, Thành phố Hồ Chí Minh, Việt Nam",POINT (106.69174194335938 10.792189598083496),7017
Điện Máy Xanh - Điện máy Xanh 60-60A-60B Tân Hòa Đông,"Điện máy Xanh 60-60A-60B Tân Hòa Đông, Phường Phú Lâm, Thành phố Hồ Chí Minh, Việt Nam",POINT (106.63240814208984 10.756550788879395),2662
Điện Máy Xanh - Điện máy Xanh 6G-7G Lâm Văn Bền,"Điện máy Xanh 6G-7G Lâm Văn Bền, Phường Tân Thuận, Thành phố Hồ Chí Minh, Việt Nam",POINT (106.71600341796875 10.750666618347168),6242
Điện Máy Xanh - Điện máy Xanh 3223 Phạm Thế Hiển,"Điện máy Xanh 3223 Phạm Thế Hiển, Phường Bình Đông, Thành phố Hồ Chí Minh, Việt Nam",POINT (106.62811279296875 10.712139129638672),6372
Điện Máy Xanh - Điện máy Xanh 79 Hòa Bình,"Điện máy Xanh 79 Hòa Bình, Phường Bình Thới, Thành phố Hồ Chí Minh, Việt Nam",POINT (106.64166259765625 10.766851425170898),2539
Điện Máy Xanh - Điện máy Xanh 215 Dương Thị Mười,"Điện máy Xanh 215 Dương Thị Mười, Khu phố 4, Phường Tân Chánh Hiệp, Quận 12, Thành phố Hồ Chí Minh, Việt Nam",POINT (106.63323974609375 10.863542556762695),4858
Điện Máy Xanh - Điện máy Xanh Số 294 - 296 Nguyễn Ảnh Thủ,"Điện máy Xanh Số 294 - 296 Nguyễn Ảnh Thủ, Phường Tân Thới Hiệp, Thành phố Hồ Chí Minh, Việt Nam",POINT (106.63565826416016 10.879972457885742),2088
Điện Máy Xanh - Điện máy Xanh 343-345 Lê Văn Khương,"Điện máy Xanh 343-345 Lê Văn Khương, Phường Tân Thới Hiệp, Thành phố Hồ Chí Minh, Việt Nam",POINT (106.6489028930664 10.87717342376709),2465
Điện Máy Xanh - Điện máy Xanh 35 Vườn Lài Khu phố 4,"Điện máy Xanh 35 Vườn Lài Khu phố 4, Phường An Phú Đông, Thành phố Hồ Chí Minh, Việt Nam",POINT (106.69241333007812 10.858575820922852),4873
Điện Máy Xanh - Điện máy Xanh 575A - 577 Nguyễn Ảnh Thủ,"Điện máy Xanh 575A - 577 Nguyễn Ảnh Thủ, Phường Tân Thới Hiệp, Thành phố Hồ Chí Minh, Việt Nam",POINT (106.62894439697266 10.882530212402344),5797
Điện Máy Xanh - Điện máy Xanh Số 597 Hà Huy Giáp,"Điện máy Xanh Số 597 Hà Huy Giáp, KP.03, Phường Thới An, Thành phố Hồ Chí Minh, Việt Nam",POINT (106.67916870117188 10.881189346313477),2080
Điện Máy Xanh - Điện máy Xanh 787 Quốc Lộ 1A,"Điện máy Xanh 787 Quốc Lộ 1A, Phường Thới An, Thành phố Hồ Chí Minh, Việt Nam",POINT (106.67115020751953 10.8615083694458),324
Điện Máy Xanh - Điện máy Xanh Số 921A-921B-921C-921D Đường Hà Huy Giáp,"Điện máy Xanh Số 921A-921B-921C-921D Đường Hà Huy Giáp, KP3, Phường Thới An, Thành phố Hồ Chí Minh, Việt Nam",POINT (106.68851470947266 10.894914627075195),12701
Điện Máy Xanh - Điện máy Xanh 29A Nguyễn Văn Quá,"Điện máy Xanh 29A Nguyễn Văn Quá, Phường Trung Mỹ Tây, Thành phố Hồ Chí Minh, Việt Nam",POINT (106.63532257080078 10.847982406616211),2466
Thế Giới Di Động - Thế giới di động 233 Nơ Trang Long,"Thế giới di động 233 Nơ Trang Long, Phường Bình Lợi Trung, Thành phố Hồ Chí Minh, Việt Nam",POINT (106.69769287109375 10.81704044342041),356
Thế Giới Di Động - Thế giới di động 307B Lê Quang Định,"Thế giới di động 307B Lê Quang Định, Phường Gia Định, Thành phố Hồ Chí Minh, Việt Nam",POINT (106.69136047363281 10.810810089111328),664
Điện Máy Xanh - Điện máy Xanh Số 1/33 Lã Xuân Oai,"Điện máy Xanh Số 1/33 Lã Xuân Oai, Phường Long Phước, Thành phố Hồ Chí Minh, Việt Nam",POINT (106.80851745605469 10.823121070861816),8995
Thế Giới Di Động - Thế giới di động Số 316B Phan Văn Trị,"Thế giới di động Số 316B Phan Văn Trị, Phường Bình Lợi Trung, Thành phố Hồ Chí Minh, Việt Nam",POINT (106.6954116821289 10.817349433898926),1673
Điện Máy Xanh - Điện máy Xanh 1241 Nguyễn Duy Trinh,"Điện máy Xanh 1241 Nguyễn Duy Trinh, ấp Phước Lai, Phường Long Trường, Thành phố Hồ Chí Minh, Việt Nam",POINT (106.81430053710938 10.803693771362305),2176
Điện Máy Xanh - Điện máy Xanh 178 Đường Lã Xuân Oai,"Điện máy Xanh 178 Đường Lã Xuân Oai, Phường Tăng Nhơn Phú, Thành phố Hồ Chí Minh, Việt Nam",POINT (106.79299926757812 10.839937210083008),4491
Thế Giới Di Động - Thế giới di động 602/1 Điện Biên Phủ,"Thế giới di động 602/1 Điện Biên Phủ, Phường Thạnh Mỹ Tây, Thành phố Hồ Chí Minh, Việt Nam",POINT (106.7177963256836 10.799201011657715),1884
Điện Máy Xanh - Điện máy Xanh 213 – 213/1 Đình Phong Phú,"Điện máy Xanh 213 – 213/1 Đình Phong Phú, Phường Tăng Nhơn Phú, Thành phố Hồ Chí Minh, Việt Nam",POINT (106.78372192382812 10.833442687988281),12795
Điện Máy Xanh - Điện máy Xanh 250 Nguyễn Văn Tăng,"Điện máy Xanh 250 Nguyễn Văn Tăng, Phường Long Bình, Thành phố Hồ Chí Minh, Việt Nam",POINT (106.82135772705078 10.841833114624023),2175
Thế Giới Di Động - Thế giới di động Số 820 Xô Viết Nghệ Tĩnh,"Thế giới di động Số 820 Xô Viết Nghệ Tĩnh, Phường Thạnh Mỹ Tây, Thành phố Hồ Chí Minh, Việt Nam",POINT (106.71571350097656 10.8125638961792),1336
Điện Máy Xanh - Điện máy Xanh 624 – 626 – 626A Nguyễn Thị Định,"Điện máy Xanh 624 – 626 – 626A Nguyễn Thị Định, Phường Cát Lái, Thành phố Hồ Chí Minh, Việt Nam",POINT (106.76519012451172 10.776838302612305),16860
Điện Máy Xanh - Điện máy Xanh 845A Nguyễn Duy Trinh,"Điện máy Xanh 845A Nguyễn Duy Trinh, Phường Long Trường, Thành phố Hồ Chí Minh, Việt Nam",POINT (106.7961654663086 10.791451454162598),10708
Điện Máy Xanh - Điện máy Xanh 83 Duyên Hải,"Điện máy Xanh 83 Duyên Hải, khu phố Hưng Thạnh, Xã Cần Giờ, Thành phố Hồ Chí Minh, Việt Nam",POINT (106.97270202636719 10.415283203125),1656
Điện Máy Xanh - Điện máy Xanh 583 Ấp Bình Phước,"Điện máy Xanh 583 Ấp Bình Phước, Xã Bình Khánh, Thành phố Hồ Chí Minh, Việt Nam",POINT (106.7764663696289 10.664586067199707),15879
Thế Giới Di Động - Thế giới di động 01CK Đào Cử (Cần Thạnh),"Thế giới di động 01CK Đào Cử (Cần Thạnh), Xã Cần Giờ, Thành phố Hồ Chí Minh, Việt Nam",POINT (106.96795654296875 10.412176132202148),1110
Điện Máy Xanh - Điện máy Xanh Số 271 Quốc Lộ 22,"Điện máy Xanh Số 271 Quốc Lộ 22, Xã Củ Chi, Thành phố Hồ Chí Minh, Việt Nam",POINT (106.54093933105469 10.93891716003418),2416
Điện Máy Xanh - Điện máy Xanh 874 – 874 A Quốc Lộ 22,"Điện máy Xanh 874 – 874 A Quốc Lộ 22, Xã Tân An Hội, Thành phố Hồ Chí Minh, Việt Nam",POINT (106.48268127441406 10.970710754394531),294
Điện Máy Xanh - Điện máy Xanh 110 - 110B Hà Duy Phiên,"Điện máy Xanh 110 - 110B Hà Duy Phiên, Xã Bình Mỹ, Thành phố Hồ Chí Minh, Việt Nam",POINT (106.64614868164062 10.933821678161621),4772
Điện Máy Xanh - Điện máy Xanh Số 1385 Tỉnh Lộ 7,"Điện máy Xanh Số 1385 Tỉnh Lộ 7, ấp Chợ Cũ, Xã An Nhơn Tây, Thành phố Hồ Chí Minh, Việt Nam",POINT (106.51235961914062 11.086999893188477),7874
Điện Máy Xanh - Điện máy Xanh 1484 Tỉnh Lộ 8,"Điện máy Xanh 1484 Tỉnh Lộ 8, Ấp 12, Xã Phú Hòa Đông, Thành phố Hồ Chí Minh, Việt Nam",POINT (106.59122467041016 10.982556343078613),4734
Điện Máy Xanh - Điện máy Xanh Số 209 - 211 Tỉnh Lộ 8,"Điện máy Xanh Số 209 - 211 Tỉnh Lộ 8, Khu Phố 3, Xã Tân An Hội, Thành phố Hồ Chí Minh, Việt Nam",POINT (106.5006103515625 10.976582527160645),2104
Điện Máy Xanh - Điện máy Xanh 417 Tỉnh Lộ 15,"Điện máy Xanh 417 Tỉnh Lộ 15, Xã Phú Hòa Đông, Thành phố Hồ Chí Minh, Việt Nam",POINT (106.59586334228516 10.959001541137695),4335
Điện Máy Xanh - Điện máy Xanh Số 42A Tỉnh Lộ 8,"Điện máy Xanh Số 42A Tỉnh Lộ 8, Xã Phú Hòa Đông, Thành phố Hồ Chí Minh, Việt Nam",POINT (106.57476806640625 10.984021186828613),1495
Điện Máy Xanh - Điện máy Xanh 801-801A Quốc lộ 22 (Phước Thạnh),"Điện máy Xanh 801-801A Quốc lộ 22 (Phước Thạnh), Ấp Chợ, Xã Thái Mỹ, Thành phố Hồ Chí Minh, Việt Nam",POINT (106.42793273925781 11.004915237426758),4579
Điện Máy Xanh - Điện máy Xanh 68 Liêu Bình Hương,"Điện máy Xanh 68 Liêu Bình Hương, Xã Củ Chi, Thành phố Hồ Chí Minh, Việt Nam",POINT (106.5043716430664 10.964449882507324),8692
Điện Máy Xanh - Điện máy Xanh 106 Tỉnh Lộ 15,"Điện máy Xanh 106 Tỉnh Lộ 15, Xã Phú Hòa Đông, Thành phố Hồ Chí Minh, Việt Nam",POINT (106.56421661376953 11.022501945495605),9104
Điện Máy Xanh - Điện máy Xanh Số 457 - 459 đường Tỉnh Lộ 7,"Điện máy Xanh Số 457 - 459 đường Tỉnh Lộ 7, Xã Thái Mỹ, Thành phố Hồ Chí Minh, Việt Nam",POINT (106.45511627197266 11.047508239746094),9006
Điện Máy Xanh - Điện máy Xanh 826 tỉnh lộ 7,"Điện máy Xanh 826 tỉnh lộ 7, ấp Gò Nổi, Xã An Nhơn Tây, Thành phố Hồ Chí Minh, Việt Nam",POINT (106.4747543334961 11.058773040771484),12326
Thế Giới Di Động - Thế giới di động 01 Lê Minh Nhựt,"Thế giới di động 01 Lê Minh Nhựt, Ấp Tiền, Xã Củ Chi, Thành phố Hồ Chí Minh, Việt Nam",POINT (106.52366638183594 10.947375297546387),95
Thế Giới Di Động - Thế giới di động 1014 Tỉnh Lộ 8,"Thế giới di động 1014 Tỉnh Lộ 8, ấp 12, Xã Phú Hòa Đông, Thành phố Hồ Chí Minh, Việt Nam",POINT (106.57652282714844 10.98324966430664),547
Thế Giới Di Động - Thế giới di động Số 126/5E Củ Chi,"Thế giới di động Số 126/5E Củ Chi, khu phố 5, Xã Tân An Hội, Thành phố Hồ Chí Minh, Việt Nam",POINT (106.48258972167969 10.9704008102417),686
Thế Giới Di Động - Thế giới di động 135 Phan Văn Khải,"Thế giới di động 135 Phan Văn Khải , Tổ 16, Ấp Giữa, Xã Củ Chi, Thành phố Hồ Chí Minh, Việt Nam",POINT (106.55058288574219 10.934024810791016),96
Thế Giới Di Động - Thế giới di động Số 1742 Tỉnh lộ 8,"Thế giới di động Số 1742 Tỉnh lộ 8, Xã Bình Mỹ, Thành phố Hồ Chí Minh, Việt Nam",POINT (106.61618041992188 10.979116439819336),1556
Thế Giới Di Động - Thế giới di động 266 Tỉnh Lộ 15,"Thế giới di động 266 Tỉnh Lộ 15, Ấp 11, Xã Phú Hòa Đông, Thành phố Hồ Chí Minh, Việt Nam",POINT (106.60610961914062 10.947188377380371),1014
Thế Giới Di Động - Thế giới di động Số 45 Tỉnh Lộ 8,"Thế giới di động Số 45 Tỉnh Lộ 8, Xã Tân An Hội, Thành phố Hồ Chí Minh, Việt Nam",POINT (106.48977661132812 10.970481872558594),12957
Thế Giới Di Động - Thế giới di động 97 Tỉnh Lộ 15 (Cách chợ Phú Hòa Đông khoảng 500m),"Thế giới di động 97 Tỉnh Lộ 15 (Cách chợ Phú Hòa Đông khoảng 500m), Xã Phú Hòa Đông, Thành phố Hồ Chí Minh, Việt Nam",POINT (106.56391906738281 11.022259712219238),1280
Điện Máy Xanh - Điện máy Xanh 561 Xô Viết Nghệ Tĩnh,"Điện máy Xanh 561 Xô Viết Nghệ Tĩnh, Phường Bình Thạnh, Thành phố Hồ Chí Minh, Việt Nam",POINT (106.71205139160156 10.810009956359863),907
Điện Máy Xanh - Điện máy Xanh 1046 Quang Trung,"Điện máy Xanh 1046 Quang Trung, Phường Thông Tây Hội, Thành phố Hồ Chí Minh, Việt Nam",POINT (106.64569091796875 10.840703964233398),1603
Điện Máy Xanh - Điện máy Xanh 168 Quang Trung,"Điện máy Xanh 168 Quang Trung, Phường Gò Vấp, Thành phố Hồ Chí Minh, Việt Nam",POINT (106.67487335205078 10.828492164611816),13371
Điện Máy Xanh - Điện máy Xanh Số 2/1B Quang Trung,"Điện máy Xanh Số 2/1B Quang Trung, Phường Thông Tây Hội, Thành phố Hồ Chí Minh, Việt Nam",POINT (106.6644515991211 10.835075378417969),1601
Điện Máy Xanh - Điện máy Xanh Số 223-225 Phan Huy Ích,"Điện máy Xanh Số 223-225 Phan Huy Ích, Phường An Hội Tây, Thành phố Hồ Chí Minh, Việt Nam",POINT (106.63488006591797 10.834650993347168),2534
Điện Máy Xanh - Điện máy Xanh 2A Nguyễn Oanh,"Điện máy Xanh 2A Nguyễn Oanh, Phường Hạnh Thông, Thành phố Hồ Chí Minh, Việt Nam",POINT (106.67829132080078 10.830062866210938),5950
Điện Máy Xanh - Điện máy Xanh 362A Nguyễn Văn Nghi (Địa chỉ cũ: 199 Nguyễn Thái Sơn,"Điện máy Xanh 362A Nguyễn Văn Nghi (Địa chỉ cũ: 199 Nguyễn Thái Sơn, kế bên PNJ), Phường Hạnh Thông, Thành phố Hồ Chí Minh, Việt Nam",POINT (106.68653106689453 10.824477195739746),403
Điện Máy Xanh - Điện máy Xanh 278 Phạm Văn Chiêu,"Điện máy Xanh 278 Phạm Văn Chiêu, Phường Thông Tây Hội, Thành phố Hồ Chí Minh, Việt Nam",POINT (106.65042114257812 10.849386215209961),796
Điện Máy Xanh - Điện máy Xanh 330 Lê Văn Thọ,"Điện máy Xanh 330 Lê Văn Thọ, Phường Thông Tây Hội, Thành phố Hồ Chí Minh, Việt Nam",POINT (106.65678405761719 10.848340034484863),5129
Điện Máy Xanh - Điện máy Xanh 880-882 Lê Đức Thọ,"Điện máy Xanh 880-882 Lê Đức Thọ, Phường An Hội Đông, Thành phố Hồ Chí Minh, Việt Nam",POINT (106.66654205322266 10.848882675170898),5916
Thế Giới Di Động - Thế giới di động Số 154 - 156 Lê Văn Thọ,"Thế giới di động Số 154 - 156 Lê Văn Thọ, Phường Thông Tây Hội, Thành phố Hồ Chí Minh, Việt Nam",POINT (106.6572494506836 10.841499328613281),1209
Thế Giới Di Động - Thế giới di động 259 Phan Huy Ích,"Thế giới di động 259 Phan Huy Ích, Phường An Hội Tây, Thành phố Hồ Chí Minh, Việt Nam",POINT (106.63558959960938 10.836088180541992),733
Thế Giới Di Động - Thế giới di động 688 Lê Đức Thọ,"Thế giới di động 688 Lê Đức Thọ, Phường An Hội Đông, Thành phố Hồ Chí Minh, Việt Nam",POINT (106.67082214355469 10.84633731842041),821
Thế Giới Di Động - Thế giới di động 692,"Thế giới di động 692, Quang Trung, Phường Thông Tây Hội, Thành phố Hồ Chí Minh, Việt Nam",POINT (106.65814208984375 10.836609840393066),235
Thế Giới Di Động - Thế giới di động Số 9 (số cũ 189) Nguyễn Oanh (ngã tư Nguyễn Oanh và Nguyễn Văn ...,"Thế giới di động Số 9 (số cũ 189) Nguyễn Oanh (ngã tư Nguyễn Oanh và Nguyễn Văn Lượng), Phường Gò Vấp, Thành phố Hồ Chí Minh, Việt Nam",POINT (106.67532348632812 10.838122367858887),705
Thế Giới Di Động - Thế giới di động 128 Trần Quang Khải,"Thế giới di động 128 Trần Quang Khải, Phường Tân Định, Thành phố Hồ Chí Minh, Việt Nam",POINT (106.69181823730469 10.792041778564453),1986
Thế Giới Di Động - Thế giới di động 136 Nguyễn Thái Học,"Thế giới di động 136 Nguyễn Thái Học, Phường Bến Thành, Thành phố Hồ Chí Minh, Việt Nam",POINT (106.69470977783203 10.769192695617676),889
Thế Giới Di Động - Thế giới di động 145 Nguyễn Thị Minh Khai,"Thế giới di động 145 Nguyễn Thị Minh Khai, Phường Bến Thành, Thành phố Hồ Chí Minh, Việt Nam",POINT (106.6872787475586 10.771096229553223),1874
Điện Máy Xanh - Điện máy Xanh Số 2A,"Điện máy Xanh Số 2A, đường Trần Hưng Đạo, khóm 6, Phường Tân Thành, Tỉnh Cà Mau, Việt Nam",POINT (105.15318298339844 9.176122665405273),15494
Thế Giới Di Động - Thế giới di động 191 Điện Biên Phủ,"Thế giới di động 191 Điện Biên Phủ, Phường Xuân Hòa, Thành phố Hồ Chí Minh, Việt Nam",POINT (106.69371032714844 10.786225318908691),253
Thế Giới Di Động - Thế giới di động 136-138-140 Khánh Hội,"Thế giới di động 136-138-140 Khánh Hội, Phường Khánh Hội, Thành phố Hồ Chí Minh, Việt Nam",POINT (106.7002182006836 10.757753372192383),10701
Thế Giới Di Động - Thế giới di động 179 Tôn Đản,"Thế giới di động 179 Tôn Đản, Phường Khánh Hội, Thành phố Hồ Chí Minh, Việt Nam",POINT (106.70658874511719 10.757834434509277),1210
Thế Giới Di Động - Thế giới di động 174 - 176 Hải Thượng Lãn Ông,"Thế giới di động 174 - 176 Hải Thượng Lãn Ông, Phường Chợ Lớn, Thành phố Hồ Chí Minh, Việt Nam",POINT (106.65971374511719 10.750717163085938),440
Thế Giới Di Động - Thế giới di động 176 Nguyễn Tri Phương,"Thế giới di động 176 Nguyễn Tri Phương, Phường An Đông, Thành phố Hồ Chí Minh, Việt Nam",POINT (106.66897583007812 10.75972843170166),779
Thế Giới Di Động - Thế giới di động 708 Nguyễn Trãi,"Thế giới di động 708 Nguyễn Trãi, Phường Chợ Lớn, Thành phố Hồ Chí Minh, Việt Nam",POINT (106.66133880615234 10.753049850463867),17
Thế Giới Di Động - Thế giới di động 1077 Hậu Giang,"Thế giới di động 1077 Hậu Giang, Phường Bình Phú, Thành phố Hồ Chí Minh, Việt Nam",POINT (106.62406158447266 10.745030403137207),803
Thế Giới Di Động - Thế giới di động 3 Kinh Dương Vương,"Thế giới di động 3 Kinh Dương Vương, Phường Phú Lâm, Thành phố Hồ Chí Minh, Việt Nam",POINT (106.63420867919922 10.753478050231934),295
Thế Giới Di Động - Thế giới di động 346 Phạm Văn Chí,"Thế giới di động 346 Phạm Văn Chí, Phường Bình Tiên, Thành phố Hồ Chí Minh, Việt Nam",POINT (106.6445083618164 10.743818283081055),607
Thế Giới Di Động - Thế giới di động 98 Minh Phụng,"Thế giới di động 98 Minh Phụng, Phường Bình Tây, Thành phố Hồ Chí Minh, Việt Nam",POINT (106.64241027832031 10.749869346618652),316
Thế Giới Di Động - Thế giới di động 07 - 09 Tân Mỹ,"Thế giới di động 07 - 09 Tân Mỹ, Khu Phố 2 ( KẾ CHỢ TÂN MỸ ), Phường Tân Mỹ, Thành phố Hồ Chí Minh, Việt Nam",POINT (106.7184829711914 10.738016128540039),1825
Thế Giới Di Động - Thế giới di động 158 Phạm Hữu Lầu,"Thế giới di động 158 Phạm Hữu Lầu, Phường Tân Mỹ, Thành phố Hồ Chí Minh, Việt Nam",POINT (106.73120880126953 10.704716682434082),9099
Thế Giới Di Động - Thế giới di động 311A Huỳnh Tấn Phát,"Thế giới di động 311A Huỳnh Tấn Phát, Phường Tân Thuận, Thành phố Hồ Chí Minh, Việt Nam",POINT (106.72860717773438 10.75157642364502),146
Thế Giới Di Động - Thế giới di động 468 Nguyễn Thị Thập,"Thế giới di động 468 Nguyễn Thị Thập, Phường Tân Hưng, Thành phố Hồ Chí Minh, Việt Nam",POINT (106.70677185058594 10.739441871643066),241
Thế Giới Di Động - Thế giới di động 853 Huỳnh Tấn Phát,"Thế giới di động 853 Huỳnh Tấn Phát, Phường Phú Thuận, Thành phố Hồ Chí Minh, Việt Nam",POINT (106.73175048828125 10.731998443603516),1349
Thế Giới Di Động - Thế giới di động 1680 Phạm Thế Hiển,"Thế giới di động 1680 Phạm Thế Hiển, Phường Bình Đông, Thành phố Hồ Chí Minh, Việt Nam",POINT (106.65354919433594 10.739514350891113),1485
Thế Giới Di Động - Thế giới di động 288/1-288/3 Dương Bá Trạc,"Thế giới di động 288/1-288/3 Dương Bá Trạc, Phường Chánh Hưng, Thành phố Hồ Chí Minh, Việt Nam",POINT (106.68904876708984 10.744732856750488),335
Thế Giới Di Động - Thế giới di động 319-321 Liên Tỉnh 5,"Thế giới di động 319-321 Liên Tỉnh 5, Phường Bình Đông, Thành phố Hồ Chí Minh, Việt Nam",POINT (106.65632629394531 10.734256744384766),47
Thế Giới Di Động - Thế giới di động 651 Phạm Thế Hiển,"Thế giới di động 651 Phạm Thế Hiển, Phường Chánh Hưng, Thành phố Hồ Chí Minh, Việt Nam",POINT (106.67655181884766 10.745278358459473),761
Thế Giới Di Động - Thế giới di động 228 - 228A - 230 Đường 3/2,"Thế giới di động 228 - 228A - 230 Đường 3/2, Phường Hòa Hưng, Thành phố Hồ Chí Minh, Việt Nam",POINT (106.67776489257812 10.77389907836914),240
Thế Giới Di Động - Thế giới di động 252-254 Đường 3 Tháng 2,"Thế giới di động 252-254 Đường 3 Tháng 2, Phường Hòa Hưng, Thành phố Hồ Chí Minh, Việt Nam",POINT (106.67257690429688 10.770858764648438),13907
Thế Giới Di Động - Thế giới di động 304 Tô Hiến Thành,"Thế giới di động 304 Tô Hiến Thành, Phường Hòa Hưng, Thành phố Hồ Chí Minh, Việt Nam",POINT (106.66361999511719 10.776606559753418),392
Thế Giới Di Động - Thế giới di động 1273 Đường 3/2,"Thế giới di động 1273 Đường 3/2, Phường Minh Phụng, Thành phố Hồ Chí Minh, Việt Nam",POINT (106.6514663696289 10.759142875671387),334
Thế Giới Di Động - Thế giới di động 281K Lãnh Binh Thăng,"Thế giới di động 281K Lãnh Binh Thăng, Phường Bình Thới, Thành phố Hồ Chí Minh, Việt Nam",POINT (106.64922332763672 10.763691902160645),623
Thế Giới Di Động - Thế giới di động 469 Lê Đại Hành,"Thế giới di động 469 Lê Đại Hành, Phường Phú Thọ, Thành phố Hồ Chí Minh, Việt Nam",POINT (106.6520004272461 10.768721580505371),6357
Thế Giới Di Động - Thế giới di động 482 Hồng Bàng,"Thế giới di động 482 Hồng Bàng, Phường Minh Phụng, Thành phố Hồ Chí Minh, Việt Nam",POINT (106.64790344238281 10.753799438476562),793
Thế Giới Di Động - Thế giới di động 2044 Quốc Lộ 1A,"Thế giới di động 2044 Quốc Lộ 1A, Phường Tân Thới Hiệp, Thành phố Hồ Chí Minh, Việt Nam",POINT (106.63957977294922 10.856417655944824),365
Thế Giới Di Động - Thế giới di động 222 Trường Chinh,"Thế giới di động 222 Trường Chinh, Phường Đông Hưng Thuận, Thành phố Hồ Chí Minh, Việt Nam",POINT (106.62297058105469 10.831088066101074),22
Thế Giới Di Động - Thế giới di động 260-262-264 Nguyễn Ảnh Thủ,"Thế giới di động 260-262-264 Nguyễn Ảnh Thủ, Khu phố 2, Phường Tân Thới Hiệp, Thành phố Hồ Chí Minh, Việt Nam",POINT (106.64115142822266 10.87731647491455),209
Thế Giới Di Động - Thế giới di động 30/1 Hà Huy Giáp,"Thế giới di động 30/1 Hà Huy Giáp, Khu phố 2 (Ngay cầu Phú Long mới), Phường An Phú Đông, Thành phố Hồ Chí Minh, Việt Nam",POINT (106.68763732910156 10.892777442932129),420
Thế Giới Di Động - Thế giới di động 35 – 37 Trường Chinh,"Thế giới di động 35 – 37 Trường Chinh, Phường Đông Hưng Thuận, Thành phố Hồ Chí Minh, Việt Nam",POINT (106.62512969970703 10.826981544494629),15877
Thế Giới Di Động - Thế giới di động Số 354 Lê Văn Khương,"Thế giới di động Số 354 Lê Văn Khương, khu phố 2, Phường Thới An, Thành phố Hồ Chí Minh, Việt Nam",POINT (106.6490707397461 10.876476287841797),1286
Thế Giới Di Động - Thế giới di động 365 Phan Văn Hớn,"Thế giới di động 365 Phan Văn Hớn, Phường Đông Hưng Thuận, Thành phố Hồ Chí Minh, Việt Nam",POINT (106.6073226928711 10.834233283996582),876
Thế Giới Di Động - Thế giới di động 55A Nguyễn Ảnh Thủ (gần nhà sách Nguyễn Văn Cừ - Nguyễn Ảnh Thủ...,"Thế giới di động 55A Nguyễn Ảnh Thủ (gần nhà sách Nguyễn Văn Cừ - Nguyễn Ảnh Thủ), Phường Trung Mỹ Tây, Thành phố Hồ Chí Minh, Việt Nam",POINT (106.60794830322266 10.856168746948242),1965
Điện Máy Xanh - Điện máy Xanh 722 Tỉnh Lộ 10,"Điện máy Xanh 722 Tỉnh Lộ 10, Khu phố 18, Phường Bình Trị Đông, Thành phố Hồ Chí Minh, Việt Nam",POINT (106.61177062988281 10.758257865905762),546
Điện Máy Xanh - Điện máy Xanh 1849 Tỉnh Lộ 8,"Điện máy Xanh 1849 Tỉnh Lộ 8, Xã Bình Mỹ, Thành phố Hồ Chí Minh, Việt Nam",POINT (106.6356430053711 10.972965240478516),5379
Thế Giới Di Động - Thế giới di động 270B Lý Thường Kiệt,"Thế giới di động 270B Lý Thường Kiệt, Phường Tân Hòa, Thành phố Hồ Chí Minh, Việt Nam",POINT (106.65617370605469 10.778389930725098),431
Thế Giới Di Động - Thế giới di động 817 - 13/28 Cách Mạng Tháng 8,"Thế giới di động 817 - 13/28 Cách Mạng Tháng 8, Phường Tân Hòa, Thành phố Hồ Chí Minh, Việt Nam",POINT (106.66130065917969 10.788640022277832),12680
Thế Giới Di Động - Thế giới di động 1316-1318 Nguyễn Duy Trinh,"Thế giới di động 1316-1318 Nguyễn Duy Trinh, Phường Long Trường, Thành phố Hồ Chí Minh, Việt Nam",POINT (106.81614685058594 10.80468463897705),1026
Điện Máy Xanh - Điện máy Xanh 22/5 Phan Văn Hớn ấp 7,"Điện máy Xanh 22/5 Phan Văn Hớn ấp 7, Xã Bà Điểm, Thành phố Hồ Chí Minh, Việt Nam",POINT (106.59069061279297 10.847539901733398),616
Thế Giới Di Động - Thế giới di động 159 –161 Lê Văn Việt,"Thế giới di động 159 –161 Lê Văn Việt, Phường Tăng Nhơn Phú, Thành phố Hồ Chí Minh, Việt Nam",POINT (106.77913665771484 10.845808982849121),487
Điện Máy Xanh - Điện máy Xanh 70/2 Quốc Lộ 22 Ấp Hưng Lân,"Điện máy Xanh 70/2 Quốc Lộ 22 Ấp Hưng Lân, Xã Bà Điểm, Thành phố Hồ Chí Minh, Việt Nam",POINT (106.60643768310547 10.856071472167969),1524
Thế Giới Di Động - Thế giới di động 190B Nguyễn Thị Định,"Thế giới di động 190B Nguyễn Thị Định, Phường Bình Trưng, Thành phố Hồ Chí Minh, Việt Nam",POINT (106.75404357910156 10.790371894836426),281
Thế Giới Di Động - Thế giới di động 198 Trần Não,"Thế giới di động 198 Trần Não, Ấp Bình Khánh 2, Phường An Khánh, Thành phố Hồ Chí Minh, Việt Nam",POINT (106.72994995117188 10.790221214294434),1039
Thế Giới Di Động - Thế giới di động Số 203 Lã Xuân Oai,"Thế giới di động Số 203 Lã Xuân Oai, KP.04, Phường Tăng Nhơn Phú, Thành phố Hồ Chí Minh, Việt Nam",POINT (106.79643249511719 10.840001106262207),1910
Điện Máy Xanh - Điện máy Xanh 109 - 109A Lê Văn Khương,"Điện máy Xanh 109 - 109A Lê Văn Khương, Xã Đông Thạnh, Thành phố Hồ Chí Minh, Việt Nam",POINT (106.6438980102539 10.904959678649902),8112
Điện Máy Xanh - Điện máy Xanh 1095 Dương Công Khi,"Điện máy Xanh 1095 Dương Công Khi, Ấp 4, Xã Xuân Thới Sơn, Thành phố Hồ Chí Minh, Việt Nam",POINT (106.56622314453125 10.879173278808594),12325
Thế Giới Di Động - Thế giới di động 27 Quốc Hương,"Thế giới di động 27 Quốc Hương, KP 4, Phường An Khánh, Thành phố Hồ Chí Minh, Việt Nam",POINT (106.73190307617188 10.803284645080566),1563
Điện Máy Xanh - Điện máy Xanh Ấp 5,"Điện máy Xanh Ấp 5, Xã Bà Điểm, Thành phố Hồ Chí Minh, Việt Nam",POINT (106.57205200195312 10.862360954284668),9170
Điện Máy Xanh - Điện máy Xanh Số 12-12B Đặng Thúc Vịnh,"Điện máy Xanh Số 12-12B Đặng Thúc Vịnh, Xã Đông Thạnh, Thành phố Hồ Chí Minh, Việt Nam",POINT (106.63972473144531 10.906027793884277),8646
Điện Máy Xanh - Điện máy Xanh 137 Lê Thị Hà,"Điện máy Xanh 137 Lê Thị Hà, Ấp Đình, Xã Hóc Môn, Thành phố Hồ Chí Minh, Việt Nam",POINT (106.59883117675781 10.875809669494629),5357
Thế Giới Di Động - Thế giới di động 408-408A Nguyễn Văn Tăng,"Thế giới di động 408-408A Nguyễn Văn Tăng, Phường Long Bình, Thành phố Hồ Chí Minh, Việt Nam",POINT (106.82694244384766 10.841255187988281),12211
Điện Máy Xanh - Điện máy Xanh 22/3C Đỗ Văn Dậy,"Điện máy Xanh 22/3C Đỗ Văn Dậy, Ấp Tân Thới 1, Xã Tân Hiệp, Huyện Hóc Môn, Thành phố Hồ Chí Minh, Việt Nam",POINT (106.59790802001953 10.893667221069336),4909
Thế Giới Di Động - Thế giới di động 667 Lê Văn Việt,"Thế giới di động 667 Lê Văn Việt, Phường Tăng Nhơn Phú, Thành phố Hồ Chí Minh, Việt Nam",POINT (106.81185913085938 10.85018539428711),10710
Điện Máy Xanh - Điện máy Xanh 36/3D Phan Văn Đối,"Điện máy Xanh 36/3D Phan Văn Đối, Ấp Tiền Lân, Xã Bà Điểm, Thành phố Hồ Chí Minh, Việt Nam",POINT (106.59954833984375 10.83791732788086),2779
Điện Máy Xanh - Điện máy Xanh 4/25 ấp Nam Thới,"Điện máy Xanh 4/25 ấp Nam Thới, Xã Đông Thạnh, Thành phố Hồ Chí Minh, Việt Nam",POINT (106.60055541992188 10.888096809387207),860
Điện Máy Xanh - Điện máy Xanh 493 Đặng Thúc Vịnh,"Điện máy Xanh 493 Đặng Thúc Vịnh, Ấp Trung Đông, Xã Đông Thạnh, Thành phố Hồ Chí Minh, Việt Nam",POINT (106.6137466430664 10.891139030456543),12500
Điện Máy Xanh - Điện máy Xanh 60/9 - 60/10 Nguyễn Ảnh Thủ,"Điện máy Xanh 60/9 - 60/10 Nguyễn Ảnh Thủ, Ấp Trung Lân, Xã Bà Điểm, Thành phố Hồ Chí Minh, Việt Nam",POINT (106.60028839111328 10.845985412597656),5359
Điện Máy Xanh - Điện máy Xanh Số 65/15A Quốc Lộ 22,"Điện máy Xanh Số 65/15A Quốc Lộ 22, Xã Xuân Thới Sơn, Thành phố Hồ Chí Minh, Việt Nam",POINT (106.58090209960938 10.892412185668945),14868
Thế Giới Di Động - Thế giới di động 1/1A Vạn Hạnh (trên đường Nguyễn Ảnh Thủ,"Thế giới di động 1/1A Vạn Hạnh (trên đường Nguyễn Ảnh Thủ, gần trường THPT Nguyễn Hữu Cầu cũ), Xã Bà Điểm, Thành phố Hồ Chí Minh, Việt Nam",POINT (106.61354064941406 10.864869117736816),103
Thế Giới Di Động - Thế giới di động 221 Đặng Thúc Vịnh,"Thế giới di động 221 Đặng Thúc Vịnh, Ấp 7 (Gần chợ Đông Thạnh), Xã Đông Thạnh, Thành phố Hồ Chí Minh, Việt Nam",POINT (106.63945007324219 10.905924797058105),196
Thế Giới Di Động - Thế giới di động 4/19 Ấp Nam Thới,"Thế giới di động 4/19 Ấp Nam Thới, Xã Đông Thạnh, Thành phố Hồ Chí Minh, Việt Nam",POINT (106.60035705566406 10.888333320617676),9360
Thế Giới Di Động - Thế giới di động 728 Phan Văn Hớn,"Thế giới di động 728 Phan Văn Hớn, Xã Bà Điểm, Thành phố Hồ Chí Minh, Việt Nam",POINT (106.58650970458984 10.850950241088867),6462
Thế Giới Di Động - Thế giới di động 1/146A ấp Tân Lập,"Thế giới di động 1/146A ấp Tân Lập, Xã Xuân Thới Sơn, Thành phố Hồ Chí Minh, Việt Nam",POINT (106.57539367675781 10.900181770324707),174
Thế Giới Di Động - Thế giới di động 57/3 Quốc Lộ 22 (ngã 3 QL.22 - Lê Thị Hà,"Thế giới di động 57/3 Quốc Lộ 22 (ngã 3 QL.22 - Lê Thị Hà, gần giáo xứ Bùi Môn), Xã Xuân Thới Sơn, Thành phố Hồ Chí Minh, Việt Nam",POINT (106.59648895263672 10.870145797729492),1711
Thế Giới Di Động - Thế giới di động 32/3 Lê Văn Khương,"Thế giới di động 32/3 Lê Văn Khương, Phường Thới An, Thành phố Hồ Chí Minh, Việt Nam",POINT (106.64974212646484 10.86511516571045),363
Điện Máy Xanh - Điện máy Xanh 506 - 508 Nguyễn Văn Tạo,"Điện máy Xanh 506 - 508 Nguyễn Văn Tạo, Ấp 1, Xã Hiệp Phước, Thành phố Hồ Chí Minh, Việt Nam",POINT (106.7296371459961 10.652198791503906),81
Điện Máy Xanh - Điện máy Xanh 44 Lê Văn Lương,"Điện máy Xanh 44 Lê Văn Lương, ấp 3, Xã Nhà Bè, Thành phố Hồ Chí Minh, Việt Nam",POINT (106.70084381103516 10.713651657104492),1499
Điện Máy Xanh - Điện máy Xanh 12/2A Ấp 3,"Điện máy Xanh 12/2A Ấp 3, Xã Nhà Bè, Thành phố Hồ Chí Minh, Việt Nam",POINT (106.75375366210938 10.678096771240234),1500
Điện Máy Xanh - Điện máy Xanh 7/21 ấp 4,"Điện máy Xanh 7/21 ấp 4, Xã Hiệp Phước, Thành phố Hồ Chí Minh, Việt Nam",POINT (106.68858337402344 10.657393455505371),12484
Thế Giới Di Động - Thế giới di động 1787 Huỳnh Tấn Phát,"Thế giới di động 1787 Huỳnh Tấn Phát, khu phố 4, Xã Nhà Bè, Thành phố Hồ Chí Minh, Việt Nam",POINT (106.73832702636719 10.702028274536133),250
Thế Giới Di Động - Thế giới di động Số 891 Nguyễn Văn Tạo,"Thế giới di động Số 891 Nguyễn Văn Tạo, ấp 1, Xã Hiệp Phước, Thành phố Hồ Chí Minh, Việt Nam",POINT (106.73572540283203 10.63286018371582),5651
Điện Máy Xanh - Điện máy Xanh 179-179A Đường Phan Đăng Lưu,"Điện máy Xanh 179-179A Đường Phan Đăng Lưu, Phường Cầu Kiệu, Thành phố Hồ Chí Minh, Việt Nam",POINT (106.6814956665039 10.800341606140137),9194
Thế Giới Di Động - Thế giới di động 1A Nguyễn Kiệm,"Thế giới di động 1A Nguyễn Kiệm, Phường Hạnh Thông, Thành phố Hồ Chí Minh, Việt Nam",POINT (106.67859649658203 10.814411163330078),704
Thế Giới Di Động - Thế giới di động 153B Phan Đăng Lưu,"Thế giới di động 153B Phan Đăng Lưu, Phường Cầu Kiệu, Thành phố Hồ Chí Minh, Việt Nam",POINT (106.68316650390625 10.801799774169922),298
Thế Giới Di Động - Thế giới di động Số 75-77 Lê Văn Sỹ,"Thế giới di động Số 75-77 Lê Văn Sỹ, Phường Phú Nhuận, Thành phố Hồ Chí Minh, Việt Nam",POINT (106.67192077636719 10.791766166687012),1254
Thế Giới Di Động - Thế giới di động 56A Lê Quang Sung,"Thế giới di động 56A Lê Quang Sung, Phường Bình Tây, Thành phố Hồ Chí Minh, Việt Nam",POINT (106.65062713623047 10.751129150390625),267
Thế Giới Di Động - Thế giới di động 733 Hưng Phú (ngay ngã 3 Hưng Phú - Lưu Quý Kỳ),"Thế giới di động 733 Hưng Phú (ngay ngã 3 Hưng Phú - Lưu Quý Kỳ), Phường Chánh Hưng, Thành phố Hồ Chí Minh, Việt Nam",POINT (106.66729736328125 10.745904922485352),1785
Điện Máy Xanh - Điện máy Xanh Số 266 Long Phước,"Điện máy Xanh Số 266 Long Phước, Phường Long Phước, Thành phố Hồ Chí Minh, Việt Nam",POINT (106.85954284667969 10.811805725097656),8996
Điện Máy Xanh - Điện máy Xanh 169 Cộng Hoà,"Điện máy Xanh 169 Cộng Hoà, Phường Bảy Hiền, Thành phố Hồ Chí Minh, Việt Nam",POINT (106.64762878417969 10.80173110961914),7744
Điện Máy Xanh - Điện máy Xanh Số 326 – 328 – 328A Đường Trường Chinh,"Điện máy Xanh Số 326 – 328 – 328A Đường Trường Chinh, Phường Tân Bình, Thành phố Hồ Chí Minh, Việt Nam",POINT (106.64266204833984 10.798782348632812),17861
Điện Máy Xanh - Điện máy Xanh 626 Âu Cơ,"Điện máy Xanh 626 Âu Cơ, Phường Bảy Hiền, Thành phố Hồ Chí Minh, Việt Nam",POINT (106.64273834228516 10.782821655273438),517
Điện Máy Xanh - Điện máy Xanh Số 571 - 571A - 571B Đường Phạm Văn Bạch,"Điện máy Xanh Số 571 - 571A - 571B Đường Phạm Văn Bạch, Phường Tân Sơn, Thành phố Hồ Chí Minh, Việt Nam",POINT (106.6405258178711 10.826573371887207),14875
Thế Giới Di Động - Thế giới di động Số 01 Cộng Hoà,"Thế giới di động Số 01 Cộng Hoà, Phường Tân Sơn Nhất, Thành phố Hồ Chí Minh, Việt Nam",POINT (106.66058349609375 10.800393104553223),10600
Thế Giới Di Động - Thế giới di động Số 1A Phan Huy Ích,"Thế giới di động Số 1A Phan Huy Ích, Phường Tân Sơn, Thành phố Hồ Chí Minh, Việt Nam",POINT (106.6296615600586 10.823432922363281),1259
Thế Giới Di Động - Thế giới di động 201 - 203 - 205 Bàu Cát,"Thế giới di động 201 - 203 - 205 Bàu Cát, Phường Tân Bình, Thành phố Hồ Chí Minh, Việt Nam",POINT (106.64385986328125 10.791916847229004),12275
Thế Giới Di Động - Thế giới di động 292 Âu Cơ (ngã tư Âu Cơ - Lạc Long Quân),"Thế giới di động 292 Âu Cơ (ngã tư Âu Cơ - Lạc Long Quân), Phường Tân Hòa, Thành phố Hồ Chí Minh, Việt Nam",POINT (106.6483383178711 10.774700164794922),2007
Thế Giới Di Động - Thế giới di động 330-332 Cộng Hòa (Dưới chân cầu Hoàng Hoa Thám),"Thế giới di động 330-332 Cộng Hòa (Dưới chân cầu Hoàng Hoa Thám), Phường Tân Bình, Thành phố Hồ Chí Minh, Việt Nam",POINT (106.64579772949219 10.802149772644043),12
Thế Giới Di Động - Thế giới di động 359 (Bên phải) Lê Văn Sỹ,"Thế giới di động 359 (Bên phải) Lê Văn Sỹ, Phường Tân Sơn Hòa, Thành phố Hồ Chí Minh, Việt Nam",POINT (106.6649169921875 10.79664134979248),463
Thế Giới Di Động - Thế giới di động 670 Âu Cơ,"Thế giới di động 670 Âu Cơ, Phường Bảy Hiền, Thành phố Hồ Chí Minh, Việt Nam",POINT (106.64166259765625 10.78593921661377),769
Thế Giới Di Động - Thế giới di động 848 Lạc Long Quân,"Thế giới di động 848 Lạc Long Quân, Phường Tân Hòa, Thành phố Hồ Chí Minh, Việt Nam",POINT (106.6500015258789 10.779580116271973),778
Điện Máy Xanh - Điện máy Xanh 02 Nguyễn Sơn,"Điện máy Xanh 02 Nguyễn Sơn, Phường Phú Thọ Hòa, Thành phố Hồ Chí Minh, Việt Nam",POINT (106.63360595703125 10.780694961547852),12322
Điện Máy Xanh - Điện máy Xanh 265 Hòa Bình,"Điện máy Xanh 265 Hòa Bình, Phường Phú Thạnh, Thành phố Hồ Chí Minh, Việt Nam",POINT (106.62183380126953 10.773175239562988),906
Điện Máy Xanh - Điện máy Xanh 449 - 451 Lê Trọng Tấn,"Điện máy Xanh 449 - 451 Lê Trọng Tấn, Phường Tân Sơn Nhì, Thành phố Hồ Chí Minh, Việt Nam",POINT (106.61512756347656 10.809104919433594),878
Điện Máy Xanh - Điện máy Xanh 113 Gò Dầu,"Điện máy Xanh 113 Gò Dầu, Phường Phú Thọ Hòa, Thành phố Hồ Chí Minh, Việt Nam",POINT (106.62423706054688 10.795829772949219),7339
Điện Máy Xanh - Điện máy Xanh 328 Tân Kỳ Tân Quý,"Điện máy Xanh 328 Tân Kỳ Tân Quý, Phường Tân Sơn Nhì, Thành phố Hồ Chí Minh, Việt Nam",POINT (106.62296295166016 10.800955772399902),2359
Điện Máy Xanh - Điện máy Xanh 452A-452D Lũy Bán Bích,"Điện máy Xanh 452A-452D Lũy Bán Bích, Phường Tân Phú, Thành phố Hồ Chí Minh, Việt Nam",POINT (106.63532257080078 10.77864933013916),1919
Thế Giới Di Động - Thế giới di động 104 Hòa Bình,"Thế giới di động 104 Hòa Bình, Phường Tân Phú, Thành phố Hồ Chí Minh, Việt Nam",POINT (106.63567352294922 10.769684791564941),452
Thế Giới Di Động - Thế giới di động 138B Gò Dầu,"Thế giới di động 138B Gò Dầu, Phường Tân Sơn Nhì, Thành phố Hồ Chí Minh, Việt Nam",POINT (106.62364196777344 10.796074867248535),1107
Thế Giới Di Động - Thế giới di động 159 Thạch Lam,"Thế giới di động 159 Thạch Lam, Phường Phú Thạnh, Thành phố Hồ Chí Minh, Việt Nam",POINT (106.6286392211914 10.777444839477539),1287
Thế Giới Di Động - Thế giới di động 171 Nguyễn Sơn,"Thế giới di động 171 Nguyễn Sơn, Phường Phú Thạnh, Thành phố Hồ Chí Minh, Việt Nam",POINT (106.62690734863281 10.782699584960938),504
Thế Giới Di Động - Thế giới di động 414-416 Bình Long,"Thế giới di động 414-416 Bình Long, Phường Phú Thọ Hòa, Thành phố Hồ Chí Minh, Việt Nam",POINT (106.61749267578125 10.788347244262695),1278
Thế Giới Di Động - Thế giới di động 455 Tân Kỳ Tân Quý,"Thế giới di động 455 Tân Kỳ Tân Quý, Phường Phú Thọ Hòa, Thành phố Hồ Chí Minh, Việt Nam",POINT (106.61959075927734 10.799443244934082),418
Điện Máy Xanh - Điện máy Xanh 1363A - 1363B Tỉnh Lộ 43,"Điện máy Xanh 1363A - 1363B Tỉnh Lộ 43, Phường Tam Bình, Thành phố Hồ Chí Minh, Việt Nam",POINT (106.71880340576172 10.895484924316406),2441
Điện Máy Xanh - Điện máy Xanh 137 Quốc Lộ 13,"Điện máy Xanh 137 Quốc Lộ 13, Phường Hiệp Bình, Thành phố Hồ Chí Minh, Việt Nam",POINT (106.71395874023438 10.831354141235352),2053
Điện Máy Xanh - Điện máy Xanh 71 Lê Văn Việt,"Điện máy Xanh 71 Lê Văn Việt, Phường Tăng Nhơn Phú, Thành phố Hồ Chí Minh, Việt Nam",POINT (106.77613830566406 10.847620010375977),580
Điện Máy Xanh - Điện máy Xanh 794 Phạm Văn Đồng,"Điện máy Xanh 794 Phạm Văn Đồng, Phường Hiệp Bình, Thành phố Hồ Chí Minh, Việt Nam",POINT (106.72589111328125 10.83155632019043),7105
Điện Máy Xanh - Điện máy Xanh 832 Tỉnh lộ 43,"Điện máy Xanh 832 Tỉnh lộ 43, Phường Tam Bình, Thành phố Hồ Chí Minh, Việt Nam",POINT (106.73185729980469 10.877888679504395),1639
Điện Máy Xanh - Điện máy Xanh 184 Võ Văn Ngân,"Điện máy Xanh 184 Võ Văn Ngân, Phường Thủ Đức, Thành phố Hồ Chí Minh, Việt Nam",POINT (106.7626724243164 10.850690841674805),2331
Điện Máy Xanh - Điện máy Xanh 254A-256 Tô Ngọc Vân,"Điện máy Xanh 254A-256 Tô Ngọc Vân, Khu phố 3, Phường Hiệp Bình, Thành phố Hồ Chí Minh, Việt Nam",POINT (106.7491226196289 10.858245849609375),11527
Điện Máy Xanh - Điện máy Xanh 43 Quốc Lộ 1K,"Điện máy Xanh 43 Quốc Lộ 1K, Khu phố 2, Phường Linh Xuân, Thành phố Hồ Chí Minh, Việt Nam",POINT (106.7659683227539 10.875805854797363),2406
Điện Máy Xanh - Điện máy Xanh 542 Tỉnh lộ 43,"Điện máy Xanh 542 Tỉnh lộ 43, Khu phố 5, Phường Tam Bình, Thành phố Hồ Chí Minh, Việt Nam",POINT (106.74140167236328 10.865805625915527),4566
Điện Máy Xanh - Điện máy Xanh 584 Kha Vạn Cân,"Điện máy Xanh 584 Kha Vạn Cân, Phường Thủ Đức, Thành phố Hồ Chí Minh, Việt Nam",POINT (106.74424743652344 10.84084701538086),2138
Điện Máy Xanh - Điện máy Xanh 632 - 634 Quốc Lộ 13,"Điện máy Xanh 632 - 634 Quốc Lộ 13, khu phố 4, Phường Hiệp Bình, Thành phố Hồ Chí Minh, Việt Nam",POINT (106.7205810546875 10.852055549621582),2777
Thế Giới Di Động - Thế giới di động 1208 Kha Vạn Cân,"Thế giới di động 1208 Kha Vạn Cân, Khu phố 2, Phường Linh Xuân, Thành phố Hồ Chí Minh, Việt Nam",POINT (106.76117706298828 10.861175537109375),170
Thế Giới Di Động - Thế giới di động 121 -123 Võ Văn Ngân,"Thế giới di động 121 -123 Võ Văn Ngân, Phường Thủ Đức, Thành phố Hồ Chí Minh, Việt Nam",POINT (106.76006317138672 10.85079288482666),19
Thế Giới Di Động - Thế giới di động 129 Hoàng Cầm,"Thế giới di động 129 Hoàng Cầm, Phường Linh Xuân, Thành phố Hồ Chí Minh, Việt Nam",POINT (106.76840209960938 10.881194114685059),177
Thế Giới Di Động - Thế giới di động 154 Tô Ngọc Vân,"Thế giới di động 154 Tô Ngọc Vân, Phường Linh Xuân, Thành phố Hồ Chí Minh, Việt Nam",POINT (106.75125885009766 10.853693962097168),477
Thế Giới Di Động - Thế giới di động 168 Hiệp Bình (cách chợ Hiệp Bình 200m),"Thế giới di động 168 Hiệp Bình (cách chợ Hiệp Bình 200m), Phường Hiệp Bình, Thành phố Hồ Chí Minh, Việt Nam",POINT (106.73040008544922 10.844314575195312),2141
Thế Giới Di Động - Thế giới di động 246 Đỗ Xuân Hợp,"Thế giới di động 246 Đỗ Xuân Hợp, Phường Phước Long, Thành phố Hồ Chí Minh, Việt Nam",POINT (106.76910400390625 10.824585914611816),732
Thế Giới Di Động - Thế giới di động 267D-267E Tô Ngọc Vân,"Thế giới di động 267D-267E Tô Ngọc Vân, Phường Hiệp Bình, Thành phố Hồ Chí Minh, Việt Nam",POINT (106.74923706054688 10.857640266418457),1251
Thế Giới Di Động - Thế giới di động 32 Hoàng Cầm,"Thế giới di động 32 Hoàng Cầm, Phường Linh Xuân, Thành phố Hồ Chí Minh, Việt Nam",POINT (106.7660140991211 10.875116348266602),678
Thế Giới Di Động - Thế giới di động 340 - 342 Võ Văn Ngân,"Thế giới di động 340 - 342 Võ Văn Ngân, Phường Thủ Đức, Thành phố Hồ Chí Minh, Việt Nam",POINT (106.7713394165039 10.849536895751953),519
Thế Giới Di Động - Thế giới di động 349 Quốc Lộ 13,"Thế giới di động 349 Quốc Lộ 13, Khu Phố 5, Phường Hiệp Bình, Thành phố Hồ Chí Minh, Việt Nam",POINT (106.71550750732422 10.839445114135742),723
Thế Giới Di Động - Thế giới di động 628-628A Kha Vạn Cân,"Thế giới di động 628-628A Kha Vạn Cân, Khu phố 8, Phường Thủ Đức, Thành phố Hồ Chí Minh, Việt Nam",POINT (106.74691009521484 10.84162425994873),1211
Thế Giới Di Động - Thế giới di động 744A Tỉnh Lộ 43,"Thế giới di động 744A Tỉnh Lộ 43, Phường Tam Bình, Thành phố Hồ Chí Minh, Việt Nam",POINT (106.73310852050781 10.87221908569336),754
Thế Giới Di Động - Thế giới di động 838 Quốc Lộ 13 (ngay vòng xoay ngã tư Bình Phước),"Thế giới di động 838 Quốc Lộ 13 (ngay vòng xoay ngã tư Bình Phước), Phường Hiệp Bình, Thành phố Hồ Chí Minh, Việt Nam",POINT (106.72447967529297 10.865017890930176),2275
Điện Máy Xanh - Điện máy Xanh E9/19 - E9/19C quốc lộ 1A,"Điện máy Xanh E9/19 - E9/19C quốc lộ 1A, khu phố 5, Thị Trấn Tân Túc, Huyện Bình Chánh, Thành phố Hồ Chí Minh, Việt Nam",POINT (106.59661865234375 10.69668197631836),1788
Điện Máy Xanh - Điện máy Xanh 282 Trường Chinh,"Điện máy Xanh 282 Trường Chinh, Xã Cam Lâm, Tỉnh Khánh Hòa, Việt Nam",POINT (109.16031646728516 12.057741165161133),1616
Điện Máy Xanh - Điện máy Xanh Thôn Tân Xương 2,"Điện máy Xanh Thôn Tân Xương 2, Xã Suối Dầu, Tỉnh Khánh Hòa, Việt Nam",POINT (109.06510925292969 12.192689895629883),9102
Thế Giới Di Động - Thế giới di động Tổ dân phố Bãi Giếng 1,"Thế giới di động Tổ dân phố Bãi Giếng 1, Xã Cam Lâm, Tỉnh Khánh Hòa, Việt Nam",POINT (109.15956115722656 12.05134391784668),10635
Thế Giới Di Động - Thế giới di động Thôn Tân Xương 2,"Thế giới di động Thôn Tân Xương 2, Xã Suối Dầu, Tỉnh Khánh Hòa, Việt Nam",POINT (109.06446075439453 12.192505836486816),12690
Điện Máy Xanh - Điện máy Xanh Đường Quốc Lộ 1A,"Điện máy Xanh Đường Quốc Lộ 1A, TDP Thuận Lộc, Phường Cam Linh, Tỉnh Khánh Hòa, Việt Nam",POINT (109.15449523925781 11.918150901794434),7067
Điện Máy Xanh - Điện máy Xanh Số 294 -296 Đại Lộ Hùng Vương (Mỹ Ca),"Điện máy Xanh Số 294 -296 Đại Lộ Hùng Vương (Mỹ Ca), Số 294 -296 Đại lộ Hùng Vương, tổ dân phố Hòa Thuận, Phường Bắc Cam Ranh, Tỉnh Khánh Hòa, Việt Nam",POINT (109.19197082519531 11.987386703491211),1150
Điện Máy Xanh - Điện máy Xanh Đường 656,"Điện máy Xanh Đường 656, thôn Suối Môn, Phường Ba Ngòi, Tỉnh Khánh Hòa, Việt Nam",POINT (109.10286712646484 11.958863258361816),12085
Thế Giới Di Động - Thế giới di động 923 Đại Lộ Hùng Vương (ngay cổng chợ Cam Phúc Bắc),"Thế giới di động 923 Đại Lộ Hùng Vương (ngay cổng chợ Cam Phúc Bắc), Phường Bắc Cam Ranh, Tỉnh Khánh Hòa, Việt Nam",POINT (109.19213104248047 11.967287063598633),2815
Thế Giới Di Động - Thế giới di động Tổ dân phố Nghĩa Cam,"Thế giới di động Tổ dân phố Nghĩa Cam, Phường Bắc Cam Ranh, Tỉnh Khánh Hòa, Việt Nam",POINT (109.1922836303711 11.988064765930176),12833
Thế Giới Di Động - Thế giới di động Đại Lộ Hùng Vương,"Thế giới di động Đại Lộ Hùng Vương, Phường Cam Linh, Tỉnh Khánh Hòa, Việt Nam",POINT (109.14619445800781 11.917342185974121),679
Điện Máy Xanh - Điện máy Xanh Thôn Phò Thiện,"Điện máy Xanh Thôn Phò Thiện, Xã Diên Thọ, Tỉnh Khánh Hòa, Việt Nam",POINT (109.05348205566406 12.258293151855469),8859
Điện Máy Xanh - Điện máy Xanh Dinh Thành 1,"Điện máy Xanh Dinh Thành 1, Xã Diên Khánh, Tỉnh Khánh Hòa, Việt Nam",POINT (109.10552978515625 12.256926536560059),1637
Điện Máy Xanh - Điện máy Xanh Thôn Xuân Đông,"Điện máy Xanh Thôn Xuân Đông, Xã Diên Lâm, Tỉnh Khánh Hòa, Việt Nam",POINT (108.98020935058594 12.31973934173584),9877
Thế Giới Di Động - Thế giới di động Số 02 Lạc Long Quân,"Thế giới di động Số 02 Lạc Long Quân, Xã Diên Khánh, Tỉnh Khánh Hòa, Việt Nam",POINT (109.10660552978516 12.257220268249512),809
Thế Giới Di Động - Thế giới di động Số 93 đường Lý Tự Trọng,"Thế giới di động Số 93 đường Lý Tự Trọng, khóm Đông Môn, Xã Diên Khánh, Tỉnh Khánh Hòa, Việt Nam",POINT (109.098388671875 12.256109237670898),1388
Điện Máy Xanh - Điện máy Xanh Tổ dân phố Hạp Phú,"Điện máy Xanh Tổ dân phố Hạp Phú, Xã Khánh Sơn, Tỉnh Khánh Hòa, Việt Nam",POINT (108.94965362548828 12.007575988769531),10732
Điện Máy Xanh - Điện máy Xanh Đường 2 tháng 8 Tổ 1,"Điện máy Xanh Đường 2 tháng 8 Tổ 1, Xã Khánh Vĩnh, Tỉnh Khánh Hòa, Việt Nam",POINT (108.90807342529297 12.279789924621582),7901
Thế Giới Di Động - Thế giới di động Xã Khánh Vĩnh,"Thế giới di động Xã Khánh Vĩnh, Tỉnh Khánh Hòa, Việt Nam",POINT (108.90811157226562 12.279712677001953),14863
Điện Máy Xanh - Điện máy Xanh Số 10 đường 2 Tháng 4,"Điện máy Xanh Số 10 đường 2 Tháng 4, Phường Bắc Nha Trang, Tỉnh Khánh Hòa, Việt Nam",POINT (109.1966323852539 12.277609825134277),2602
Điện Máy Xanh - Điện máy Xanh 17 Thái Nguyên,"Điện máy Xanh 17 Thái Nguyên, Phường Nha Trang, Tỉnh Khánh Hòa, Việt Nam",POINT (109.18560791015625 12.248147010803223),515
Điện Máy Xanh - Điện máy Xanh 1206 Lê Hồng Phong,"Điện máy Xanh 1206 Lê Hồng Phong, Phường Nam Nha Trang, Tỉnh Khánh Hòa, Việt Nam",POINT (109.19200134277344 12.214138984680176),5090
Điện Máy Xanh - Điện máy Xanh Số 47 Đường 23/10,"Điện máy Xanh Số 47 Đường 23/10, Phường Tây Nha Trang, Tỉnh Khánh Hòa, Việt Nam",POINT (109.17967224121094 12.250016212463379),9407
Điện Máy Xanh - Điện máy Xanh Thôn Phước Trung 2,"Điện máy Xanh Thôn Phước Trung 2, Phường Nam Nha Trang, Tỉnh Khánh Hòa, Việt Nam",POINT (109.17143249511719 12.190766334533691),10651
Điện Máy Xanh - Điện máy Xanh 107 đường Chính Hữu,"Điện máy Xanh 107 đường Chính Hữu, thôn Võ Tánh, Phường Bắc Nha Trang, Tỉnh Khánh Hòa, Việt Nam",POINT (109.19646453857422 12.337053298950195),11139
Thế Giới Di Động - Thế giới di động Số 01 Hòn Chồng,"Thế giới di động Số 01 Hòn Chồng, Phường Bắc Nha Trang, Tỉnh Khánh Hòa, Việt Nam",POINT (109.19831085205078 12.274486541748047),710
Thế Giới Di Động - Thế giới di động 03 Quang Trung,"Thế giới di động 03 Quang Trung, Phường Nha Trang, Tỉnh Khánh Hòa, Việt Nam",POINT (109.19032287597656 12.251516342163086),239
Thế Giới Di Động - Thế giới di động 105-105A Ngô Gia Tự,"Thế giới di động 105-105A Ngô Gia Tự, Phường Nha Trang, Tỉnh Khánh Hòa, Việt Nam",POINT (109.18865966796875 12.241552352905273),391
Thế Giới Di Động - Thế giới di động 1200 Lê Hồng Phong (ngã 3 Lê Hồng Phong & Khúc Thừa Dụ),"Thế giới di động 1200 Lê Hồng Phong (ngã 3 Lê Hồng Phong & Khúc Thừa Dụ), Phường Nam Nha Trang, Tỉnh Khánh Hòa, Việt Nam",POINT (109.1917724609375 12.214517593383789),2349
Thế Giới Di Động - Thế giới di động 131 Lê Hồng Phong,"Thế giới di động 131 Lê Hồng Phong, Phường Nha Trang, Tỉnh Khánh Hòa, Việt Nam",POINT (109.18133544921875 12.234814643859863),853
Thế Giới Di Động - Thế giới di động 990 đường 23/10,"Thế giới di động 990 đường 23/10, thôn Phú Thạnh (ngay cột đèn xanh - đỏ Cây Số 5), Phường Tây Nha Trang, Tỉnh Khánh Hòa, Việt Nam",POINT (109.1495132446289 12.257332801818848),2221
Thế Giới Di Động - Thế giới di động 9A Thái Nguyên,"Thế giới di động 9A Thái Nguyên, Phường Nha Trang, Tỉnh Khánh Hòa, Việt Nam",POINT (109.18313598632812 12.249189376831055),852
Thế Giới Di Động - Thế giới di động Số nhà 9H,"Thế giới di động Số nhà 9H, Đường Lê Thánh Tôn, Phường Nha Trang, Tỉnh Khánh Hòa, Việt Nam",POINT (109.1915054321289 12.245200157165527),7096
Điện Máy Xanh - Điện máy Xanh Tổ dân phố 4,"Điện máy Xanh Tổ dân phố 4, Phường Ninh Hòa, Tỉnh Khánh Hòa, Việt Nam",POINT (109.12718963623047 12.48758316040039),1757
Điện Máy Xanh - Điện máy Xanh Tổ dân phố Phú Thọ 2,"Điện máy Xanh Tổ dân phố Phú Thọ 2, Phường Đông Ninh Hòa, Tỉnh Khánh Hòa, Việt Nam",POINT (109.2165298461914 12.537888526916504),6374
Điện Máy Xanh - Điện máy Xanh Tổ dân phố 16,"Điện máy Xanh Tổ dân phố 16, Phường Ninh Hòa, Tỉnh Khánh Hòa, Việt Nam",POINT (109.13761138916016 12.501333236694336),5373
Điện Máy Xanh - Điện máy Xanh Đường quốc lộ 26,"Điện máy Xanh Đường quốc lộ 26, Thôn Xuân Hòa, Phường Ninh Hòa, Tỉnh Khánh Hòa, Việt Nam",POINT (109.10514068603516 12.501238822937012),12306
Điện Máy Xanh - Điện máy Xanh Số 217,"Điện máy Xanh Số 217, Đường Quốc Lộ 26, Thôn Tân Khánh 2, Xã Tây Ninh Hòa, Tỉnh Khánh Hòa, Việt Nam",POINT (109.01825714111328 12.53691291809082),7829
Điện Máy Xanh - Điện máy Xanh Thôn Lạc An,"Điện máy Xanh Thôn Lạc An, Xã Bắc Ninh Hòa, Tỉnh Khánh Hòa, Việt Nam",POINT (109.16535949707031 12.5491361618042),9351
Thế Giới Di Động - Thế giới di động 185-187 Trần Quý Cáp,"Thế giới di động 185-187 Trần Quý Cáp, tổ dân phố 11 (kế bến xe Ninh Hòa cũ), Phường Ninh Hòa, Tỉnh Khánh Hòa, Việt Nam",POINT (109.13147735595703 12.494739532470703),1968
Thế Giới Di Động - Thế giới di động Số 324-326 Trần Quý Cáp,"Thế giới di động Số 324-326 Trần Quý Cáp, Tổ dân phố 7, Phường Ninh Hòa, Tỉnh Khánh Hòa, Việt Nam",POINT (109.12753295898438 12.49337100982666),553
Thế Giới Di Động - Thế giới di động Tổ dân phố Phú Thọ 2 (ngay ngã 3 Ninh Diêm),"Thế giới di động Tổ dân phố Phú Thọ 2 (ngay ngã 3 Ninh Diêm), Phường Đông Ninh Hòa, Tỉnh Khánh Hòa, Việt Nam",POINT (109.21649932861328 12.538448333740234),2350
Điện Máy Xanh - Điện máy Xanh 485 Hùng Vương,"Điện máy Xanh 485 Hùng Vương, Xã Vạn Ninh, Tỉnh Khánh Hòa, Việt Nam",POINT (109.2216796875 12.692517280578613),3661
Điện Máy Xanh - Điện máy Xanh Thôn Lộc Thọ,"Điện máy Xanh Thôn Lộc Thọ, Xã Tu Bông, Tỉnh Khánh Hòa, Việt Nam",POINT (109.30487823486328 12.7717866897583),9447
Điện Máy Xanh - Điện máy Xanh Thôn Đông Bắc,"Điện máy Xanh Thôn Đông Bắc, Xã Đại Lãnh, Tỉnh Khánh Hòa, Việt Nam",POINT (109.36347198486328 12.837027549743652),10915
Thế Giới Di Động - Thế giới di động Xã Vạn Ninh,"Thế giới di động Xã Vạn Ninh, Tỉnh Khánh Hòa, Việt Nam",POINT (109.22630310058594 12.698660850524902),1671
Điện Máy Xanh - Điện máy Xanh Số 175 Quốc Lộ 63 (Thứ Ba),"Điện máy Xanh Số 175 Quốc Lộ 63 (Thứ Ba), Số 175, quốc lộ 63, khu phố 3, Xã An Biên, Tỉnh An Giang, Việt Nam",POINT (105.06681060791016 9.819145202636719),1283
Điện Máy Xanh - Điện máy Xanh Số 250 tổ 8 đường Quốc Lộ 63,"Điện máy Xanh Số 250 tổ 8 đường Quốc Lộ 63, Ấp 7 Chợ, Xã Đông Thái, Huyện An Biên, Tỉnh Kiên Giang, Việt Nam",POINT (105.00543975830078 9.760139465332031),2648
Thế Giới Di Động - Thế giới di động Khu Phố 3,"Thế giới di động Khu Phố 3, Xã An Biên, Tỉnh An Giang, Việt Nam",POINT (105.06825256347656 9.820377349853516),11291
Điện Máy Xanh - Điện máy Xanh 210A Khu phố 3,"Điện máy Xanh 210A Khu phố 3, Xã An Minh, Tỉnh An Giang, Việt Nam",POINT (104.94476318359375 9.618176460266113),6318
Điện Máy Xanh - Điện máy Xanh Ấp Thạnh An,"Điện máy Xanh Ấp Thạnh An, Xã Đông Hòa, Tỉnh An Giang, Việt Nam",POINT (104.95556640625 9.681462287902832),8147
Thế Giới Di Động - Thế giới di động Khu phố 3,"Thế giới di động Khu phố 3, Xã An Minh, Tỉnh An Giang, Việt Nam",POINT (104.944580078125 9.61806869506836),9231
Điện Máy Xanh - Điện máy Xanh Ấp An Bình,"Điện máy Xanh Ấp An Bình, Xã Bình An, Tỉnh An Giang, Việt Nam",POINT (105.12844848632812 9.874539375305176),1951
Điện Máy Xanh - Điện máy Xanh Số 605-607 Quốc lộ 61,"Điện máy Xanh Số 605-607 Quốc lộ 61, KP. Minh Phú, Xã Châu Thành, Tỉnh An Giang, Việt Nam",POINT (105.15721893310547 9.907182693481445),1911
Điện Máy Xanh - Điện máy Xanh Số 663 Tổ 10 Ấp Hòa An,"Điện máy Xanh Số 663 Tổ 10 Ấp Hòa An, Xã Mong Thọ, Huyện Châu Thành, Tỉnh Kiên Giang, Việt Nam",POINT (105.19217681884766 10.022610664367676),7510
Điện Máy Xanh - Điện máy Xanh Đường Tà Niên,"Điện máy Xanh Đường Tà Niên, Xã Châu Thành, Tỉnh An Giang, Việt Nam",POINT (105.11949920654297 9.925346374511719),7295
Điện Máy Xanh - Điện máy Xanh Ấp Khánh Hoà,"Điện máy Xanh Ấp Khánh Hoà, Xã Giang Thành, Tỉnh An Giang, Việt Nam",POINT (104.64559936523438 10.527508735656738),11116
Điện Máy Xanh - Điện máy Xanh Ấp Cống Cả,"Điện máy Xanh Ấp Cống Cả, Xã Vĩnh Điều, Tỉnh An Giang, Việt Nam",POINT (104.69943237304688 10.523337364196777),8207
Điện Máy Xanh - Điện máy Xanh KP 6 Hùng Vương,"Điện máy Xanh KP 6 Hùng Vương, Xã Giồng Riềng, Tỉnh An Giang, Việt Nam",POINT (105.31626892089844 9.909242630004883),1759
Điện Máy Xanh - Điện máy Xanh Ấp Sở Tại,"Điện máy Xanh Ấp Sở Tại, Xã Giồng Riềng, Tỉnh An Giang, Việt Nam",POINT (105.23701477050781 9.920584678649902),7595
Điện Máy Xanh - Điện máy Xanh Ấp Đồng Tràm,"Điện máy Xanh Ấp Đồng Tràm, Xã Long Thạnh, Tỉnh An Giang, Việt Nam",POINT (105.23861694335938 9.85150146484375),7348
Điện Máy Xanh - Điện máy Xanh Ấp Thạnh Thới,"Điện máy Xanh Ấp Thạnh Thới, Xã Thạnh Hưng, Tỉnh An Giang, Việt Nam",POINT (105.44343566894531 9.997612953186035),7930
Thế Giới Di Động - Thế giới di động Đường DT933,"Thế giới di động Đường DT933, Khu phố 6, Xã Giồng Riềng, Tỉnh An Giang, Việt Nam",POINT (105.31717681884766 9.909377098083496),12787
Điện Máy Xanh - Điện máy Xanh Số 72 đường 3/2,"Điện máy Xanh Số 72 đường 3/2, khu phố Phước Trung 2, Xã Gò Quao, Tỉnh An Giang, Việt Nam",POINT (105.27519226074219 9.72915267944336),1052
Điện Máy Xanh - Điện máy Xanh Lô H1-18 Quốc lộ 61,"Điện máy Xanh Lô H1-18 Quốc lộ 61, Xã Gò Quao, Tỉnh An Giang, Việt Nam",POINT (105.31497192382812 9.772722244262695),5269
Điện Máy Xanh - Điện máy Xanh Tổ 3,"Điện máy Xanh Tổ 3, Ấp Hoà Thiện, Xã Định Hoà, Huyện Gò Quao, Tỉnh Kiên Giang, Việt Nam",POINT (105.27677154541016 9.727330207824707),10477
Điện Máy Xanh - Điện máy Xanh Khu phố 1,"Điện máy Xanh Khu phố 1, Phường Hà Tiên, Tỉnh An Giang, Việt Nam",POINT (104.4824447631836 10.379302024841309),7135
Thế Giới Di Động - Thế giới di động Số 77 Mạc Thiên Tích,"Thế giới di động Số 77 Mạc Thiên Tích, khu phố 1, Phường Hà Tiên, Tỉnh An Giang, Việt Nam",POINT (104.48573303222656 10.382184028625488),1274
Điện Máy Xanh - Điện máy Xanh Ấp Thuận Hoà,"Điện máy Xanh Ấp Thuận Hoà, Xã Bình Sơn, Tỉnh An Giang, Việt Nam",POINT (104.81952667236328 10.25786304473877),11141
Điện Máy Xanh - Điện máy Xanh Ấp Luỳnh Huỳnh,"Điện máy Xanh Ấp Luỳnh Huỳnh, Xã Hòn Đất, Tỉnh An Giang, Việt Nam",POINT (104.85588836669922 10.151777267456055),8577
Điện Máy Xanh - Điện máy Xanh Ấp Thị Tứ,"Điện máy Xanh Ấp Thị Tứ, Xã Mỹ Thuận, Tỉnh An Giang, Việt Nam",POINT (105.01703643798828 10.121532440185547),10545
Điện Máy Xanh - Điện máy Xanh Ấp Sơn Hòa,"Điện máy Xanh Ấp Sơn Hòa, Xã Hòn Đất, Tỉnh An Giang, Việt Nam",POINT (104.97085571289062 10.24988079071045),7709
Thế Giới Di Động - Thế giới di động Khu phố Tri Tôn,"Thế giới di động Khu phố Tri Tôn, Xã Hòn Đất, Tỉnh An Giang, Việt Nam",POINT (104.92662048339844 10.187858581542969),207
Thế Giới Di Động - Thế giới di động Khu phố Thị Tứ,"Thế giới di động Khu phố Thị Tứ, Xã Mỹ Thuận, Tỉnh An Giang, Việt Nam",POINT (105.01799774169922 10.120591163635254),1084
Điện Máy Xanh - Điện máy Xanh 606 Quốc Lộ 80,"Điện máy Xanh 606 Quốc Lộ 80, Xã Kiên Lương, Tỉnh An Giang, Việt Nam",POINT (104.64209747314453 10.285792350769043),176
Điện Máy Xanh - Điện máy Xanh Số nhà 146 Quốc lộ 80,"Điện máy Xanh Số nhà 146 Quốc lộ 80, Khu phố Kiên Tân, Xã Kiên Lương, Tỉnh An Giang, Việt Nam",POINT (104.59099578857422 10.250439643859863),7710
Thế Giới Di Động - Thế giới di động Số 579,"Thế giới di động Số 579, Quốc lộ 80, Khu Phố Cư Xá Mới, Xã Kiên Lương, Tỉnh An Giang, Việt Nam",POINT (104.64697265625 10.283610343933105),9462
Điện Máy Xanh - Điện máy Xanh Ấp Tân Đời,"Điện máy Xanh Ấp Tân Đời, Xã Vĩnh Tuy, Tỉnh An Giang, Việt Nam",POINT (105.36061096191406 9.617875099182129),8967
Điện Máy Xanh - Điện máy Xanh 162 đường 30/4,"Điện máy Xanh 162 đường 30/4, kp 1, Đặc khu Phú Quốc, Tỉnh An Giang, Việt Nam",POINT (103.97065734863281 10.216806411743164),1115
Thế Giới Di Động - Thế giới di động 37 Hùng Vương,"Thế giới di động 37 Hùng Vương, Khu Phố 5 ( Ngã 4 Hùng Vương ), Đặc khu Phú Quốc, Tỉnh An Giang, Việt Nam",POINT (103.97239685058594 10.223272323608398),409
Điện Máy Xanh - Điện máy Xanh Số 107 Nguyễn Văn cừ,"Điện máy Xanh Số 107 Nguyễn Văn cừ, khu phố 3, Đặc khu Phú Quốc, Tỉnh An Giang, Việt Nam",POINT (104.0165023803711 10.019977569580078),1723
Điện Máy Xanh - Điện máy Xanh Tổ 7,"Điện máy Xanh Tổ 7, ấp Gành Dầu, Đặc khu Phú Quốc, Tỉnh An Giang, Việt Nam",POINT (103.84126281738281 10.3704252243042),2161
Thế Giới Di Động - Thế giới di động 104 Ba Mươi Tháng Tư,"Thế giới di động 104 Ba Mươi Tháng Tư, KP. 01 (đối diện nhà hàng Ra Khơi), Đặc khu Phú Quốc, Tỉnh An Giang, Việt Nam",POINT (103.96637725830078 10.213898658752441),2158
Thế Giới Di Động - Thế giới di động Số 142A-142B đường Nguyễn Trung Trực,"Thế giới di động Số 142A-142B đường Nguyễn Trung Trực, Đặc khu Phú Quốc, Tỉnh An Giang, Việt Nam",POINT (103.96282196044922 10.222740173339844),935
Thế Giới Di Động - Thế giới di động Số 73 đường Nguyễn Văn Cừ,"Thế giới di động Số 73 đường Nguyễn Văn Cừ, KP. 3, Đặc khu Phú Quốc, Tỉnh An Giang, Việt Nam",POINT (104.01499938964844 10.018431663513184),1054
Điện Máy Xanh - Điện máy Xanh Số 1046 Nguyễn Trung Trực,"Điện máy Xanh Số 1046 Nguyễn Trung Trực, KP 4, Phường Rạch Giá, Tỉnh An Giang, Việt Nam",POINT (105.10762023925781 9.971588134765625),1458
Điện Máy Xanh - Điện máy Xanh 358 Nguyễn Trung Trực,"Điện máy Xanh 358 Nguyễn Trung Trực, Phường Rạch Giá, Tỉnh An Giang, Việt Nam",POINT (105.09171295166016 9.99804973602295),630
Điện Máy Xanh - Điện máy Xanh Số 1125A Mạc Cứu,"Điện máy Xanh Số 1125A Mạc Cứu, KP. Nguyễn Thái Bình, Phường Rạch Giá, Tỉnh An Giang, Việt Nam",POINT (105.0748062133789 10.047356605529785),2647
Điện Máy Xanh - Điện máy Xanh Số 979 - 981 Nguyễn Trung Trực,"Điện máy Xanh Số 979 - 981 Nguyễn Trung Trực, Phường Rạch Giá, Tỉnh An Giang, Việt Nam",POINT (105.11564636230469 9.963786125183105),3664
Điện Máy Xanh - Điện máy Xanh Tổ 3,"Điện máy Xanh Tổ 3, Ấp Thứ Nhất, Xã Tây Yên, Tỉnh An Giang, Việt Nam",POINT (105.04937744140625 9.89697265625),10237
Điện Máy Xanh - Điện máy Xanh Ấp Tân Điền,"Điện máy Xanh Ấp Tân Điền, Xã Châu Thành, Tỉnh An Giang, Việt Nam",POINT (105.15658569335938 9.952500343322754),10113
Điện Máy Xanh - Điện máy Xanh 561 Tổ 9,"Điện máy Xanh 561 Tổ 9, ấp Phước Lợi, Xã Thạnh Lộc, Tỉnh An Giang, Việt Nam",POINT (105.15966033935547 9.98976993560791),10920
Điện Máy Xanh - Điện máy Xanh Ấp Tà Tây,"Điện máy Xanh Ấp Tà Tây, Phường Vĩnh Thông, Tỉnh An Giang, Việt Nam",POINT (105.12010955810547 10.053305625915527),7316
Thế Giới Di Động - Thế giới di động Số 01 Mai Thị Hồng Hạnh,"Thế giới di động Số 01 Mai Thị Hồng Hạnh, Phường Rạch Giá, Tỉnh An Giang, Việt Nam",POINT (105.12106323242188 9.95506763458252),244
Thế Giới Di Động - Thế giới di động 380A Nguyễn Trung Trực,"Thế giới di động 380A Nguyễn Trung Trực, Phường Rạch Giá, Tỉnh An Giang, Việt Nam",POINT (105.09205627441406 9.997480392456055),488
Thế Giới Di Động - Thế giới di động Số 605,"Thế giới di động Số 605,607,609 đường Nguyễn Trung Trực, khu phố 1, Phường Rạch Giá, Tỉnh An Giang, Việt Nam",POINT (105.10295104980469 9.98312759399414),1275
Thế Giới Di Động - Thế giới di động Số 98 đường Trần Phú,"Thế giới di động Số 98 đường Trần Phú, Phường Rạch Giá, Tỉnh An Giang, Việt Nam",POINT (105.08283233642578 10.0137357711792),245
Điện Máy Xanh - Điện máy Xanh Số 63-65-67 khóm B,"Điện máy Xanh Số 63-65-67 khóm B, Xã Tân Hiệp, Tỉnh An Giang, Việt Nam",POINT (105.28250122070312 10.11435604095459),405
Điện Máy Xanh - Điện máy Xanh Ấp Đông Thành,"Điện máy Xanh Ấp Đông Thành, Xã Thạnh Đông, Tỉnh An Giang, Việt Nam",POINT (105.23724365234375 10.069066047668457),7330
Điện Máy Xanh - Điện máy Xanh Ấp Tân Tiến,"Điện máy Xanh Ấp Tân Tiến, Xã Tân Hội, Tỉnh An Giang, Việt Nam",POINT (105.18324279785156 10.153016090393066),9507
Thế Giới Di Động - Thế giới di động Ấp Đông Thành,"Thế giới di động Ấp Đông Thành, Xã Thạnh Đông, Tỉnh An Giang, Việt Nam",POINT (105.23741149902344 10.069286346435547),19863
Điện Máy Xanh - Điện máy Xanh Ấp Hòn Chông,"Điện máy Xanh Ấp Hòn Chông, Xã Kiên Lương, Tỉnh An Giang, Việt Nam",POINT (104.61394500732422 10.16230583190918),7349
Điện Máy Xanh - Điện máy Xanh Ấp Cạn Ngọn A,"Điện máy Xanh Ấp Cạn Ngọn A, Xã Vĩnh Hòa, Tỉnh An Giang, Việt Nam",POINT (105.12550354003906 9.672188758850098),7037
Điện Máy Xanh - Điện máy Xanh Ấp Vĩnh Hiệp,"Điện máy Xanh Ấp Vĩnh Hiệp, Xã Vĩnh Hòa, Tỉnh An Giang, Việt Nam",POINT (105.23782348632812 9.690119743347168),10745
Điện Máy Xanh - Điện máy Xanh ấp Minh Kiên,"Điện máy Xanh ấp Minh Kiên, Xã U Minh Thượng, Tỉnh An Giang, Việt Nam",POINT (105.16126251220703 9.546055793762207),8767
Điện Máy Xanh - Điện máy Xanh Ấp Hòa Mỹ,"Điện máy Xanh Ấp Hòa Mỹ, Xã Hòa Hưng, Tỉnh An Giang, Việt Nam",POINT (105.48070526123047 9.8938570022583),8045
Điện Máy Xanh - Điện máy Xanh Ấp Chín Ghì,"Điện máy Xanh Ấp Chín Ghì, Xã Hòa Thuận, Tỉnh An Giang, Việt Nam",POINT (105.40383911132812 9.837648391723633),10366
Điện Máy Xanh - Điện máy Xanh Số 498 Ấp Vĩnh Đông 2,"Điện máy Xanh Số 498 Ấp Vĩnh Đông 2, Xã Vĩnh Phong, Tỉnh An Giang, Việt Nam",POINT (105.25405883789062 9.506184577941895),410
Điện Máy Xanh - Điện máy Xanh Ấp Bình Minh,"Điện máy Xanh Ấp Bình Minh, Xã Vĩnh Bình, Tỉnh An Giang, Việt Nam",POINT (105.18624114990234 9.603391647338867),8049
Điện Máy Xanh - Điện máy Xanh Tổ 15 Ấp Bời Lời A,"Điện máy Xanh Tổ 15 Ấp Bời Lời A, Xã Vĩnh Bình, Tỉnh An Giang, Việt Nam",POINT (105.2611312866211 9.598835945129395),10470
Điện Máy Xanh - Điện máy Xanh Thôn 16/5,"Điện máy Xanh Thôn 16/5, Xã Đăk Pék, Tỉnh Quảng Ngãi, Việt Nam",POINT (107.74120330810547 15.074832916259766),7655
Điện Máy Xanh - Điện máy Xanh Số 296 Hùng Vương,"Điện máy Xanh Số 296 Hùng Vương, tổ dân phố 6, Xã Đăk Hà, Tỉnh Quảng Ngãi, Việt Nam",POINT (107.92021179199219 14.515376091003418),372
Điện Máy Xanh - Điện máy Xanh Số nhà 346-348-350 Đường Hùng Vương,"Điện máy Xanh Số nhà 346-348-350 Đường Hùng Vương, Khối 8, Xã Đăk Tô, Tỉnh Quảng Ngãi, Việt Nam",POINT (107.84404754638672 14.646464347839355),7519
Thế Giới Di Động - Thế giới di động 87 Hùng Vương,"Thế giới di động 87 Hùng Vương, Xã Đăk Tô, Tỉnh Quảng Ngãi, Việt Nam",POINT (107.8412094116211 14.6558837890625),9026
Điện Máy Xanh - Điện máy Xanh Đường Võ Nguyên Giáp,"Điện máy Xanh Đường Võ Nguyên Giáp, tổ dân phố 3, Xã Măng Đen, Tỉnh Quảng Ngãi, Việt Nam",POINT (108.28858184814453 14.603453636169434),7958
Điện Máy Xanh - Điện máy Xanh Thôn 9,"Điện máy Xanh Thôn 9, Xã Kon Braih, Tỉnh Quảng Ngãi, Việt Nam",POINT (108.16968536376953 14.464693069458008),9957
Điện Máy Xanh - Điện máy Xanh 951A Phan Đình Phùng,"Điện máy Xanh 951A Phan Đình Phùng, Phường Kon Tum, Tỉnh Quảng Ngãi, Việt Nam",POINT (107.99434661865234 14.3546781539917),629
Điện Máy Xanh - Điện máy Xanh Đường Võ Nguyên Giáp,"Điện máy Xanh Đường Võ Nguyên Giáp, Phường Đăk Cấm, Tỉnh Quảng Ngãi, Việt Nam",POINT (108.00956726074219 14.376299858093262),8578
Điện Máy Xanh - Điện máy Xanh Số 348 - đường Trần Hưng Đạo,"Điện máy Xanh Số 348 - đường Trần Hưng Đạo, Phường Kon Tum, Tỉnh Quảng Ngãi, Việt Nam",POINT (108.00277709960938 14.34993839263916),5200
Điện Máy Xanh - Điện máy Xanh Thôn Lâm Tùng,"Điện máy Xanh Thôn Lâm Tùng, Xã Ia Chim, Tỉnh Quảng Ngãi, Việt Nam",POINT (107.92792510986328 14.311836242675781),7596
Thế Giới Di Động - Thế giới di động 375 - 377 Trần Hưng Đạo,"Thế giới di động 375 - 377 Trần Hưng Đạo, Phường Kon Tum, Tỉnh Quảng Ngãi, Việt Nam",POINT (108.00179290771484 14.3495512008667),261
Thế Giới Di Động - Thế giới di động Số nhà 669,"Thế giới di động Số nhà 669, đường Phan Đình Phùng, Phường Đăk Cấm, Tỉnh Quảng Ngãi, Việt Nam",POINT (107.99994659423828 14.362923622131348),1517
Điện Máy Xanh - Điện máy Xanh Số 811 - 813 Hùng Vương,"Điện máy Xanh Số 811 - 813 Hùng Vương, Xã Bờ Y, Tỉnh Quảng Ngãi, Việt Nam",POINT (107.69210052490234 14.706854820251465),2839
Điện Máy Xanh - Điện máy Xanh Đường Trần Hưng Đạo,"Điện máy Xanh Đường Trần Hưng Đạo, Thôn 1, Xã Sa Thầy, Tỉnh Quảng Ngãi, Việt Nam",POINT (107.80062103271484 14.404540061950684),2021
Điện Máy Xanh - Điện máy Xanh Khu 5A,"Điện máy Xanh Khu 5A, Xã Than Uyên, Tỉnh Lai Châu, Việt Nam",POINT (103.88502502441406 21.952421188354492),9381
Thế Giới Di Động - Thế giới di động Khu 1 ( đối diện Chợ Trung Tâm Than Uyên ),"Thế giới di động Khu 1 ( đối diện Chợ Trung Tâm Than Uyên ), Xã Than Uyên, Tỉnh Lai Châu, Việt Nam",POINT (103.88285827636719 21.950424194335938),1645
Điện Máy Xanh - Điện máy Xanh Tổ 9,"Điện máy Xanh Tổ 9, Phường Tân Phong, Tỉnh Lai Châu, Việt Nam",POINT (103.46125793457031 22.391292572021484),1003
Điện Máy Xanh - Điện máy Xanh Số nhà 118 Đường Trần Hưng Đạo,"Điện máy Xanh Số nhà 118 Đường Trần Hưng Đạo, Tổ 6, Phường Đoàn Kết, Tỉnh Lai Châu, Việt Nam",POINT (103.45606994628906 22.40012550354004),8645
Thế Giới Di Động - Thế giới di động Số 56 Trần Phú,"Thế giới di động Số 56 Trần Phú, tổ 4A, Phường Tân Phong, Tỉnh Lai Châu, Việt Nam",POINT (103.46327209472656 22.394668579101562),1093
Thế Giới Di Động - Thế giới di động Tổ dân phố 5,"Thế giới di động Tổ dân phố 5, Phường Đoàn Kết, Tỉnh Lai Châu, Việt Nam",POINT (103.4594955444336 22.39951515197754),7246
Điện Máy Xanh - Điện máy Xanh Thửa đất số 81,"Điện máy Xanh Thửa đất số 81, tờ bản đồ số 11, Xã Bum Tở, Tỉnh Lai Châu, Việt Nam",POINT (102.80158996582031 22.383718490600586),8060
Thế Giới Di Động - Thế giới di động Khu 10,"Thế giới di động Khu 10, Xã Bum Tở, Tỉnh Lai Châu, Việt Nam",POINT (102.80206298828125 22.383832931518555),1647
Điện Máy Xanh - Điện máy Xanh Khu F4 Trung tâm Thương Mại,"Điện máy Xanh Khu F4 Trung tâm Thương Mại, Xã Bình Lư, Tỉnh Lai Châu, Việt Nam",POINT (103.62451934814453 22.321359634399414),1869
Điện Máy Xanh - Điện máy Xanh Tổ 15,"Điện máy Xanh Tổ 15, Xã Tân Uyên, Tỉnh Lai Châu, Việt Nam",POINT (103.75553894042969 22.171398162841797),1415
Điện Máy Xanh - Điện máy Xanh 81 Nguyễn Hữu Thọ,"Điện máy Xanh 81 Nguyễn Hữu Thọ, Xã Bến Lức, Tỉnh Tây Ninh, Việt Nam",POINT (106.48860931396484 10.637747764587402),1165
Điện Máy Xanh - Điện máy Xanh Số 286 Tỉnh Lộ 835,"Điện máy Xanh Số 286 Tỉnh Lộ 835, Xã Mỹ Yên, Tỉnh Tây Ninh, Việt Nam",POINT (106.53633117675781 10.636222839355469),1550
Điện Máy Xanh - Điện máy Xanh Đường Nguyễn Hữu Thọ,"Điện máy Xanh Đường Nguyễn Hữu Thọ, Khu phố 2, Xã Bến Lức, Tỉnh Tây Ninh, Việt Nam",POINT (106.48506164550781 10.643200874328613),2492
Điện Máy Xanh - Điện máy Xanh QL 1A,"Điện máy Xanh QL 1A , Ấp 1, Xã Bình Đức, Tỉnh Tây Ninh, Việt Nam",POINT (106.46903228759766 10.636409759521484),2599
Điện Máy Xanh - Điện máy Xanh Đường DT 816,"Điện máy Xanh Đường DT 816, ấp 5, Xã Thạnh Lợi, Tỉnh Tây Ninh, Việt Nam",POINT (106.40643310546875 10.769003868103027),10677
Điện Máy Xanh - Điện máy Xanh Số 155,"Điện máy Xanh Số 155, Ấp 1B, Xã Bến Lức, Tỉnh Tây Ninh, Việt Nam",POINT (106.51216888427734 10.666112899780273),7553
Thế Giới Di Động - Thế giới di động 58A Nguyễn Hữu Thọ,"Thế giới di động 58A Nguyễn Hữu Thọ, khu phố 3, Xã Bến Lức, Tỉnh Tây Ninh, Việt Nam",POINT (106.48779296875 10.638572692871094),12274
Thế Giới Di Động - Thế giới di động Số 59-61,"Thế giới di động Số 59-61, Quốc Lộ 1A, Khu phố 4, Xã Bến Lức, Tỉnh Tây Ninh, Việt Nam",POINT (106.4830093383789 10.637460708618164),610
Thế Giới Di Động - Thế giới di động Thửa đất số 2192 và 3496,"Thế giới di động Thửa đất số 2192 và 3496, tờ bản đồ số 01 (NGAY NGÃ TƯ CHINGLUH), Xã Bến Lức, Tỉnh Tây Ninh, Việt Nam",POINT (106.49481201171875 10.626835823059082),1551
Thế Giới Di Động - Thế giới di động Số 363 đường DT 832,"Thế giới di động Số 363 đường DT 832, Ấp 1, Xã Bình Đức, Tỉnh Tây Ninh, Việt Nam",POINT (106.4697494506836 10.635110855102539),12276
Điện Máy Xanh - Điện máy Xanh Số 249 Ấp 03,"Điện máy Xanh Số 249 Ấp 03, Xã Long Hòa, Huyện Cần Đước, Tỉnh long an, Việt Nam",POINT (106.58843994140625 10.588306427001953),2841
Điện Máy Xanh - Điện máy Xanh Số 18,"Điện máy Xanh Số 18, Khu 9, Lộ 835, Ấp 4, Xã Long Cang, Tỉnh Tây Ninh, Việt Nam",POINT (106.53779602050781 10.590801239013672),7695
Thế Giới Di Động - Thế giới di động Ấp 05,"Thế giới di động Ấp 05, Xã Rạch Kiến, Tỉnh Tây Ninh, Việt Nam",POINT (106.58988189697266 10.582161903381348),1625
Điện Máy Xanh - Điện máy Xanh Số 39 Quốc Lộ 50,"Điện máy Xanh Số 39 Quốc Lộ 50, ấp Thuận Nam, Xã Mỹ Lộc, Tỉnh Tây Ninh, Việt Nam",POINT (106.62962341308594 10.556257247924805),2398
Điện Máy Xanh - Điện máy Xanh Đường Long Hậu,"Điện máy Xanh Đường Long Hậu, Khu dân cư Long Hậu, Ấp 3, Xã Cần Giuộc, Tỉnh Tây Ninh, Việt Nam",POINT (106.72987365722656 10.631002426147461),4825
Điện Máy Xanh - Điện máy Xanh 04 Đường DT19,"Điện máy Xanh 04 Đường DT19, ấp Tây, Xã Tân Tập, Tỉnh Tây Ninh, Việt Nam",POINT (106.67232513427734 10.537450790405273),7848
Thế Giới Di Động - Thế giới di động QL 50,"Thế giới di động QL 50, Tổ 11, Ấp Thuận Nam, Xã Cần Giuộc, Tỉnh Tây Ninh, Việt Nam",POINT (106.63024139404297 10.558011054992676),10525
Điện Máy Xanh - Điện máy Xanh Khóm 02,"Điện máy Xanh Khóm 02, Xã Tầm Vu, Tỉnh Tây Ninh, Việt Nam",POINT (106.46733856201172 10.441949844360352),2650
Điện Máy Xanh - Điện máy Xanh Đường DT 827,"Điện máy Xanh Đường DT 827, Ấp Thanh Tân, Xã Thuận Mỹ, Tỉnh Tây Ninh, Việt Nam",POINT (106.51742553710938 10.454986572265625),13911
Điện Máy Xanh - Điện máy Xanh Ấp Kỳ Châu,"Điện máy Xanh Ấp Kỳ Châu, Xã Vĩnh Công, Tỉnh Tây Ninh, Việt Nam",POINT (106.46585083007812 10.508852005004883),7890
Thế Giới Di Động - Thế giới di động 179 Đỗ Tường Phong,"Thế giới di động 179 Đỗ Tường Phong, Xã Tầm Vu, Tỉnh Tây Ninh, Việt Nam",POINT (106.46819305419922 10.446769714355469),8342
Thế Giới Di Động - Thế giới di động Số 125/8,"Thế giới di động Số 125/8, Đường DT 827, Ấp Thanh Tân, Xã Thuận Mỹ, Tỉnh Tây Ninh, Việt Nam",POINT (106.51443481445312 10.45405387878418),10589
Điện Máy Xanh - Điện máy Xanh Số 291-293 Ấp Bình Tiền 2,"Điện máy Xanh Số 291-293 Ấp Bình Tiền 2, Xã Đức Hòa Hạ, Huyện Đức Hoà, Tỉnh Long An, Việt Nam",POINT (106.47657012939453 10.8108549118042),578
Điện Máy Xanh - Điện máy Xanh Số 372 Tỉnh lộ 10,"Điện máy Xanh Số 372 Tỉnh lộ 10, Xã Hậu Nghĩa, Tỉnh Tây Ninh, Việt Nam",POINT (106.39039611816406 10.900602340698242),2098
Điện Máy Xanh - Điện máy Xanh Đường tỉnh 821,"Điện máy Xanh Đường tỉnh 821, Ấp Lộc Bình, Xã An Ninh, Tỉnh Tây Ninh, Việt Nam",POINT (106.31324005126953 11.00685977935791),3670
Điện Máy Xanh - Điện máy Xanh Xã Mỹ Hạnh,"Điện máy Xanh Xã Mỹ Hạnh, Tỉnh Tây Ninh, Việt Nam",POINT (106.5156021118164 10.873584747314453),3979
Điện Máy Xanh - Điện máy Xanh Ấp Bình Tiền 2,"Điện máy Xanh Ấp Bình Tiền 2, Xã Đức Hòa, Tỉnh Tây Ninh, Việt Nam",POINT (106.50447082519531 10.7942533493042),1849
Điện Máy Xanh - Điện máy Xanh Ấp Bình Tiền 1,"Điện máy Xanh Ấp Bình Tiền 1, Xã Đức Hòa, Tỉnh Tây Ninh, Việt Nam",POINT (106.4619369506836 10.820483207702637),6050
Điện Máy Xanh - Điện máy Xanh Xã Hậu Nghĩa,"Điện máy Xanh Xã Hậu Nghĩa, Tỉnh Tây Ninh, Việt Nam",POINT (106.42082977294922 10.904990196228027),3909
Điện Máy Xanh - Điện máy Xanh Ấp Bình Lợi,"Điện máy Xanh Ấp Bình Lợi, Xã Hòa Khánh, Tỉnh Tây Ninh, Việt Nam",POINT (106.42069244384766 10.840706825256348),5371
Điện Máy Xanh - Điện máy Xanh 509 Ấp Mới,"Điện máy Xanh 509 Ấp Mới, Xã Mỹ Hạnh, Tỉnh Tây Ninh, Việt Nam",POINT (106.50714874267578 10.87693977355957),1467
Điện Máy Xanh - Điện máy Xanh Đường Đức Hòa Thượng,"Điện máy Xanh Đường Đức Hòa Thượng, Ấp Nhơn Hòa 1, Xã Mỹ Hạnh, Tỉnh Tây Ninh, Việt Nam",POINT (106.44187927246094 10.875866889953613),9996
Điện Máy Xanh - Điện máy Xanh Đường Quốc Lộ N2,"Điện máy Xanh Đường Quốc Lộ N2, Số 24, Ấp Chánh Hội, Xã Hậu Nghĩa, Tỉnh Tây Ninh, Việt Nam",POINT (106.36488342285156 10.942597389221191),7694
Thế Giới Di Động - Thế giới di động Đường Mỹ Hạnh,"Thế giới di động Đường Mỹ Hạnh, Ấp Mới 1, Xã Mỹ Hạnh, Tỉnh Tây Ninh, Việt Nam",POINT (106.49195098876953 10.864097595214844),11995
Thế Giới Di Động - Thế giới di động Ấp Chánh ( Chợ Đức Lập ),"Thế giới di động Ấp Chánh ( Chợ Đức Lập ), Xã Đức Lập, Tỉnh Tây Ninh, Việt Nam",POINT (106.4181137084961 10.90184211730957),1584
Thế Giới Di Động - Thế giới di động Số 181 Đường tỉnh 825,"Thế giới di động Số 181 Đường tỉnh 825, Xã Hậu Nghĩa, Tỉnh Tây Ninh, Việt Nam",POINT (106.39247131347656 10.894883155822754),15876
Thế Giới Di Động - Thế giới di động Đường DT 821,"Thế giới di động Đường DT 821, Ấp Lộc Thạnh, Xã An Ninh, Tỉnh Tây Ninh, Việt Nam",POINT (106.3125991821289 11.005571365356445),12152
Thế Giới Di Động - Thế giới di động Đường DT 824,"Thế giới di động Đường DT 824, Ấp Mới 2, Xã Mỹ Hạnh, Tỉnh Tây Ninh, Việt Nam",POINT (106.51274871826172 10.876062393188477),10661
Thế Giới Di Động - Thế giới di động Ấp Mới 1,"Thế giới di động Ấp Mới 1, Xã Mỹ Hạnh, Tỉnh Tây Ninh, Việt Nam",POINT (106.4927978515625 10.877652168273926),11782
Thế Giới Di Động - Thế giới di động Ngã 3 Tân Đức,"Thế giới di động Ngã 3 Tân Đức, Đường Tỉnh lộ 10, Xã Đức Hòa, Tỉnh Tây Ninh, Việt Nam",POINT (106.47533416748047 10.811476707458496),714
Điện Máy Xanh - Điện máy Xanh Khu vực 1,"Điện máy Xanh Khu vực 1, Xã Đông Thành, Tỉnh Tây Ninh, Việt Nam",POINT (106.30786895751953 10.893667221069336),257
Điện Máy Xanh - Điện máy Xanh Ấp 2,"Điện máy Xanh Ấp 2, Xã Đức Huệ, Tỉnh Tây Ninh, Việt Nam",POINT (106.36714172363281 10.809582710266113),12213
Điện Máy Xanh - Điện máy Xanh DT 839 Ấp 1,"Điện máy Xanh DT 839 Ấp 1, Xã Đức Huệ, Tỉnh Tây Ninh, Việt Nam",POINT (106.22483825683594 10.819877624511719),11994
Điện Máy Xanh - Điện máy Xanh Đường DT 838,"Điện máy Xanh Đường DT 838, Ấp 2, Xã Mỹ Quý, Tỉnh Tây Ninh, Việt Nam",POINT (106.20128631591797 10.931079864501953),8853
Điện Máy Xanh - Điện máy Xanh Số 707,"Điện máy Xanh Số 707, Ấp Long Hưng, Xã Cần Đước, Tỉnh Tây Ninh, Việt Nam",POINT (106.66816711425781 10.488805770874023),7614
Điện Máy Xanh - Điện máy Xanh Số 205 đường HL24,"Điện máy Xanh Số 205 đường HL24, ấp Đông Trung, Xã Cần Đước, Tỉnh Tây Ninh, Việt Nam",POINT (106.60748291015625 10.462813377380371),12843
Điện Máy Xanh - Điện máy Xanh Đường DT 824 tổ 1 ấp 8,"Điện máy Xanh Đường DT 824 tổ 1 ấp 8, Xã Lương Hòa, Tỉnh Tây Ninh, Việt Nam",POINT (106.44574737548828 10.700611114501953),12706
Điện Máy Xanh - Điện máy Xanh Ấp 4,"Điện máy Xanh Ấp 4, Xã Thạnh Lợi, Tỉnh Tây Ninh, Việt Nam",POINT (106.435791015625 10.747970581054688),10011
Thế Giới Di Động - Thế giới di động Đường DT 835,"Thế giới di động Đường DT 835, Ấp 5, Xã Mỹ Yên, Tỉnh Tây Ninh, Việt Nam",POINT (106.5367431640625 10.635651588439941),9286
Điện Máy Xanh - Điện máy Xanh Ấp Long Thanh,"Điện máy Xanh Ấp Long Thanh, Xã Rạch Kiến, Tỉnh Tây Ninh, Việt Nam",POINT (106.5885238647461 10.623308181762695),5352
Điện Máy Xanh - Điện máy Xanh 83 Quốc lộ 50,"Điện máy Xanh 83 Quốc lộ 50, Ấp Kim Điền, Xã Cần Giuộc, Tỉnh Tây Ninh, Việt Nam",POINT (106.66159057617188 10.629897117614746),1913
Điện Máy Xanh - Điện máy Xanh Khu vực 2,"Điện máy Xanh Khu vực 2, Xã Đức Hòa, Tỉnh Tây Ninh, Việt Nam",POINT (106.4544677734375 10.81701374053955),5412
Điện Máy Xanh - Điện máy Xanh Đường tỉnh DT835B,"Điện máy Xanh Đường tỉnh DT835B, Tổ 2, ấp Long Thạnh, Xã Phước Lý, Tỉnh Tây Ninh, Việt Nam",POINT (106.6082763671875 10.637347221374512),7762
Điện Máy Xanh - Điện máy Xanh Đường tỉnh DT826C,"Điện máy Xanh Đường tỉnh DT826C, Tổ 17, ấp Tân Thanh A, Xã Cần Giuộc, Tỉnh Tây Ninh, Việt Nam",POINT (106.67909240722656 10.607747077941895),7849
Điện Máy Xanh - Điện máy Xanh Ấp Lộc Tiền,"Điện máy Xanh Ấp Lộc Tiền, Xã Mỹ Lộc, Tỉnh Tây Ninh, Việt Nam",POINT (106.62275695800781 10.604971885681152),7781
Thế Giới Di Động - Thế giới di động Khu phố 2,"Thế giới di động Khu phố 2, Xã Cần Giuộc, Tỉnh Tây Ninh, Việt Nam",POINT (106.67122650146484 10.607026100158691),360
Thế Giới Di Động - Thế giới di động Xã Cần Giuộc,"Thế giới di động Xã Cần Giuộc, Tỉnh Tây Ninh, Việt Nam",POINT (106.66522216796875 10.601015090942383),1682
Thế Giới Di Động - Thế giới di động 177C-177C/1,"Thế giới di động 177C-177C/1, Khu Phố 3, Xã Đức Hòa, Tỉnh Tây Ninh, Việt Nam",POINT (106.45886993408203 10.825489044189453),154
Điện Máy Xanh - Điện máy Xanh Số 341-343 Quốc lộ 62,"Điện máy Xanh Số 341-343 Quốc lộ 62, Phường Kiến Tường, Tỉnh Tây Ninh, Việt Nam",POINT (105.9387435913086 10.77470588684082),206
Điện Máy Xanh - Điện máy Xanh Số 104 Đường quốc lộ 62,"Điện máy Xanh Số 104 Đường quốc lộ 62, Khu phố 3, Phường Kiến Tường, Tỉnh Tây Ninh, Việt Nam",POINT (105.92771911621094 10.778757095336914),7889
Điện Máy Xanh - Điện máy Xanh Ấp Nguyễn Rớt,"Điện máy Xanh Ấp Nguyễn Rớt, Xã Hậu Thạnh, Tỉnh Tây Ninh, Việt Nam",POINT (105.884033203125 10.638819694519043),8174
Điện Máy Xanh - Điện máy Xanh Ấp Kênh Nhà Thờ,"Điện máy Xanh Ấp Kênh Nhà Thờ, Xã Nhơn Hòa Lập, Tỉnh Tây Ninh, Việt Nam",POINT (105.94422149658203 10.627549171447754),7741
Điện Máy Xanh - Điện máy Xanh Quốc lộ 62,"Điện máy Xanh Quốc lộ 62, ấp Ông Nhan Tây, Xã Bình Hiệp, Tỉnh Tây Ninh, Việt Nam",POINT (105.9306869506836 10.82172966003418),8134
Thế Giới Di Động - Thế giới di động 33-35,"Thế giới di động 33-35, Đường 30/4, Xã Tân Hưng, Tỉnh Tây Ninh, Việt Nam",POINT (105.66748809814453 10.834802627563477),246
Điện Máy Xanh - Điện máy Xanh Số 290 Đường DT 817,"Điện máy Xanh Số 290 Đường DT 817, Khu phố 3, Xã Mộc Hóa, Tỉnh Tây Ninh, Việt Nam",POINT (106.05908203125 10.728166580200195),13912
Điện Máy Xanh - Điện máy Xanh Ấp 4,"Điện máy Xanh Ấp 4, Xã Cần Giuộc, Tỉnh Tây Ninh, Việt Nam",POINT (106.686767578125 10.653963088989258),7294
Thế Giới Di Động - Thế giới di động DT834,"Thế giới di động DT834, Xã Thủ Thừa, Tỉnh Tây Ninh, Việt Nam",POINT (106.40296173095703 10.600601196289062),1484
Điện Máy Xanh - Điện máy Xanh 254 Hùng Vương,"Điện máy Xanh 254 Hùng Vương, Phường Tân An, Tỉnh Tây Ninh, Việt Nam",POINT (106.41229248046875 10.532586097717285),535
Điện Máy Xanh - Điện máy Xanh Ấp 5,"Điện máy Xanh Ấp 5, Xã Nhựt Tảo, Tỉnh Tây Ninh, Việt Nam",POINT (106.46440887451172 10.552868843078613),3004
Điện Máy Xanh - Điện máy Xanh Số 115 - 115B đường Quốc Lộ 62,"Điện máy Xanh Số 115 - 115B đường Quốc Lộ 62, Phường 2, Thành phố Tân An, Tỉnh Long An, Việt Nam",POINT (106.40365600585938 10.542205810546875),7742
Điện Máy Xanh - Điện máy Xanh 93 Quốc lộ L1A,"Điện máy Xanh 93 Quốc lộ L1A, Phường Long An, Tỉnh Tây Ninh, Việt Nam",POINT (106.41607666015625 10.550000190734863),2219
Điện Máy Xanh - Điện máy Xanh Đường DT833,"Điện máy Xanh Đường DT833, ấp 4, Xã Mỹ Thạnh, Tỉnh Tây Ninh, Việt Nam",POINT (106.35002899169922 10.617314338684082),10678
Điện Máy Xanh - Điện máy Xanh Số 509 Đường tỉnh lộ 832 ấp 3,"Điện máy Xanh Số 509 Đường tỉnh lộ 832 ấp 3, Xã Nhựt Tảo, Tỉnh Tây Ninh, Việt Nam",POINT (106.51197814941406 10.561875343322754),10123
Thế Giới Di Động - Thế giới di động 106 Quốc Lộ 1,"Thế giới di động 106 Quốc Lộ 1, Phường Long An, Tỉnh Tây Ninh, Việt Nam",POINT (106.40763854980469 10.539843559265137),625
Thế Giới Di Động - Thế giới di động Số 111,"Thế giới di động Số 111, đường Nguyễn Trung Trực, khóm 1, Phường Tân An, Tỉnh Tây Ninh, Việt Nam",POINT (106.41329193115234 10.537494659423828),1313
Thế Giới Di Động - Thế giới di động Số 163,"Thế giới di động Số 163, quốc lộ 62, Phường Long An, Tỉnh Tây Ninh, Việt Nam",POINT (106.39507293701172 10.543647766113281),1445
Thế Giới Di Động - Thế giới di động 22-24 Châu Thị Kim,"Thế giới di động 22-24 Châu Thị Kim, Phường Tân An, Tỉnh Tây Ninh, Việt Nam",POINT (106.41796112060547 10.532811164855957),277
Thế Giới Di Động - Thế giới di động Số 98-100-102 đường Hùng Vương,"Thế giới di động Số 98-100-102 đường Hùng Vương, Phường Long An, Tỉnh Tây Ninh, Việt Nam",POINT (106.40593719482422 10.53727912902832),1312
Thế Giới Di Động - Thế giới di động Khu phố Tân Bình,"Thế giới di động Khu phố Tân Bình, Xã Tân Trụ, Tỉnh Tây Ninh, Việt Nam",POINT (106.51887512207031 10.51922607421875),7194
Điện Máy Xanh - Điện máy Xanh Đường Kênh Cái Bá,"Điện máy Xanh Đường Kênh Cái Bá, Ấp Gò Gòn, Xã Hưng Điền, Tỉnh Tây Ninh, Việt Nam",POINT (105.66011047363281 10.83521842956543),10028
Điện Máy Xanh - Điện máy Xanh Số 66-68,"Điện máy Xanh Số 66-68, Đường 3 Tháng 2, Khu Phố Gò Thuyền A, Xã Tân Hưng, Tỉnh Tây Ninh, Việt Nam",POINT (105.6669692993164 10.834766387939453),7630
Điện Máy Xanh - Điện máy Xanh Số 10 Quốc Lộ 62,"Điện máy Xanh Số 10 Quốc Lộ 62, Khu phố 3, Xã Tân Thạnh, Tỉnh Tây Ninh, Việt Nam",POINT (106.04730224609375 10.6100435256958),255
Điện Máy Xanh - Điện máy Xanh 81 Phan Văn Tình,"Điện máy Xanh 81 Phan Văn Tình, Xã Thủ Thừa, Tỉnh Tây Ninh, Việt Nam",POINT (106.40364074707031 10.600072860717773),2766
Điện Máy Xanh - Điện máy Xanh Đường Quốc Lộ 62,"Điện máy Xanh Đường Quốc Lộ 62, Ấp 3, Xã Mỹ An, Tỉnh Tây Ninh, Việt Nam",POINT (106.35333251953125 10.566300392150879),10590
Điện Máy Xanh - Điện máy Xanh 51/104 FA,"Điện máy Xanh 51/104 FA, Ấp 6, Xã Thủ Thừa, Tỉnh Tây Ninh, Việt Nam",POINT (106.43474578857422 10.583295822143555),7193
Thế Giới Di Động - Thế giới di động 40 QL 62,"Thế giới di động 40 QL 62, Khu Phố 3, Xã Tân Thạnh, Tỉnh Tây Ninh, Việt Nam",POINT (106.04754638671875 10.611312866210938),9114
Điện Máy Xanh - Điện máy Xanh Đường DT833,"Điện máy Xanh Đường DT833, Khu phố Bình Hòa, Xã Tân Trụ, Tỉnh Tây Ninh, Việt Nam",POINT (106.50698852539062 10.514464378356934),9122
Điện Máy Xanh - Điện máy Xanh Đường Lê Duẩn,"Điện máy Xanh Đường Lê Duẩn, Phường 3, Xã Thạnh Hóa, Tỉnh Tây Ninh, Việt Nam",POINT (106.18321228027344 10.654808044433594),8366
Điện Máy Xanh - Điện máy Xanh Đường số 12,"Điện máy Xanh Đường số 12, cụm DCVL, Xã Tân Tây, Tỉnh Tây Ninh, Việt Nam",POINT (106.25667572021484 10.63546371459961),13966
Thế Giới Di Động - Thế giới di động Đường Nguyễn Trung Trực (Ngay chợ Thạnh Hóa),"Thế giới di động Đường Nguyễn Trung Trực (Ngay chợ Thạnh Hóa), Xã Thạnh Hóa, Tỉnh Tây Ninh, Việt Nam",POINT (106.18183135986328 10.658023834228516),304
Điện Máy Xanh - Điện máy Xanh Ấp Bà Mía,"Điện máy Xanh Ấp Bà Mía, Xã Mỹ Thạnh, Tỉnh Tây Ninh, Việt Nam",POINT (106.31452941894531 10.640219688415527),12705
Điện Máy Xanh - Điện máy Xanh Số 83 Khu 1B,"Điện máy Xanh Số 83 Khu 1B, Xã Cần Đước, Tỉnh Tây Ninh, Việt Nam",POINT (106.60340118408203 10.50904369354248),1724
Thế Giới Di Động - Thế giới di động Quốc Lộ 50,"Thế giới di động Quốc Lộ 50, Xã Cần Đước, Tỉnh Tây Ninh, Việt Nam",POINT (106.60485076904297 10.504592895507812),195
Điện Máy Xanh - Điện máy Xanh Thửa Đất số 577,"Điện máy Xanh Thửa Đất số 577, Tờ bản đồ số 14, Đường Hoàng Hoa Thám, Khu phố 4, Thị Trấn Vĩnh Hưng, Huyện Vĩnh Hưng, Tỉnh Long An, Việt Nam",POINT (105.78921508789062 10.886605262756348),4715
Điện Máy Xanh - Điện máy Xanh Đường DT 830,"Điện máy Xanh Đường DT 830, Ấp Gò Châu Mai, Xã Vĩnh Hưng, Tỉnh Tây Ninh, Việt Nam",POINT (105.78264617919922 10.89189624786377),10124
Thế Giới Di Động - Thế giới di động Số 61 Đốc Binh Kiều,"Thế giới di động Số 61 Đốc Binh Kiều, Phường Kiến Tường, Tỉnh Tây Ninh, Việt Nam",POINT (105.93814086914062 10.774710655212402),542
Thế Giới Di Động - Thế giới di động Số 253-254,"Thế giới di động Số 253-254, đường Cách Mạng Tháng 8, Xã Vĩnh Hưng, Tỉnh Tây Ninh, Việt Nam",POINT (105.78707885742188 10.887887954711914),1404
Điện Máy Xanh - Điện máy Xanh Số 3 Đường Ngọc Uyển,"Điện máy Xanh Số 3 Đường Ngọc Uyển , Tổ Dân Phố Bắc Hà 1, Xã Bắc Hà, Tỉnh Lào Cai, Việt Nam",POINT (104.292236328125 22.532291412353516),5438
Thế Giới Di Động - Thế giới di động Thôn Bắc Hà 6,"Thế giới di động Thôn Bắc Hà 6, Xã Bắc Hà, Tỉnh Lào Cai, Việt Nam",POINT (104.29046630859375 22.535560607910156),1358
Điện Máy Xanh - Điện máy Xanh Số 34 tổ dân phố Phú Thành,"Điện máy Xanh Số 34 tổ dân phố Phú Thành, Xã Bảo Thắng, Tỉnh Lào Cai, Việt Nam",POINT (104.18536376953125 22.321897506713867),1588
Điện Máy Xanh - Điện máy Xanh TDP 5,"Điện máy Xanh TDP 5, Xã Tằng Loỏng, Tỉnh Lào Cai, Việt Nam",POINT (104.12116241455078 22.308738708496094),1392
Điện Máy Xanh - Điện máy Xanh Số 108,"Điện máy Xanh Số 108,293 đường D3, khu Tái Định Cư, thôn Phú Xuân, Xã Gia Phú, Tỉnh Lào Cai, Việt Nam",POINT (104.08143615722656 22.36805534362793),9860
Thế Giới Di Động - Thế giới di động Tổ dân phố Phú Cường 1,"Thế giới di động Tổ dân phố Phú Cường 1, Xã Bảo Thắng, Tỉnh Lào Cai, Việt Nam",POINT (104.18769073486328 22.31916618347168),652
Điện Máy Xanh - Điện máy Xanh Tổ 6B1,"Điện máy Xanh Tổ 6B1, Xã Bảo Yên, Tỉnh Lào Cai, Việt Nam",POINT (104.47767639160156 22.23501968383789),475
Điện Máy Xanh - Điện máy Xanh Quốc Lộ 279 bản Lâm Sản,"Điện máy Xanh Quốc Lộ 279 bản Lâm Sản, Xã Bảo Hà, Tỉnh Lào Cai, Việt Nam",POINT (104.353759765625 22.173582077026367),1735
Điện Máy Xanh - Điện máy Xanh Số 303 Hùng Vương,"Điện máy Xanh Số 303 Hùng Vương, tổ 6, Xã Bát Xát, Tỉnh Lào Cai, Việt Nam",POINT (103.8933334350586 22.53649139404297),2157
Điện Máy Xanh - Điện máy Xanh Đường Trần Hưng Đạo,"Điện máy Xanh Đường Trần Hưng Đạo, Ngã 6, Tổ 14, Phường Lào Cai, Tỉnh Lào Cai, Việt Nam",POINT (103.97599792480469 22.481462478637695),1377
Điện Máy Xanh - Điện máy Xanh Số 009 Hoàng Liên,"Điện máy Xanh Số 009 Hoàng Liên, Phường Lào Cai, Tỉnh Lào Cai, Việt Nam",POINT (103.96681213378906 22.49903106689453),2887
Điện Máy Xanh - Điện máy Xanh Số 529 đường Hoàng Quốc Việt,"Điện máy Xanh Số 529 đường Hoàng Quốc Việt, Phường Cam Đường, Tỉnh Lào Cai, Việt Nam",POINT (104.01960754394531 22.41948890686035),1414
Điện Máy Xanh - Điện máy Xanh Thôn Trung Tâm,"Điện máy Xanh Thôn Trung Tâm, Xã Bản Lầu, Tỉnh Lào Cai, Việt Nam",POINT (104.07063293457031 22.56451416015625),9992
Thế Giới Di Động - Thế giới di động 256 Nguyễn Huệ,"Thế giới di động 256 Nguyễn Huệ, Phường Lào Cai, Tỉnh Lào Cai, Việt Nam",POINT (103.97628021240234 22.493824005126953),874
Thế Giới Di Động - Thế giới di động Số 333 Đường Hoàng Liên,"Thế giới di động Số 333 Đường Hoàng Liên, Phường Lào Cai, Tỉnh Lào Cai, Việt Nam",POINT (103.9694595336914 22.488882064819336),460
Thế Giới Di Động - Thế giới di động Ngã 6,"Thế giới di động Ngã 6, Phường Lào Cai, Tỉnh Lào Cai, Việt Nam",POINT (103.97470092773438 22.480710983276367),13903
Điện Máy Xanh - Điện máy Xanh Số 95 Giải Phóng,"Điện máy Xanh Số 95 Giải Phóng, Xã Mường Khương, Tỉnh Lào Cai, Việt Nam",POINT (104.11282348632812 22.759201049804688),1706
Điện Máy Xanh - Điện máy Xanh Tổ 3,"Điện máy Xanh Tổ 3, Phường Sa Pa, Tỉnh Lào Cai, Việt Nam",POINT (103.85099792480469 22.3386173248291),2193
Thế Giới Di Động - Thế giới di động Tổ 4A,"Thế giới di động Tổ 4A, Phường Sa Pa, Tỉnh Lào Cai, Việt Nam",POINT (103.85037231445312 22.3372859954834),461
Điện Máy Xanh - Điện máy Xanh Tổ dân phố phố mới,"Điện máy Xanh Tổ dân phố phố mới, Xã Si Ma Cai, Tỉnh Lào Cai, Việt Nam",POINT (104.29045867919922 22.696407318115234),9863
Điện Máy Xanh - Điện máy Xanh Đường Quang Trung,"Điện máy Xanh Đường Quang Trung, Xã Văn Bàn, Tỉnh Lào Cai, Việt Nam",POINT (104.2525863647461 22.089675903320312),1081
Điện Máy Xanh - Điện máy Xanh Khu 02,"Điện máy Xanh Khu 02, Xã Bảo Lâm 1, Tỉnh Lâm Đồng, Việt Nam",POINT (107.83973693847656 11.625492095947266),7608
Thế Giới Di Động - Thế giới di động Số 20 đường Trần Phú,"Thế giới di động Số 20 đường Trần Phú, Xã Bảo Lâm 1, Tỉnh Lâm Đồng, Việt Nam",POINT (107.8398208618164 11.627043724060059),1557
Điện Máy Xanh - Điện máy Xanh 583 Trần Phú,"Điện máy Xanh 583 Trần Phú, Phường B'Lao, Tỉnh Lâm Đồng, Việt Nam",POINT (107.81036376953125 11.542900085449219),617
Điện Máy Xanh - Điện máy Xanh QL20,"Điện máy Xanh QL20, Thôn 1, Xã Bảo Lâm 2, Tỉnh Lâm Đồng, Việt Nam",POINT (107.90160369873047 11.54665756225586),1898
Điện Máy Xanh - Điện máy Xanh 503 Nguyễn Văn Cừ,"Điện máy Xanh 503 Nguyễn Văn Cừ, Phường 1 Bảo Lộc, Tỉnh Lâm Đồng, Việt Nam",POINT (107.83946228027344 11.561456680297852),4857
Điện Máy Xanh - Điện máy Xanh Số 738-740-742-742A-744 đường Trần Phú,"Điện máy Xanh Số 738-740-742-742A-744 đường Trần Phú, Phường 3 Bảo Lộc, Tỉnh Lâm Đồng, Việt Nam",POINT (107.78495025634766 11.535569190979004),5123
Điện Máy Xanh - Điện máy Xanh Đường Quốc Lộ 20,"Điện máy Xanh Đường Quốc Lộ 20, Xã Hòa Ninh, Tỉnh Lâm Đồng, Việt Nam",POINT (107.94406127929688 11.539159774780273),8549
Điện Máy Xanh - Điện máy Xanh Số 1142 Đường Quốc Lộ 20,"Điện máy Xanh Số 1142 Đường Quốc Lộ 20, Thôn 1, Xã Đại Lào, Thành phố Bảo Lộc, Tỉnh Lâm Đồng, Việt Nam",POINT (107.74951934814453 11.511954307556152),8831
Điện Máy Xanh - Điện máy Xanh Đường Quốc Lộ 55,"Điện máy Xanh Đường Quốc Lộ 55, Xã Bảo Lâm 3, Tỉnh Lâm Đồng, Việt Nam",POINT (107.8343734741211 11.449925422668457),7885
Thế Giới Di Động - Thế giới di động Số 215 - 217 Trần Phú,"Thế giới di động Số 215 - 217 Trần Phú, Phường B'Lao, Tỉnh Lâm Đồng, Việt Nam",POINT (107.82328796386719 11.535000801086426),936
Thế Giới Di Động - Thế giới di động 581 Trần Phú,"Thế giới di động 581 Trần Phú, Phường B'Lao, Tỉnh Lâm Đồng, Việt Nam",POINT (107.8105239868164 11.542718887329102),825
Thế Giới Di Động - Thế giới di động 853A-855 Trần Phú (ngã 3 Huỳnh Thúc Kháng),"Thế giới di động 853A-855 Trần Phú (ngã 3 Huỳnh Thúc Kháng), Phường B'Lao, Tỉnh Lâm Đồng, Việt Nam",POINT (107.79959869384766 11.540958404541016),2801
Điện Máy Xanh - Điện máy Xanh Khu 06,"Điện máy Xanh Khu 06, Đường Phạm Văn Đồng, Xã Cát Tiên, Tỉnh Lâm Đồng, Việt Nam",POINT (107.36052703857422 11.584667205810547),7518
Điện Máy Xanh - Điện máy Xanh Đường Quốc lộ ĐT 721,"Điện máy Xanh Đường Quốc lộ ĐT 721, Xã Cát Tiên 2, Tỉnh Lâm Đồng, Việt Nam",POINT (107.31230926513672 11.565447807312012),8709
Điện Máy Xanh - Điện máy Xanh 734 Hùng Vương,"Điện máy Xanh 734 Hùng Vương, Xã Đạ Huoai, Tỉnh Lâm Đồng, Việt Nam",POINT (107.53655242919922 11.386054992675781),2800
Điện Máy Xanh - Điện máy Xanh Đường Quốc Lộ 20,"Điện máy Xanh Đường Quốc Lộ 20, Khu Phố 3, Xã Đạ Huoai 2, Tỉnh Lâm Đồng, Việt Nam",POINT (107.65913391113281 11.410770416259766),7723
Điện Máy Xanh - Điện máy Xanh 19-25 Lê Đại Hành,"Điện máy Xanh 19-25 Lê Đại Hành, Phường Xuân Hương - Đà Lạt, Tỉnh Lâm Đồng, Việt Nam",POINT (108.43824005126953 11.938827514648438),10902
Điện Máy Xanh - Điện máy Xanh Số 25-27 Nguyễn Văn Cừ,"Điện máy Xanh Số 25-27 Nguyễn Văn Cừ, Phường Xuân Hương - Đà Lạt, Tỉnh Lâm Đồng, Việt Nam",POINT (108.43242645263672 11.940103530883789),355
Điện Máy Xanh - Điện máy Xanh 257 Phan Đình Phùng,"Điện máy Xanh 257 Phan Đình Phùng, Phường Xuân Hương - Đà Lạt, Tỉnh Lâm Đồng, Việt Nam",POINT (108.43547058105469 11.948705673217773),5416
Điện Máy Xanh - Điện máy Xanh 33 Phan Chu Trinh,"Điện máy Xanh 33 Phan Chu Trinh, Phường Lâm Viên - Đà Lạt, Tỉnh Lâm Đồng, Việt Nam",POINT (108.46607971191406 11.951693534851074),2455
Điện Máy Xanh - Điện máy Xanh Thôn Tự Phước,"Điện máy Xanh Thôn Tự Phước, Phường Xuân Trường - Đà Lạt, Tỉnh Lâm Đồng, Việt Nam",POINT (108.49683380126953 11.945388793945312),2329
Điện Máy Xanh - Điện máy Xanh Quốc lộ 27,"Điện máy Xanh Quốc lộ 27, Xã Ka Đô, Tỉnh Lâm Đồng, Việt Nam",POINT (108.52831268310547 11.78101634979248),12238
Điện Máy Xanh - Điện máy Xanh Số 187 đường Xô Viết Nghệ Tĩnh,"Điện máy Xanh Số 187 đường Xô Viết Nghệ Tĩnh, Phường Lang Biang - Đà Lạt, Tỉnh Lâm Đồng, Việt Nam",POINT (108.4275894165039 11.969674110412598),2545
Điện Máy Xanh - Điện máy Xanh 162/3 QL20,"Điện máy Xanh 162/3 QL20, Thôn Xuân Trường 1, Phường Xuân Trường - Đà Lạt, Tỉnh Lâm Đồng, Việt Nam",POINT (108.54832458496094 11.887395858764648),7886
Thế Giới Di Động - Thế giới di động Số 116 Đường 3/2,"Thế giới di động Số 116 Đường 3/2, Phường Cam Ly - Đà Lạt, Tỉnh Lâm Đồng, Việt Nam",POINT (108.43155670166016 11.940849304199219),225
Thế Giới Di Động - Thế giới di động Số 18 đường Phan Chu Trinh,"Thế giới di động Số 18 đường Phan Chu Trinh, Phường Lâm Viên - Đà Lạt, Tỉnh Lâm Đồng, Việt Nam",POINT (108.46488952636719 11.949946403503418),1279
Thế Giới Di Động - Thế giới di động Số 224-224A-224B đường Phan Đình Phùng,"Thế giới di động Số 224-224A-224B đường Phan Đình Phùng, Phường Xuân Hương - Đà Lạt, Tỉnh Lâm Đồng, Việt Nam",POINT (108.43504333496094 11.949850082397461),1402
Thế Giới Di Động - Thế giới di động Số 314 -316 Bùi Thị Xuân,"Thế giới di động Số 314 -316 Bùi Thị Xuân, Phường Xuân Hương - Đà Lạt, Tỉnh Lâm Đồng, Việt Nam",POINT (108.4421615600586 11.954303741455078),318
Thế Giới Di Động - Thế giới di động 343 Hai Bà Trưng,"Thế giới di động 343 Hai Bà Trưng, Phường Cam Ly - Đà Lạt, Tỉnh Lâm Đồng, Việt Nam",POINT (108.43025970458984 11.954224586486816),15890
Điện Máy Xanh - Điện máy Xanh Đường Quốc Lộ 27,"Điện máy Xanh Đường Quốc Lộ 27, Thôn Trung Tâm, Xã Đam Rông 1, Tỉnh Lâm Đồng, Việt Nam",POINT (108.13658142089844 11.939346313476562),10030
Điện Máy Xanh - Điện máy Xanh Đường ĐT 722,"Điện máy Xanh Đường ĐT 722, Thôn 1, Xã Rô Men, Huyện Đam Rông, Tỉnh Lâm Đồng, Việt Nam.",POINT (108.14485168457031 12.058687210083008),10029
Điện Máy Xanh - Điện máy Xanh Số 980A Hùng Vương,"Điện máy Xanh Số 980A Hùng Vương, Xã Di Linh, Tỉnh Lâm Đồng, Việt Nam",POINT (108.0783462524414 11.586880683898926),525
Điện Máy Xanh - Điện máy Xanh Quốc Lộ 20,"Điện máy Xanh Quốc Lộ 20, Xã Bảo Thuận, Tỉnh Lâm Đồng, Việt Nam",POINT (108.11189270019531 11.613507270812988),7722
Điện Máy Xanh - Điện máy Xanh Xã Hòa Bắc,"Điện máy Xanh Xã Hòa Bắc, Tỉnh Lâm Đồng, Việt Nam",POINT (107.95645904541016 11.472504615783691),12799
Điện Máy Xanh - Điện máy Xanh Số 49/2 đường Ấp Bắc,"Điện máy Xanh Số 49/2 đường Ấp Bắc, Phường Đạo Thạnh, Tỉnh Đồng Tháp, Việt Nam",POINT (106.34850311279297 10.372420310974121),15512
Điện Máy Xanh - Điện máy Xanh Thôn 2,"Điện máy Xanh Thôn 2, Xã Hòa Bắc, Tỉnh Lâm Đồng, Việt Nam",POINT (107.90275573730469 11.473676681518555),10164
Điện Máy Xanh - Điện máy Xanh Đường Quốc lộ 20,"Điện máy Xanh Đường Quốc lộ 20, Xã Gia Hiệp, Tỉnh Lâm Đồng, Việt Nam",POINT (108.18213653564453 11.627694129943848),8259
Điện Máy Xanh - Điện máy Xanh Đường Quốc Lộ 28,"Điện máy Xanh Đường Quốc Lộ 28, Xã Đinh Trang Thượng, Tỉnh Lâm Đồng, Việt Nam",POINT (107.98603057861328 11.675530433654785),8302
Thế Giới Di Động - Thế giới di động 839 Hùng Vương,"Thế giới di động 839 Hùng Vương, KP. 10 (đối diện chợ Di Linh), Xã Di Linh, Tỉnh Lâm Đồng, Việt Nam",POINT (108.07862854003906 11.593591690063477),2273
Điện Máy Xanh - Điện máy Xanh Số 329-331 QL 27 (đường 2 tháng 4),"Điện máy Xanh Số 329-331 QL 27 (đường 2 tháng 4), Tổ dân phố nghĩa lập 1, Xã Đơn Dương, Tỉnh Lâm Đồng, Việt Nam",POINT (108.48307037353516 11.760113716125488),1984
Điện Máy Xanh - Điện máy Xanh Đường Quốc Lộ 27,"Điện máy Xanh Đường Quốc Lộ 27, Xã D'Ran, Tỉnh Lâm Đồng, Việt Nam",POINT (108.60199737548828 11.845556259155273),8260
Thế Giới Di Động - Thế giới di động Số nhà 159 - 161 đường 2 tháng 4,"Thế giới di động Số nhà 159 - 161 đường 2 tháng 4, Khu Phố Thạnh Nghĩa, Xã Đơn Dương, Tỉnh Lâm Đồng, Việt Nam",POINT (108.49311828613281 11.760967254638672),1170
Điện Máy Xanh - Điện máy Xanh Số 462 - 464 Quốc Lộ 20,"Điện máy Xanh Số 462 - 464 Quốc Lộ 20, Khu Phố 2, Xã Đức Trọng, Tỉnh Lâm Đồng, Việt Nam",POINT (108.37223052978516 11.730538368225098),743
Điện Máy Xanh - Điện máy Xanh Số 10/13 Quốc Lộ 20,"Điện máy Xanh Số 10/13 Quốc Lộ 20, Xã Hiệp Thạnh, Tỉnh Lâm Đồng, Việt Nam",POINT (108.41043090820312 11.783007621765137),1701
Điện Máy Xanh - Điện máy Xanh Quốc lộ 20,"Điện máy Xanh Quốc lộ 20, Xã Ninh Gia, Tỉnh Lâm Đồng, Việt Nam",POINT (108.3067398071289 11.633916854858398),2380
Điện Máy Xanh - Điện máy Xanh Thôn Đoàn Kết,"Điện máy Xanh Thôn Đoàn Kết, Xã Tân Hội, Tỉnh Lâm Đồng, Việt Nam",POINT (108.31214141845703 11.754801750183105),13908
Điện Máy Xanh - Điện máy Xanh Đường DT 724,"Điện máy Xanh Đường DT 724, Thôn Tân Trung, Xã Tân Hội, Tỉnh Lâm Đồng, Việt Nam",POINT (108.28978729248047 11.714010238647461),8053
Thế Giới Di Động - Thế giới di động 35 - 37 Thống Nhất,"Thế giới di động 35 - 37 Thống Nhất, Xã Đức Trọng, Tỉnh Lâm Đồng, Việt Nam",POINT (108.37432861328125 11.735308647155762),866
Thế Giới Di Động - Thế giới di động Số 594 - 596 Quốc Lộ 20,"Thế giới di động Số 594 - 596 Quốc Lộ 20, KP.8, Xã Đức Trọng, Tỉnh Lâm Đồng, Việt Nam",POINT (108.3697509765625 11.727436065673828),923
Thế Giới Di Động - Thế giới di động Đường QL20,"Thế giới di động Đường QL20, thôn Phi Nôm, Xã Hiệp Thạnh, Tỉnh Lâm Đồng, Việt Nam",POINT (108.4119644165039 11.784282684326172),10825
Điện Máy Xanh - Điện máy Xanh Số 86 Lang Biang,"Điện máy Xanh Số 86 Lang Biang, Phường Lang Biang - Đà Lạt, Tỉnh Lâm Đồng, Việt Nam",POINT (108.41706085205078 12.007393836975098),4256
Điện Máy Xanh - Điện máy Xanh Xã Lạc Dương,"Điện máy Xanh Xã Lạc Dương, Tỉnh Lâm Đồng, Việt Nam",POINT (108.5501708984375 12.099782943725586),12754
Điện Máy Xanh - Điện máy Xanh 624 Hùng Vương,"Điện máy Xanh 624 Hùng Vương, Xã Đinh Văn Lâm Hà, Tỉnh Lâm Đồng, Việt Nam",POINT (108.24809265136719 11.787342071533203),1536
Điện Máy Xanh - Điện máy Xanh Tổ dân phố Đông Anh 2,"Điện máy Xanh Tổ dân phố Đông Anh 2, Xã Nam Ban Lâm Hà, Tỉnh Lâm Đồng, Việt Nam",POINT (108.34224700927734 11.843329429626465),2189
Điện Máy Xanh - Điện máy Xanh Thôn Liên Trung,"Điện máy Xanh Thôn Liên Trung, Xã Tân Hà Lâm Hà, Tỉnh Lâm Đồng, Việt Nam",POINT (108.19606018066406 11.746720314025879),2429
Điện Máy Xanh - Điện máy Xanh Thôn R'lơm,"Điện máy Xanh Thôn R'lơm, Xã Phú Sơn Lâm Hà, Tỉnh Lâm Đồng, Việt Nam",POINT (108.2136001586914 11.850586891174316),8778
Thế Giới Di Động - Thế giới di động 753 - 755 Hùng Vương,"Thế giới di động 753 - 755 Hùng Vương, KP Bồ Liêng, Xã Đinh Văn Lâm Hà, Tỉnh Lâm Đồng, Việt Nam",POINT (108.2417984008789 11.790032386779785),268
Điện Máy Xanh - Điện máy Xanh Quốc lộ 27,"Điện máy Xanh Quốc lộ 27, Thôn Phi Có, Xã Đam Rông 3, Tỉnh Lâm Đồng, Việt Nam",POINT (108.13553619384766 12.178415298461914),4930
Điện Máy Xanh - Điện máy Xanh Thôn Đà Lâm,"Điện máy Xanh Thôn Đà Lâm, Xã Tà Hine, Tỉnh Lâm Đồng, Việt Nam",POINT (108.38627624511719 11.576820373535156),7831
Điện Máy Xanh - Điện máy Xanh Phố Trần Phú,"Điện máy Xanh Phố Trần Phú, Xã Bắc Sơn, Tỉnh Lạng Sơn, Việt Nam",POINT (106.3260498046875 21.902009963989258),4655
Thế Giới Di Động - Thế giới di động Tiểu khu Lê Hồng Phong,"Thế giới di động Tiểu khu Lê Hồng Phong, Xã Bắc Sơn, Tỉnh Lạng Sơn, Việt Nam",POINT (106.32034301757812 21.90101432800293),1510
Điện Máy Xanh - Điện máy Xanh Đường Quốc Lộ 1B,"Điện máy Xanh Đường Quốc Lộ 1B, thôn Ngã Tư, Xã Bình Gia, Tỉnh Lạng Sơn, Việt Nam",POINT (106.37593841552734 21.951847076416016),5317
Thế Giới Di Động - Thế giới di động Số 263,"Thế giới di động Số 263, Quốc Lộ 4B (Lộc Bình), Khu Lao Động, Xã Lộc Bình, Tỉnh Lạng Sơn, Việt Nam",POINT (106.92195892333984 21.76180076599121),1153
Điện Máy Xanh - Điện máy Xanh Thôn Pha Lác,"Điện máy Xanh Thôn Pha Lác, Xã Chi Lăng, Tỉnh Lạng Sơn, Việt Nam",POINT (106.50252532958984 21.57656478881836),5088
Điện Máy Xanh - Điện máy Xanh Phố Hoà Bình 1,"Điện máy Xanh Phố Hoà Bình 1, Xã Chi Lăng, Tỉnh Lạng Sơn, Việt Nam",POINT (106.57660675048828 21.657787322998047),12270
Thế Giới Di Động - Thế giới di động Số 64,"Thế giới di động Số 64, đường Đại Huề, khu Chính, Xã Chi Lăng, Tỉnh Lạng Sơn, Việt Nam",POINT (106.57850646972656 21.657299041748047),1207
Điện Máy Xanh - Điện máy Xanh Khu 8,"Điện máy Xanh Khu 8, Xã Đình Lập, Tỉnh Lạng Sơn, Việt Nam",POINT (107.09556579589844 21.548978805541992),9921
Điện Máy Xanh - Điện máy Xanh 99 Chi Lăng,"Điện máy Xanh 99 Chi Lăng, Khu An Ninh, Xã Hữu Lũng, Tỉnh Lạng Sơn, Việt Nam",POINT (106.34583282470703 21.507999420166016),1801
Thế Giới Di Động - Thế giới di động Khu An Ninh,"Thế giới di động Khu An Ninh, Xã Hữu Lũng, Tỉnh Lạng Sơn, Việt Nam",POINT (106.34403991699219 21.50594711303711),1234
Điện Máy Xanh - Điện máy Xanh Tổ 4,"Điện máy Xanh Tổ 4, khối 5, Phường Kỳ Lừa, Tỉnh Lạng Sơn, Việt Nam",POINT (106.76448822021484 21.866222381591797),3945
Điện Máy Xanh - Điện máy Xanh 69 Ngô Quyền,"Điện máy Xanh 69 Ngô Quyền, Phường Đông Kinh, Tỉnh Lạng Sơn, Việt Nam",POINT (106.76705169677734 21.853633880615234),557
Điện Máy Xanh - Điện máy Xanh Khu Nam Quan,"Điện máy Xanh Khu Nam Quan, Xã Đồng Đăng, Tỉnh Lạng Sơn, Việt Nam",POINT (106.69949340820312 21.95025062561035),2078
Điện Máy Xanh - Điện máy Xanh 206 Trần Đăng Ninh,"Điện máy Xanh 206 Trần Đăng Ninh, Phường Kỳ Lừa, Tỉnh Lạng Sơn, Việt Nam",POINT (106.75636291503906 21.85824966430664),2542
Điện Máy Xanh - Điện máy Xanh Số 29 Trần Đăng Ninh,"Điện máy Xanh Số 29 Trần Đăng Ninh, Phường Tam Thanh, Tỉnh Lạng Sơn, Việt Nam",POINT (106.75730895996094 21.851953506469727),13107
Thế Giới Di Động - Thế giới di động Số 143 - 145 đường Nguyễn Đình Lộc,"Thế giới di động Số 143 - 145 đường Nguyễn Đình Lộc, Xã Đồng Đăng, Tỉnh Lạng Sơn, Việt Nam",POINT (106.699462890625 21.9515438079834),1009
Thế Giới Di Động - Thế giới di động Số 209 Trần Đăng Ninh,"Thế giới di động Số 209 Trần Đăng Ninh, Phường Tam Thanh, Tỉnh Lạng Sơn, Việt Nam",POINT (106.75501251220703 21.861621856689453),1586
Thế Giới Di Động - Thế giới di động Số 33 Trần Đăng Ninh,"Thế giới di động Số 33 Trần Đăng Ninh, Khối 1, Phường Tam Thanh, Tỉnh Lạng Sơn, Việt Nam",POINT (106.7551040649414 21.852020263671875),12328
Thế Giới Di Động - Thế giới di động Tổ 1,"Thế giới di động Tổ 1, Khối 8, đường Ngô Quyền, Phường Đông Kinh, Tỉnh Lạng Sơn, Việt Nam",POINT (106.771240234375 21.8532772064209),447
Điện Máy Xanh - Điện máy Xanh Khu Nhà Thờ,"Điện máy Xanh Khu Nhà Thờ, Xã Lộc Bình, Tỉnh Lạng Sơn, Việt Nam",POINT (106.92256164550781 21.759654998779297),2154
Điện Máy Xanh - Điện máy Xanh Khu 5B,"Điện máy Xanh Khu 5B, Xã Na Dương, Tỉnh Lạng Sơn, Việt Nam",POINT (106.96929168701172 21.69577980041504),7975
Điện Máy Xanh - Điện máy Xanh Đường Hoàng Văn Thụ,"Điện máy Xanh Đường Hoàng Văn Thụ, khu 2, Xã Thất Khê, Tỉnh Lạng Sơn, Việt Nam",POINT (106.47527313232422 22.255796432495117),8580
Thế Giới Di Động - Thế giới di động Khu II (Cạnh cây xăng khu II - đối diện chợ Thất Khê).,"Thế giới di động Khu II (Cạnh cây xăng khu II - đối diện chợ Thất Khê)., Xã Thất Khê, Tỉnh Lạng Sơn, Việt Nam",POINT (106.4736099243164 22.255962371826172),1595
Điện Máy Xanh - Điện máy Xanh Khu II,"Điện máy Xanh Khu II, Xã Na Sầm, Tỉnh Lạng Sơn, Việt Nam",POINT (106.61335754394531 22.05478858947754),1600
Điện Máy Xanh - Điện máy Xanh Phố Đức Tâm II,"Điện máy Xanh Phố Đức Tâm II, Xã Văn Quan, Tỉnh Lạng Sơn, Việt Nam",POINT (106.53742980957031 21.865434646606445),4608
Điện Máy Xanh - Điện máy Xanh Khu 4B Tỉnh lộ 489,"Điện máy Xanh Khu 4B Tỉnh lộ 489, Xã Giao Thủy, Tỉnh Ninh Bình, Việt Nam",POINT (106.44383239746094 20.280563354492188),85
Điện Máy Xanh - Điện máy Xanh Xóm 5,"Điện máy Xanh Xóm 5, Xã Giao Hòa, Tỉnh Ninh Bình, Việt Nam",POINT (106.49120330810547 20.26464080810547),9357
Điện Máy Xanh - Điện máy Xanh Xóm 05 - Quyết Tiến,"Điện máy Xanh Xóm 05 - Quyết Tiến, Xã Giao Thủy, Tỉnh Ninh Bình, Việt Nam",POINT (106.39588928222656 20.282297134399414),12836
Điện Máy Xanh - Điện máy Xanh Khu Lâm Quý,"Điện máy Xanh Khu Lâm Quý, Xã Giao Ninh, Tỉnh Ninh Bình, Việt Nam",POINT (106.36689758300781 20.20874786376953),5266
Điện Máy Xanh - Điện máy Xanh Xóm 16,"Điện máy Xanh Xóm 16, Xã Hải Anh, Tỉnh Ninh Bình, Việt Nam",POINT (106.2613525390625 20.205102920532227),5243
Điện Máy Xanh - Điện máy Xanh Xóm 15 Trung Lễ,"Điện máy Xanh Xóm 15 Trung Lễ, Xã Hải Hưng, Tỉnh Ninh Bình, Việt Nam",POINT (106.30561828613281 20.1986083984375),426
Điện Máy Xanh - Điện máy Xanh Khu 4B,"Điện máy Xanh Khu 4B, Thị Trấn Cồn, huyện Hải Hậu, tỉnh Nam Định, Việt Nam",POINT (106.27867126464844 20.123472213745117),9771
Điện Máy Xanh - Điện máy Xanh Xóm 9,"Điện máy Xanh Xóm 9, Xã Hải Thịnh, Tỉnh Ninh Bình, Việt Nam",POINT (106.22026824951172 20.041135787963867),8359
Thế Giới Di Động - Thế giới di động Xã Hải Hậu,"Thế giới di động Xã Hải Hậu, Tỉnh Ninh Bình, Việt Nam",POINT (106.29624938964844 20.200563430786133),10294
Điện Máy Xanh - Điện máy Xanh Số 107 quốc lộ 10,"Điện máy Xanh Số 107 quốc lộ 10, Xã Lộc Hoà, Thành phố Nam Định, Tỉnh Nam Định, Việt Nam",POINT (106.15393829345703 20.4383544921875),3951
Điện Máy Xanh - Điện máy Xanh 2e Đại Lộ Đông A,"Điện máy Xanh 2e Đại Lộ Đông A, Tổ 4, Phường Nam Định, Tỉnh Ninh Bình, Việt Nam",POINT (106.16313934326172 20.434783935546875),1537
Điện Máy Xanh - Điện máy Xanh Thửa đất 6106,"Điện máy Xanh Thửa đất 6106, tờ bản đồ 6, Phường Hồng Quang, Tỉnh Ninh Bình, Việt Nam",POINT (106.2174072265625 20.383920669555664),8276
Thế Giới Di Động - Thế giới di động 157 Trần Hưng Đạo,"Thế giới di động 157 Trần Hưng Đạo, Phường Nam Định, Tỉnh Ninh Bình, Việt Nam",POINT (106.17578125 20.42615509033203),709
Thế Giới Di Động - Thế giới di động Số 258,"Thế giới di động Số 258, Đường Hàn Thuyên, Phường Nam Định, Tỉnh Ninh Bình, Việt Nam",POINT (106.18560791015625 20.438562393188477),1063
Thế Giới Di Động - Thế giới di động Số 458 - 460 - 462 Trần Hưng Đạo,"Thế giới di động Số 458 - 460 - 462 Trần Hưng Đạo, Phường Nam Định, Tỉnh Ninh Bình, Việt Nam",POINT (106.17083740234375 20.432531356811523),1127
Thế Giới Di Động - Thế giới di động Số 570-572 Giải Phóng,"Thế giới di động Số 570-572 Giải Phóng, Phường Trường Thi, Tỉnh Ninh Bình, Việt Nam",POINT (106.16065216064453 20.41775131225586),1654
Thế Giới Di Động - Thế giới di động Số 91-91A,"Thế giới di động Số 91-91A, tổ 34, đường Điện Biên, Phường Nam Định, Tỉnh Ninh Bình, Việt Nam",POINT (106.16383361816406 20.429931640625),11480
Điện Máy Xanh - Điện máy Xanh Xã Nam Minh,"Điện máy Xanh Xã Nam Minh, Tỉnh Ninh Bình, Việt Nam",POINT (106.1755599975586 20.328336715698242),1425
Điện Máy Xanh - Điện máy Xanh Thôn Thượng Nông,"Điện máy Xanh Thôn Thượng Nông, Xã Nam Minh, Tỉnh Ninh Bình, Việt Nam",POINT (106.21375274658203 20.32338523864746),8061
Điện Máy Xanh - Điện máy Xanh Thôn Cổ Giả,"Điện máy Xanh Thôn Cổ Giả, Xã Nam Minh, Tỉnh Ninh Bình, Việt Nam",POINT (106.22210693359375 20.299489974975586),10157
Điện Máy Xanh - Điện máy Xanh TDP 01,"Điện máy Xanh TDP 01, Xã Nghĩa Hưng, Tỉnh Ninh Bình, Việt Nam",POINT (106.1818618774414 20.22341537475586),6351
Điện Máy Xanh - Điện máy Xanh Xóm 12,"Điện máy Xanh Xóm 12, Xã Nghĩa Hưng, Tỉnh Ninh Bình, Việt Nam",POINT (106.13494110107422 20.235769271850586),8027
Điện Máy Xanh - Điện máy Xanh Xóm Ngọc Tỉnh,"Điện máy Xanh Xóm Ngọc Tỉnh, Xã Quỹ Nhất, Tỉnh Ninh Bình, Việt Nam",POINT (106.17446899414062 20.00975227355957),11999
Điện Máy Xanh - Điện máy Xanh Đội 1,"Điện máy Xanh Đội 1, Xã Quỹ Nhất, Tỉnh Ninh Bình, Việt Nam",POINT (106.18614959716797 20.056249618530273),8306
Điện Máy Xanh - Điện máy Xanh Xã Quỹ Nhất,"Điện máy Xanh Xã Quỹ Nhất, Tỉnh Ninh Bình, Việt Nam",POINT (106.1434326171875 20.051128387451172),9340
Thế Giới Di Động - Thế giới di động Xã Rạng Đông,"Thế giới di động Xã Rạng Đông, Tỉnh Ninh Bình, Việt Nam",POINT (106.1781997680664 19.997161865234375),1246
Điện Máy Xanh - Điện máy Xanh Xã Yên Đồng,"Điện máy Xanh Xã Yên Đồng, Tỉnh Ninh Bình, Việt Nam",POINT (106.06852722167969 20.24951171875),9003
Điện Máy Xanh - Điện máy Xanh Đường 21B,"Điện máy Xanh Đường 21B, Xã Cổ Lễ, Tỉnh Ninh Bình, Việt Nam",POINT (106.27020263671875 20.314008712768555),7308
Điện Máy Xanh - Điện máy Xanh Xóm Bắc Thịnh,"Điện máy Xanh Xóm Bắc Thịnh, Xã Cát Thành, Tỉnh Ninh Bình, Việt Nam",POINT (106.27306365966797 20.261207580566406),9291
Điện Máy Xanh - Điện máy Xanh Thôn 1,"Điện máy Xanh Thôn 1, Xã Quang Hưng, Tỉnh Ninh Bình, Việt Nam",POINT (106.17938995361328 20.247039794921875),9356
Thế Giới Di Động - Thế giới di động Số 186 đường 21B,"Thế giới di động Số 186 đường 21B, Xã Cổ Lễ, Tỉnh Ninh Bình, Việt Nam",POINT (106.26541137695312 20.323087692260742),505
Điện Máy Xanh - Điện máy Xanh Ngay Cầu Dần,"Điện máy Xanh Ngay Cầu Dần, Xã Hiển Khánh, Tỉnh Ninh Bình, Việt Nam",POINT (106.09069061279297 20.38201904296875),1094
Điện Máy Xanh - Điện máy Xanh Thửa đất số 434,"Điện máy Xanh Thửa đất số 434, tờ bản đồ số 14, Xã Vụ Bản, Tỉnh Ninh Bình, Việt Nam",POINT (106.07369995117188 20.331506729125977),5185
Điện Máy Xanh - Điện máy Xanh Đội 6,"Điện máy Xanh Đội 6, Xã Liên Minh, Tỉnh Ninh Bình, Việt Nam",POINT (106.10980987548828 20.34828758239746),9130
Thế Giới Di Động - Thế giới di động Ngã 4 Gôi - phố Non Côi,"Thế giới di động Ngã 4 Gôi - phố Non Côi, Xã Vụ Bản, Tỉnh Ninh Bình, Việt Nam",POINT (106.07443237304688 20.33169174194336),1247
Điện Máy Xanh - Điện máy Xanh Đường Liên Xã Mới,"Điện máy Xanh Đường Liên Xã Mới, Xã Xuân Trường, Tỉnh Ninh Bình, Việt Nam",POINT (106.34398651123047 20.291500091552734),5410
Điện Máy Xanh - Điện máy Xanh Xóm 10,"Điện máy Xanh Xóm 10, Xã Xuân Hồng, Tỉnh Ninh Bình, Việt Nam",POINT (106.32807159423828 20.32969093322754),8280
Điện Máy Xanh - Điện máy Xanh Đường 38B,"Điện máy Xanh Đường 38B, Xã Ý Yên, Tỉnh Ninh Bình, Việt Nam",POINT (106.01226806640625 20.326330184936523),11960
Điện Máy Xanh - Điện máy Xanh Xóm Đề Thám,"Điện máy Xanh Xóm Đề Thám, Xã Ninh Cường, Tỉnh Ninh Bình, Việt Nam",POINT (106.215087890625 20.200490951538086),8265
Điện Máy Xanh - Điện máy Xanh Xóm 3,"Điện máy Xanh Xóm 3, Thôn Đồng Lạc, Xã Nghĩa Sơn, Tỉnh Ninh Bình, Việt Nam",POINT (106.17913055419922 20.1112060546875),8935
Điện Máy Xanh - Điện máy Xanh Khối 4A,"Điện máy Xanh Khối 4A, Xã Anh Sơn, Tỉnh Nghệ An, Việt Nam",POINT (105.08330535888672 18.93238639831543),8928
Điện Máy Xanh - Điện máy Xanh Thôn 8,"Điện máy Xanh Thôn 8, Xã Nhân Hòa, Tỉnh Nghệ An, Việt Nam",POINT (104.9654312133789 19.02819061279297),8929
Thế Giới Di Động - Thế giới di động Khối 4B (Cách chợ Anh Sơn 30m),"Thế giới di động Khối 4B (Cách chợ Anh Sơn 30m), Xã Anh Sơn, Tỉnh Nghệ An, Việt Nam",POINT (105.0832290649414 18.932085037231445),2298
Điện Máy Xanh - Điện máy Xanh Khối 4,"Điện máy Xanh Khối 4, Xã Con Cuông, Tỉnh Nghệ An, Việt Nam",POINT (104.87538146972656 19.052404403686523),4792
Thế Giới Di Động - Thế giới di động Khối 4,"Thế giới di động Khối 4, Xã Con Cuông, Tỉnh Nghệ An, Việt Nam",POINT (104.87523651123047 19.05244255065918),1361
Điện Máy Xanh - Điện máy Xanh Khối 4,"Điện máy Xanh Khối 4, Xã Diễn Châu, Tỉnh Nghệ An, Việt Nam",POINT (105.60051727294922 18.97585105895996),6352
Điện Máy Xanh - Điện máy Xanh Thôn Cầu Bùng,"Điện máy Xanh Thôn Cầu Bùng, Xã Đức Châu, Tỉnh Nghệ An, Việt Nam",POINT (105.58748626708984 19.011444091796875),1394
Điện Máy Xanh - Điện máy Xanh Thửa đất số 430 tờ bản đồ 4 xóm 1,"Điện máy Xanh Thửa đất số 430 tờ bản đồ 4 xóm 1, Xã Quảng Châu, Tỉnh Nghệ An, Việt Nam",POINT (105.56655883789062 19.009174346923828),9444
Điện Máy Xanh - Điện máy Xanh Thửa đất 624 tờ bản đồ số 3 Xóm Mỹ Thượng,"Điện máy Xanh Thửa đất 624 tờ bản đồ số 3 Xóm Mỹ Thượng, Xã Hải Châu, Tỉnh Nghệ An, Việt Nam",POINT (105.61901092529297 19.066226959228516),9290
Điện Máy Xanh - Điện máy Xanh Khối 4,"Điện máy Xanh Khối 4, Xã Đô Lương, Tỉnh Nghệ An, Việt Nam",POINT (105.30936431884766 18.900381088256836),7304
Thế Giới Di Động - Thế giới di động Đường Đội Cung,"Thế giới di động Đường Đội Cung, Khối 3, Xã Đô Lương, Tỉnh Nghệ An, Việt Nam",POINT (105.31072235107422 18.903602600097656),13052
Điện Máy Xanh - Điện máy Xanh Khối 3 QL 1A,"Điện máy Xanh Khối 3 QL 1A, Phường Hoàng Mai, Tỉnh Nghệ An, Việt Nam",POINT (105.71066284179688 19.252172470092773),1189
Điện Máy Xanh - Điện máy Xanh Khối 16,"Điện máy Xanh Khối 16, Phường Quỳnh Mai, Tỉnh Nghệ An, Việt Nam",POINT (105.68598937988281 19.21280860900879),8013
Điện Máy Xanh - Điện máy Xanh Xóm Chí Thành,"Điện máy Xanh Xóm Chí Thành, Xã Quỳnh Anh, Tỉnh Nghệ An, Việt Nam",POINT (105.71607208251953 19.17469596862793),10329
Điện Máy Xanh - Điện máy Xanh Xóm 3,"Điện máy Xanh Xóm 3, Xã Quỳnh Văn, Tỉnh Nghệ An, Việt Nam",POINT (105.65628051757812 19.17479133605957),8597
Điện Máy Xanh - Điện máy Xanh Xóm Nam Sơn,"Điện máy Xanh Xóm Nam Sơn, Xã Vạn An, Tỉnh Nghệ An, Việt Nam",POINT (105.49574279785156 18.701454162597656),197
Điện Máy Xanh - Điện máy Xanh Xóm Xuân Trang,"Điện máy Xanh Xóm Xuân Trang, Phường Vinh Lộc, Tỉnh Nghệ An, Việt Nam",POINT (105.7336654663086 18.749462127685547),8590
Điện Máy Xanh - Điện máy Xanh Xóm Chợ,"Điện máy Xanh Xóm Chợ, Xã Nghĩa Thọ, Tỉnh Nghệ An, Việt Nam",POINT (105.49771118164062 19.34596061706543),8059
Điện Máy Xanh - Điện máy Xanh Khối 4,"Điện máy Xanh Khối 4, Xã Quế Phong, Tỉnh Nghệ An, Việt Nam",POINT (104.92298126220703 19.608795166015625),1326
Điện Máy Xanh - Điện máy Xanh Khối 2B,"Điện máy Xanh Khối 2B, Xã Quỳ Châu, Tỉnh Nghệ An, Việt Nam",POINT (105.09629821777344 19.550981521606445),2174
Điện Máy Xanh - Điện máy Xanh Khối 4,"Điện máy Xanh Khối 4, Xã Quỳ Hợp, Tỉnh Nghệ An, Việt Nam",POINT (105.19001007080078 19.325681686401367),1419
Thế Giới Di Động - Thế giới di động Xóm Tân Mỹ,"Thế giới di động Xóm Tân Mỹ, Xã Tam Hợp, Tỉnh Nghệ An, Việt Nam",POINT (105.28121948242188 19.359901428222656),1327
Điện Máy Xanh - Điện máy Xanh QL1A Khối 6,"Điện máy Xanh QL1A Khối 6, Xã Quỳnh Lưu, Tỉnh Nghệ An, Việt Nam",POINT (105.62642669677734 19.142492294311523),3960
Điện Máy Xanh - Điện máy Xanh Thôn 5,"Điện máy Xanh Thôn 5, Xã Quỳnh Phú, Tỉnh Nghệ An, Việt Nam",POINT (105.71449279785156 19.127437591552734),8288
Điện Máy Xanh - Điện máy Xanh Thôn 5,"Điện máy Xanh Thôn 5, Xã Quỳnh Văn, Tỉnh Nghệ An, Việt Nam",POINT (105.6403579711914 19.232807159423828),10500
Điện Máy Xanh - Điện máy Xanh Xóm 13,"Điện máy Xanh Xóm 13, Xã Quỳnh Phú, Tỉnh Nghệ An, Việt Nam",POINT (105.67185974121094 19.108890533447266),8264
Thế Giới Di Động - Thế giới di động Khối 01,"Thế giới di động Khối 01, đường quốc lộ 1A, Xã Quỳnh Lưu, Tỉnh Nghệ An, Việt Nam",POINT (105.63066864013672 19.146512985229492),608
Điện Máy Xanh - Điện máy Xanh Khối 7,"Điện máy Xanh Khối 7, Xã Tân Kỳ, Tỉnh Nghệ An, Việt Nam",POINT (105.26864624023438 19.051109313964844),2498
Điện Máy Xanh - Điện máy Xanh Xóm Cừa,"Điện máy Xanh Xóm Cừa, Xã Tân Phú, Tỉnh Nghệ An, Việt Nam",POINT (105.2784423828125 19.14278793334961),9129
Điện Máy Xanh - Điện máy Xanh Xóm Dinh,"Điện máy Xanh Xóm Dinh, Xã Tam Hợp, Tỉnh Nghệ An, Việt Nam",POINT (105.29043579101562 19.3504581451416),4793
Điện Máy Xanh - Điện máy Xanh Số 116 Kim Tân,"Điện máy Xanh Số 116 Kim Tân, Phường Thái Hòa, Tỉnh Nghệ An, Việt Nam",POINT (105.43193817138672 19.322223663330078),813
Điện Máy Xanh - Điện máy Xanh Xóm 8,"Điện máy Xanh Xóm 8, Xã Đông Hiếu, Tỉnh Nghệ An, Việt Nam",POINT (105.4856185913086 19.27056312561035),8971
Điện Máy Xanh - Điện máy Xanh Thửa đất số 1369,"Điện máy Xanh Thửa đất số 1369, tờ bản đồ số 125-57, Xóm Tuần A, Xã Quỳnh Châu, Huyện Quỳnh Lưu, Tỉnh Nghệ An, Việt Nam",POINT (105.54236602783203 19.211219787597656),9018
Thế Giới Di Động - Thế giới di động Khối Tân Thành,"Thế giới di động Khối Tân Thành, Phường Thái Hòa, Tỉnh Nghệ An, Việt Nam",POINT (105.44050598144531 19.32074737548828),6299
Điện Máy Xanh - Điện máy Xanh Khối 4,"Điện máy Xanh Khối 4, Xã Đại Đồng, Tỉnh Nghệ An, Việt Nam",POINT (105.33454132080078 18.779701232910156),72
Điện Máy Xanh - Điện máy Xanh Xóm Liên Chung,"Điện máy Xanh Xóm Liên Chung, Xã Cát Ngạn, Tỉnh Nghệ An, Việt Nam",POINT (105.25163269042969 18.83675193786621),10406
Điện Máy Xanh - Điện máy Xanh Xóm Dương Nam,"Điện máy Xanh Xóm Dương Nam, Xã Xuân Lâm, Tỉnh Nghệ An, Việt Nam",POINT (105.41844940185547 18.69940185546875),11784
Điện Máy Xanh - Điện máy Xanh Thôn Trung Đức,"Điện máy Xanh Thôn Trung Đức, Xã Kim Bảng, Tỉnh Nghệ An, Việt Nam",POINT (105.36758422851562 18.725130081176758),9185
Điện Máy Xanh - Điện máy Xanh Thửa đất 121 tờ bản đồ số 07,"Điện máy Xanh Thửa đất 121 tờ bản đồ số 07, Khối Hòa Tân, Xã Tương Dương, Tỉnh Nghệ An, Việt Nam",POINT (104.47454833984375 19.262676239013672),9362
Điện Máy Xanh - Điện máy Xanh Số 218 Lê Duẩn,"Điện máy Xanh Số 218 Lê Duẩn, Phường Trường Vinh, Tỉnh Nghệ An, Việt Nam",POINT (105.68990325927734 18.665021896362305),2326
Điện Máy Xanh - Điện máy Xanh 7 Quang Trung,"Điện máy Xanh 7 Quang Trung, Phường Thành Vinh, Tỉnh Nghệ An, Việt Nam",POINT (105.67375946044922 18.667165756225586),3949
Điện Máy Xanh - Điện máy Xanh Số 7C Nguyễn Trãi,"Điện máy Xanh Số 7C Nguyễn Trãi, Phường Vinh Hưng, Tỉnh Nghệ An, Việt Nam",POINT (105.6731185913086 18.7017765045166),1203
Điện Máy Xanh - Điện máy Xanh Xã Nghi Lộc,"Điện máy Xanh Xã Nghi Lộc, Tỉnh Nghệ An, Việt Nam",POINT (105.64610290527344 18.780149459838867),4861
Điện Máy Xanh - Điện máy Xanh Xóm Trung Tâm,"Điện máy Xanh Xóm Trung Tâm, Phường Vinh Phú, Tỉnh Nghệ An, Việt Nam",POINT (105.6850814819336 18.73992156982422),10328
Điện Máy Xanh - Điện máy Xanh Xóm Đình Tiến,"Điện máy Xanh Xóm Đình Tiến, Xã Hưng Nguyên Nam, Tỉnh Nghệ An, Việt Nam",POINT (105.60655212402344 18.614866256713867),10523
Thế Giới Di Động - Thế giới di động Số 2,"Thế giới di động Số 2, đường Đặng Thái Thân, Phường Thành Vinh, Tỉnh Nghệ An, Việt Nam",POINT (105.66455841064453 18.66701316833496),708
Thế Giới Di Động - Thế giới di động Số 180,"Thế giới di động Số 180, đường Nguyễn Du, Phường Trường Vinh, Tỉnh Nghệ An, Việt Nam",POINT (105.69652557373047 18.65757942199707),11743
Thế Giới Di Động - Thế giới di động Số 219 Lê Lợi,"Thế giới di động Số 219 Lê Lợi, Phường Thành Vinh, Tỉnh Nghệ An, Việt Nam",POINT (105.67437744140625 18.686288833618164),285
Thế Giới Di Động - Thế giới di động Số 6,"Thế giới di động Số 6, đường Hà Huy Tập, Phường Vinh Phú, Tỉnh Nghệ An, Việt Nam",POINT (105.68099212646484 18.687294006347656),1395
Thế Giới Di Động - Thế giới di động Số 78 Nguyễn Thị Minh Khai,"Thế giới di động Số 78 Nguyễn Thị Minh Khai, Phường Thành Vinh, Tỉnh Nghệ An, Việt Nam",POINT (105.67684936523438 18.676536560058594),795
Thế Giới Di Động - Thế giới di động Số 92 Nguyễn Phong Sắc,"Thế giới di động Số 92 Nguyễn Phong Sắc, Phường Trường Vinh, Tỉnh Nghệ An, Việt Nam",POINT (105.69783782958984 18.68168830871582),349
Điện Máy Xanh - Điện máy Xanh Xóm 10,"Điện máy Xanh Xóm 10, Xã Hợp Minh, Tỉnh Nghệ An, Việt Nam",POINT (105.4767074584961 18.927356719970703),8793
Điện Máy Xanh - Điện máy Xanh Khối 1,"Điện máy Xanh Khối 1, Xã Yên Thành, Tỉnh Nghệ An, Việt Nam",POINT (105.47832489013672 18.998764038085938),5122
Điện Máy Xanh - Điện máy Xanh Xóm 5,"Điện máy Xanh Xóm 5, Xã Quan Thành, Tỉnh Nghệ An, Việt Nam",POINT (105.4468765258789 18.96419906616211),9389
Thế Giới Di Động - Thế giới di động Quốc lộ 7B,"Thế giới di động Quốc lộ 7B, Khối 1 (cạnh tiệm vàng Như Trịnh), Xã Yên Thành, Tỉnh Nghệ An, Việt Nam",POINT (105.47937774658203 18.998863220214844),105
Điện Máy Xanh - Điện máy Xanh Xóm Xuân Lạc,"Điện máy Xanh Xóm Xuân Lạc, Xã Đông Lộc, Tỉnh Nghệ An, Việt Nam",POINT (105.69745635986328 18.787267684936523),6051
Điện Máy Xanh - Điện máy Xanh Xóm 14,"Điện máy Xanh Xóm 14, Xã Hùng Châu, Tỉnh Nghệ An, Việt Nam",POINT (105.5772476196289 19.095970153808594),8289
Điện Máy Xanh - Điện máy Xanh Khu phố mới,"Điện máy Xanh Khu phố mới, Tỉnh lộ 477, Xã Gia Viễn, Tỉnh Ninh Bình, Việt Nam",POINT (105.83296203613281 20.34762191772461),4525
Điện Máy Xanh - Điện máy Xanh Phố Thượng Kiệm,"Điện máy Xanh Phố Thượng Kiệm, Xã Phát Diệm, Tỉnh Ninh Bình, Việt Nam",POINT (106.08557891845703 20.091150283813477),1709
Điện Máy Xanh - Điện máy Xanh Thôn Mỹ Hóa,"Điện máy Xanh Thôn Mỹ Hóa, Xã Bình Minh, Tỉnh Ninh Bình, Việt Nam",POINT (106.07058715820312 19.994728088378906),4849
Thế Giới Di Động - Thế giới di động Số 01 Phố Phát Diệm Tây,"Thế giới di động Số 01 Phố Phát Diệm Tây, Xã Phát Diệm, Tỉnh Ninh Bình, Việt Nam",POINT (106.08355712890625 20.09031867980957),362
Điện Máy Xanh - Điện máy Xanh Phố Bái,"Điện máy Xanh Phố Bái, Xã Nho Quan, Tỉnh Ninh Bình, Việt Nam",POINT (105.75086975097656 20.323225021362305),1149
Điện Máy Xanh - Điện máy Xanh Thôn Phúc Lộc,"Điện máy Xanh Thôn Phúc Lộc, Xã Quỳnh Lưu, Tỉnh Ninh Bình, Việt Nam",POINT (105.79966735839844 20.237119674682617),8023
Điện Máy Xanh - Điện máy Xanh Thôn 10,"Điện máy Xanh Thôn 10, Xã Gia Lâm, Tỉnh Ninh Bình, Việt Nam",POINT (105.77826690673828 20.37725067138672),8266
Điện Máy Xanh - Điện máy Xanh Số 2 Trần Hưng Đạo,"Điện máy Xanh Số 2 Trần Hưng Đạo, Phố Phúc Trọng, Phường Hoa Lư, Tỉnh Ninh Bình, Việt Nam",POINT (105.97427368164062 20.250398635864258),140
Điện Máy Xanh - Điện máy Xanh Thôn Đoài Hạ,"Điện máy Xanh Thôn Đoài Hạ, Phường Đông Hoa Lư, Tỉnh Ninh Bình, Việt Nam",POINT (106.00692749023438 20.243183135986328),9244
Thế Giới Di Động - Thế giới di động Số 173 Lương Văn Thăng,"Thế giới di động Số 173 Lương Văn Thăng, Phố 9, Phường Hoa Lư, Tỉnh Ninh Bình, Việt Nam",POINT (105.97435760498047 20.26353645324707),446
Điện Máy Xanh - Điện máy Xanh Số 309 Quang Trung,"Điện máy Xanh Số 309 Quang Trung, Phường Tam Điệp, Tỉnh Ninh Bình, Việt Nam",POINT (105.91452026367188 20.15458869934082),1999
Điện Máy Xanh - Điện máy Xanh Thôn Anh Trỗi,"Điện máy Xanh Thôn Anh Trỗi, Xã Quỳnh Lưu, Tỉnh Ninh Bình, Việt Nam",POINT (105.84353637695312 20.222990036010742),8554
Thế Giới Di Động - Thế giới di động Ngã 3 quân đoàn 1,"Thế giới di động Ngã 3 quân đoàn 1, QL 1A, đường Quyết Thắng, Phường Trung Sơn, Tỉnh Ninh Bình, Việt Nam",POINT (105.92169952392578 20.157697677612305),736
Điện Máy Xanh - Điện máy Xanh Thửa số 2795,"Điện máy Xanh Thửa số 2795, 2796, tờ bản đồ số 381E, Xã Gia Trấn, Tỉnh Ninh Bình, Việt Nam",POINT (105.92253875732422 20.340158462524414),5108
Điện Máy Xanh - Điện máy Xanh Phố 2,"Điện máy Xanh Phố 2, Xã Yên Khánh, Tỉnh Ninh Bình, Việt Nam",POINT (106.06358337402344 20.18230628967285),1310
Điện Máy Xanh - Điện máy Xanh Xóm 4 Sơn Đông,"Điện máy Xanh Xóm 4 Sơn Đông, Xã Yên Mạc, Tỉnh Ninh Bình, Việt Nam",POINT (106.01969146728516 20.113903045654297),10522
Điện Máy Xanh - Điện máy Xanh Khu Trung Yên,"Điện máy Xanh Khu Trung Yên, Xã Yên Mô, Tỉnh Ninh Bình, Việt Nam",POINT (106.00562286376953 20.161853790283203),1182
Điện Máy Xanh - Điện máy Xanh Thôn Lải,"Điện máy Xanh Thôn Lải, Xã Phú Sơn, Tỉnh Ninh Bình, Việt Nam",POINT (105.7332763671875 20.364839553833008),12260
Điện Máy Xanh - Điện máy Xanh 261 đường Hiếu Thiện,"Điện máy Xanh 261 đường Hiếu Thiện, Xóm 1, Xã Khánh Thiện, Tỉnh Ninh Bình, Việt Nam",POINT (106.1003189086914 20.213775634765625),9907
Điện Máy Xanh - Điện máy Xanh Thôn Mỹ Tường 2,"Điện máy Xanh Thôn Mỹ Tường 2, Xã Vĩnh Hải, Tỉnh Khánh Hòa, Việt Nam",POINT (109.11612701416016 11.582491874694824),7802
Điện Máy Xanh - Điện máy Xanh Quốc lộ 27,"Điện máy Xanh Quốc lộ 27, Thôn Hạnh Trí 1, Xã Ninh Sơn, Tỉnh Khánh Hòa, Việt Nam",POINT (108.79212188720703 11.746018409729004),2317
Thế Giới Di Động - Thế giới di động 148 Yên Ninh,"Thế giới di động 148 Yên Ninh, KP. Khánh Sơn 1, Phường Ninh Chử, Tỉnh Khánh Hòa, Việt Nam",POINT (109.03443145751953 11.595138549804688),1716
Điện Máy Xanh - Điện máy Xanh Khu quy hoạch cảng cá Cà Ná mở rộng,"Điện máy Xanh Khu quy hoạch cảng cá Cà Ná mở rộng, Huyện Thuận Nam, Tỉnh Ninh Thuận, Xã Cà Ná, Tỉnh Khánh Hòa, Việt Nam",POINT (108.88890075683594 11.343302726745605),8769
Điện Máy Xanh - Điện máy Xanh Thôn Ninh Quý,"Điện máy Xanh Thôn Ninh Quý, Xã Phước Hậu, Tỉnh Khánh Hòa, Việt Nam",POINT (108.92082977294922 11.60663890838623),10032
Điện Máy Xanh - Điện máy Xanh Thôn Sơn Hải 2,"Điện máy Xanh Thôn Sơn Hải 2, Xã Phước Dinh, Huyện Thuận Nam, Tỉnh Ninh Thuận, Việt Nam",POINT (109.0056381225586 11.412883758544922),10576
Thế Giới Di Động - Thế giới di động Số 84 QL 1A,"Thế giới di động Số 84 QL 1A, Xã Ninh Phước, Tỉnh Khánh Hòa, Việt Nam",POINT (108.927490234375 11.524231910705566),1774
Thế Giới Di Động - Thế giới di động Thôn Lạc Nghiệp 2,"Thế giới di động Thôn Lạc Nghiệp 2, Xã Cà Ná, Tỉnh Khánh Hòa, Việt Nam",POINT (108.88981628417969 11.339004516601562),15869
Thế Giới Di Động - Thế giới di động Số 434 đường Lê Duẩn,"Thế giới di động Số 434 đường Lê Duẩn, khu phố 3, Xã Ninh Sơn, Tỉnh Khánh Hòa, Việt Nam",POINT (108.7817611694336 11.778185844421387),1423
Điện Máy Xanh - Điện máy Xanh Thôn Hữu Đức,"Điện máy Xanh Thôn Hữu Đức, Xã Phước Hữu, Tỉnh Khánh Hòa, Việt Nam",POINT (108.89474487304688 11.5367431640625),12305
Điện Máy Xanh - Điện máy Xanh Đường Hải Thượng Lãn Ông,"Điện máy Xanh Đường Hải Thượng Lãn Ông, Khu phố 03, Phường Đông Hải, Tỉnh Khánh Hòa, Việt Nam",POINT (109.0235366821289 11.54880428314209),7852
Thế Giới Di Động - Thế giới di động 111A đường Hải Thượng Lãn Ông,"Thế giới di động 111A đường Hải Thượng Lãn Ông, Phường Đông Hải, Tỉnh Khánh Hòa, Việt Nam",POINT (109.01885223388672 11.548763275146484),12157
Thế Giới Di Động - Thế giới di động 394 - 396 Thống Nhất,"Thế giới di động 394 - 396 Thống Nhất, Khu phố 4, Phường Phan Rang, Tỉnh Khánh Hòa, Việt Nam",POINT (108.99083709716797 11.568241119384766),10960
Thế Giới Di Động - Thế giới di động 492 Thống Nhất,"Thế giới di động 492 Thống Nhất, Phường Phan Rang, Tỉnh Khánh Hòa, Việt Nam",POINT (108.98995971679688 11.561972618103027),1623
Thế Giới Di Động - Thế giới di động Phường Bảo An,"Thế giới di động Phường Bảo An, Tỉnh Khánh Hòa, Việt Nam",POINT (108.9506607055664 11.594099998474121),9368
Thế Giới Di Động - Thế giới di động Số 113A Đường 21/8,"Thế giới di động Số 113A Đường 21/8, Phường Phan Rang, Tỉnh Khánh Hòa, Việt Nam",POINT (108.98284912109375 11.574187278747559),12652
Điện Máy Xanh - Điện máy Xanh Thôn Hiếu Lễ,"Điện máy Xanh Thôn Hiếu Lễ, Xã Phước Hậu, Tỉnh Khánh Hòa, Việt Nam",POINT (108.92476654052734 11.577938079833984),8914
Điện Máy Xanh - Điện máy Xanh Số 279 Ngô Gia Tự,"Điện máy Xanh Số 279 Ngô Gia Tự, khu phố 5, Phường Phan Rang, Tỉnh Khánh Hòa, Việt Nam",POINT (108.99517822265625 11.562752723693848),516
Điện Máy Xanh - Điện máy Xanh 137 Yên Ninh,"Điện máy Xanh 137 Yên Ninh, khu phố Khánh Chữ 2, Phường Ninh Chử, Tỉnh Khánh Hòa, Việt Nam",POINT (109.0364990234375 11.597249031066895),2874
Điện Máy Xanh - Điện máy Xanh 117 QL1A,"Điện máy Xanh 117 QL1A , Khu Phố 5, Xã Ninh Phước, Tỉnh Khánh Hòa, Việt Nam",POINT (108.92822265625 11.524666786193848),4560
Điện Máy Xanh - Điện máy Xanh 119 đường 21/8,"Điện máy Xanh 119 đường 21/8, khu 9, Phường Bảo An, Tỉnh Khánh Hòa, Việt Nam",POINT (108.98243713378906 11.574360847473145),570
Điện Máy Xanh - Điện máy Xanh Số 671 đường 21/8,"Điện máy Xanh Số 671 đường 21/8, Phường Bảo An, Tỉnh Khánh Hòa, Việt Nam",POINT (108.95462036132812 11.592950820922852),1776
Điện Máy Xanh - Điện máy Xanh Quốc Lộ 1A,"Điện máy Xanh Quốc Lộ 1A, Thôn Lương Cách, Xã Xuân Hải, Tỉnh Khánh Hòa, Việt Nam",POINT (108.99593353271484 11.629420280456543),7619
Điện Máy Xanh - Điện máy Xanh Thôn Ấn Đạt,"Điện máy Xanh Thôn Ấn Đạt, Xã Thuận Bắc, Tỉnh Khánh Hòa, Việt Nam",POINT (109.05673217773438 11.717508316040039),10095
Điện Máy Xanh - Điện máy Xanh Khu Minh Tân,"Điện máy Xanh Khu Minh Tân, Xã Cẩm Khê, Tỉnh Phú Thọ, Việt Nam",POINT (105.0815658569336 21.47087860107422),8760
Điện Máy Xanh - Điện máy Xanh Số 36 Phố Đồng Tâm,"Điện máy Xanh Số 36 Phố Đồng Tâm, Xã Đoan Hùng, Tỉnh Phú Thọ, Việt Nam",POINT (105.18816375732422 21.621004104614258),436
Điện Máy Xanh - Điện máy Xanh Ngã ba Cát Lem,"Điện máy Xanh Ngã ba Cát Lem, Xã Bằng Luân, Tỉnh Phú Thọ, Việt Nam",POINT (105.0781478881836 21.68092918395996),8726
Điện Máy Xanh - Điện máy Xanh Đường quốc lộ 70,"Điện máy Xanh Đường quốc lộ 70, Khu Phố, Xã Tây Cốc, Tỉnh Phú Thọ, Việt Nam",POINT (105.13213348388672 21.632305145263672),1648
Thế Giới Di Động - Thế giới di động khu Tân Thành,"Thế giới di động khu Tân Thành, Xã Đoan Hùng, Tỉnh Phú Thọ, Việt Nam",POINT (105.18437957763672 21.625200271606445),1812
Điện Máy Xanh - Điện máy Xanh Khu 8,"Điện máy Xanh Khu 8, Xã Hạ Hòa, Tỉnh Phú Thọ, Việt Nam",POINT (105.00344848632812 21.56121826171875),4238
Thế Giới Di Động - Thế giới di động Khu 8,"Thế giới di động Khu 8, Xã Hạ Hòa, Tỉnh Phú Thọ, Việt Nam",POINT (105.00346374511719 21.561302185058594),7178
Điện Máy Xanh - Điện máy Xanh Quốc lộ 32C,"Điện máy Xanh Quốc lộ 32C, Xã Lâm Thao, Tỉnh Phú Thọ, Việt Nam",POINT (105.2933578491211 21.356409072875977),8300
Thế Giới Di Động - Thế giới di động Khu 5,"Thế giới di động Khu 5, Xã Lâm Thao, Tỉnh Phú Thọ, Việt Nam",POINT (105.29339599609375 21.35497283935547),11636
Điện Máy Xanh - Điện máy Xanh 02 Đường Nam (Phong Châu),"Điện máy Xanh 02 Đường Nam (Phong Châu), Số 02, đường Nam, Xã Phù Ninh, Tỉnh Phú Thọ, Việt Nam",POINT (105.31307983398438 21.407560348510742),1689
Thế Giới Di Động - Thế giới di động Khu Đường Nam,"Thế giới di động Khu Đường Nam, Xã Phù Ninh, Tỉnh Phú Thọ, Việt Nam",POINT (105.31330108642578 21.407194137573242),1140
Điện Máy Xanh - Điện máy Xanh Số 22 Đinh Tiên Hoàng,"Điện máy Xanh Số 22 Đinh Tiên Hoàng, Phường Phú Thọ, Tỉnh Phú Thọ, Việt Nam",POINT (105.21208190917969 21.404699325561523),1572
Điện Máy Xanh - Điện máy Xanh Ngã tư Đông Phú,"Điện máy Xanh Ngã tư Đông Phú, Xã Cẩm Khê, Tỉnh Phú Thọ, Việt Nam",POINT (105.13304901123047 21.42163848876953),2865
Điện Máy Xanh - Điện máy Xanh Nguyễn Tất Thành,"Điện máy Xanh Nguyễn Tất Thành, Phường Nông Trang, Tỉnh Phú Thọ, Việt Nam",POINT (105.38471984863281 21.33307647705078),11964
Điện Máy Xanh - Điện máy Xanh Khu 2,"Điện máy Xanh Khu 2, Xã Hùng Việt, Tỉnh Phú Thọ, Việt Nam",POINT (105.14785766601562 21.390779495239258),8724
Điện Máy Xanh - Điện máy Xanh Số nhà 84 khu 15,"Điện máy Xanh Số nhà 84 khu 15, Phường Phong Châu, Tỉnh Phú Thọ, Việt Nam",POINT (105.2554931640625 21.438459396362305),1938
Thế Giới Di Động - Thế giới di động Số 324 đường Hoa Khê,"Thế giới di động Số 324 đường Hoa Khê, khu Tân Thành, Xã Cẩm Khê, Tỉnh Phú Thọ, Việt Nam",POINT (105.1334228515625 21.421831130981445),10899
Thế Giới Di Động - Thế giới di động Số 84-86,"Thế giới di động Số 84-86, phố Lê Đồng, Phường Âu Cơ, Tỉnh Phú Thọ, Việt Nam",POINT (105.21993255615234 21.397117614746094),476
Điện Máy Xanh - Điện máy Xanh Khu 13,"Điện máy Xanh Khu 13, Xã Vạn Xuân, Tỉnh Phú Thọ, Việt Nam",POINT (105.25574493408203 21.283010482788086),4827
Thế Giới Di Động - Thế giới di động Số 18-20-22 đường 32,"Thế giới di động Số 18-20-22 đường 32, Phố Vàng, Xã Thanh Sơn, Tỉnh Phú Thọ, Việt Nam",POINT (105.17974090576172 21.21164321899414),646
Thế Giới Di Động - Thế giới di động Khu 13,"Thế giới di động Khu 13, Xã Vạn Xuân, Tỉnh Phú Thọ, Việt Nam",POINT (105.25692749023438 21.284011840820312),1142
Điện Máy Xanh - Điện máy Xanh Đội 10,"Điện máy Xanh Đội 10, Xã Tân Sơn, Tỉnh Phú Thọ, Việt Nam",POINT (105.01643371582031 21.21846580505371),1649
Điện Máy Xanh - Điện máy Xanh Khu 8,"Điện máy Xanh Khu 8, Xã Thanh Ba, Tỉnh Phú Thọ, Việt Nam",POINT (105.13430786132812 21.4987735748291),1092
Điện Máy Xanh - Điện máy Xanh Phố Ba Mỏ,"Điện máy Xanh Phố Ba Mỏ, Xã Thanh Sơn, Tỉnh Phú Thọ, Việt Nam",POINT (105.17893981933594 21.205883026123047),1573
Điện Máy Xanh - Điện máy Xanh Khu Tân Hương,"Điện máy Xanh Khu Tân Hương, Xã Hương Cần, Tỉnh Phú Thọ, Việt Nam",POINT (105.24151611328125 21.022422790527344),8693
Điện Máy Xanh - Điện máy Xanh Khu Phố,"Điện máy Xanh Khu Phố, Xã Thanh Thủy, Tỉnh Phú Thọ, Việt Nam",POINT (105.28453063964844 21.174287796020508),2886
Điện Máy Xanh - Điện máy Xanh Khu 22,"Điện máy Xanh Khu 22, Xã Tu Vũ, Tỉnh Phú Thọ, Việt Nam",POINT (105.28121948242188 21.115137100219727),8115
Thế Giới Di Động - Thế giới di động Khu Phố,"Thế giới di động Khu Phố, Xã Thanh Thủy, Tỉnh Phú Thọ, Việt Nam",POINT (105.28428649902344 21.17437744140625),1034
Điện Máy Xanh - Điện máy Xanh Khu Tân Tiến,"Điện máy Xanh Khu Tân Tiến, Xã Lâm Thao, Tỉnh Phú Thọ, Việt Nam",POINT (105.28395080566406 21.325407028198242),338
Điện Máy Xanh - Điện máy Xanh Số 1606A Hùng Vương,"Điện máy Xanh Số 1606A Hùng Vương, Phường Việt Trì, Tỉnh Phú Thọ, Việt Nam",POINT (105.38594818115234 21.321231842041016),3939
Điện Máy Xanh - Điện máy Xanh Số 85 Trần Nguyên Hãn,"Điện máy Xanh Số 85 Trần Nguyên Hãn, Phường Thanh Miếu, Tỉnh Phú Thọ, Việt Nam",POINT (105.4216537475586 21.304080963134766),660
Điện Máy Xanh - Điện máy Xanh Xã Phùng Nguyên,"Điện máy Xanh Xã Phùng Nguyên, Tỉnh Phú Thọ, Việt Nam",POINT (105.30545806884766 21.282060623168945),8970
Điện Máy Xanh - Điện máy Xanh Số 07 khu 05,"Điện máy Xanh Số 07 khu 05, Xã Bình Phú, Tỉnh Phú Thọ, Việt Nam",POINT (105.31353759765625 21.411027908325195),9937
Thế Giới Di Động - Thế giới di động Số 1462,"Thế giới di động Số 1462, Đại lộ Hùng Vương, Phường Thanh Miếu, Tỉnh Phú Thọ, Việt Nam",POINT (105.3948974609375 21.313566207885742),270
Thế Giới Di Động - Thế giới di động 2387-2389 Hùng Vương,"Thế giới di động 2387-2389 Hùng Vương, Khu 7, Phường Nông Trang, Tỉnh Phú Thọ, Việt Nam",POINT (105.37950134277344 21.328083038330078),751
Điện Máy Xanh - Điện máy Xanh Thôn Tân An 4,"Điện máy Xanh Thôn Tân An 4, Xã Yên Lập, Tỉnh Phú Thọ, Việt Nam",POINT (105.05876922607422 21.35182762145996),5320
Điện Máy Xanh - Điện máy Xanh Khu Trung Tâm,"Điện máy Xanh Khu Trung Tâm, Xã Sơn Lương, Tỉnh Phú Thọ, Việt Nam",POINT (104.97209167480469 21.453144073486328),8752
Thế Giới Di Động - Thế giới di động Khu Tân An 4,"Thế giới di động Khu Tân An 4, Xã Yên Lập, Tỉnh Phú Thọ, Việt Nam",POINT (105.05838775634766 21.351234436035156),1018
Điện Máy Xanh - Điện máy Xanh Đường 29,"Điện máy Xanh Đường 29, Khu Phố Phú Hiệp 2, Phường Hòa Hiệp, Tỉnh Đắk Lắk, Việt Nam",POINT (109.36368560791016 12.996275901794434),7266
Điện Máy Xanh - Điện máy Xanh Thôn Bàn Nham Bắc,"Điện máy Xanh Thôn Bàn Nham Bắc, Phường Đông Hòa, Tỉnh Đắk Lắk, Việt Nam",POINT (109.33654022216797 12.976819038391113),11881
Thế Giới Di Động - Thế giới di động Quốc Lộ 1A,"Thế giới di động Quốc Lộ 1A, thôn Thạch Chẩm (cách UBND Hòa Xuân Tây 50m), Phường Đông Hòa, Tỉnh Đắk Lắk, Việt Nam",POINT (109.33744049072266 12.973542213439941),2418
Điện Máy Xanh - Điện máy Xanh Số 77 Lê Lợi,"Điện máy Xanh Số 77 Lê Lợi, Khu phố Long Châu, Xã Đồng Xuân, Tỉnh Đắk Lắk, Việt Nam",POINT (109.10491180419922 13.378334999084473),8340
Điện Máy Xanh - Điện máy Xanh Thôn Lãnh Vân,"Điện máy Xanh Thôn Lãnh Vân, Xã Xuân Lãnh, Tỉnh Đắk Lắk, Việt Nam",POINT (109.03203582763672 13.484975814819336),9978
Điện Máy Xanh - Điện máy Xanh 182 Trần Phú,"Điện máy Xanh 182 Trần Phú, Xã Sơn Hòa, Tỉnh Đắk Lắk, Việt Nam",POINT (108.97476959228516 13.048568725585938),2022
Điện Máy Xanh - Điện máy Xanh Thôn Ngân Điền,"Điện máy Xanh Thôn Ngân Điền, Xã Sơn Hòa, Tỉnh Đắk Lắk, Việt Nam",POINT (109.03434753417969 13.061620712280273),7721
Thế Giới Di Động - Thế giới di động Khu phố Trung Hòa,"Thế giới di động Khu phố Trung Hòa, Xã Sơn Hòa, Tỉnh Đắk Lắk, Việt Nam",POINT (108.97409057617188 13.047823905944824),14920
Điện Máy Xanh - Điện máy Xanh Số 171 Phạm Văn Đồng,"Điện máy Xanh Số 171 Phạm Văn Đồng, Phường Sông Cầu, Tỉnh Đắk Lắk, Việt Nam",POINT (109.22148132324219 13.456149101257324),1102
Điện Máy Xanh - Điện máy Xanh Thôn 2,"Điện máy Xanh Thôn 2, Xã Xuân Lộc, Tỉnh Đắk Lắk, Việt Nam",POINT (109.2227783203125 13.641805648803711),12086
Điện Máy Xanh - Điện máy Xanh Thôn Chánh Lộc,"Điện máy Xanh Thôn Chánh Lộc, Xã Xuân Lộc, Tỉnh Đắk Lắk, Việt Nam",POINT (109.19935607910156 13.580633163452148),9354
Thế Giới Di Động - Thế giới di động Đường Phạm Văn Đồng,"Thế giới di động Đường Phạm Văn Đồng, Phường Sông Cầu, Tỉnh Đắk Lắk, Việt Nam",POINT (109.22016143798828 13.453642845153809),10837
Điện Máy Xanh - Điện máy Xanh Thôn Tân Yên,"Điện máy Xanh Thôn Tân Yên, Xã Ea Ly, Tỉnh Đắk Lắk, Việt Nam",POINT (108.7686767578125 12.979621887207031),7720
Điện Máy Xanh - Điện máy Xanh Khóm 2,"Điện máy Xanh Khóm 2, Xã Sông Hinh, Tỉnh Đắk Lắk, Việt Nam",POINT (108.89930725097656 12.980840682983398),1101
Điện Máy Xanh - Điện máy Xanh Thôn Bình Thắng,"Điện máy Xanh Thôn Bình Thắng, Xã Sơn Thành, Tỉnh Đắk Lắk, Việt Nam",POINT (109.09797668457031 12.983419418334961),9870
Điện Máy Xanh - Điện máy Xanh QL1A,"Điện máy Xanh QL1A, Khu phố Trường Xuân, Xã Tuy An Bắc, Tỉnh Đắk Lắk, Việt Nam",POINT (109.21691131591797 13.313055992126465),2601
Điện Máy Xanh - Điện máy Xanh Thôn Xuân Phu,"Điện máy Xanh Thôn Xuân Phu, Xã Tuy An Đông, Tỉnh Đắk Lắk, Việt Nam",POINT (109.2537841796875 13.34109115600586),9060
Điện Máy Xanh - Điện máy Xanh Thôn Hội Sơn,"Điện máy Xanh Thôn Hội Sơn, Xã Ô Loan, Tỉnh Đắk Lắk, Việt Nam",POINT (109.29682922363281 13.224861145019531),12226
Thế Giới Di Động - Thế giới di động Số 495-497 QL1a,"Thế giới di động Số 495-497 QL1a, KP. Chí Thạnh, Xã Tuy An Bắc, Tỉnh Đắk Lắk, Việt Nam",POINT (109.21613311767578 13.306859016418457),12707
Điện Máy Xanh - Điện máy Xanh Số 222 Hùng Vương,"Điện máy Xanh Số 222 Hùng Vương, Phường Tuy Hòa, Tỉnh Đắk Lắk, Việt Nam",POINT (109.3134994506836 13.093270301818848),957
Điện Máy Xanh - Điện máy Xanh 34A Lê Lợi,"Điện máy Xanh 34A Lê Lợi, Phường Tuy Hòa, Tỉnh Đắk Lắk, Việt Nam",POINT (109.3009262084961 13.086816787719727),2327
Điện Máy Xanh - Điện máy Xanh Thôn Phú Thứ,"Điện máy Xanh Thôn Phú Thứ, Xã Tây Hòa, Tỉnh Đắk Lắk, Việt Nam",POINT (109.23866271972656 12.995426177978516),10120
Điện Máy Xanh - Điện máy Xanh Thôn Phong Niên,"Điện máy Xanh Thôn Phong Niên, Xã Phú Hòa 1, Tỉnh Đắk Lắk, Việt Nam",POINT (109.23594665527344 13.037222862243652),9883
Điện Máy Xanh - Điện máy Xanh Thôn Chính Nghĩa,"Điện máy Xanh Thôn Chính Nghĩa, Phường Bình Kiến, Tỉnh Đắk Lắk, Việt Nam",POINT (109.28935241699219 13.169875144958496),9430
Thế Giới Di Động - Thế giới di động Số 193 Nguyễn Huệ,"Thế giới di động Số 193 Nguyễn Huệ, Phường Tuy Hòa, Tỉnh Đắk Lắk, Việt Nam",POINT (109.30535888671875 13.091453552246094),1103
Thế Giới Di Động - Thế giới di động 201A Trần Hưng Đạo (cách chợ Lầu 20m),"Thế giới di động 201A Trần Hưng Đạo (cách chợ Lầu 20m), Phường Tuy Hòa, Tỉnh Đắk Lắk, Việt Nam",POINT (109.30699920654297 13.086283683776855),2238
Thế Giới Di Động - Thế giới di động 244 B Trần Hưng Đạo,"Thế giới di động 244 B Trần Hưng Đạo, Phường Tuy Hòa, Tỉnh Đắk Lắk, Việt Nam",POINT (109.31188201904297 13.087961196899414),818
Thế Giới Di Động - Thế giới di động Số 294 Nguyễn Văn Linh,"Thế giới di động Số 294 Nguyễn Văn Linh, Phường Phú Yên, Tỉnh Đắk Lắk, Việt Nam",POINT (109.31060791015625 13.048613548278809),1538
Điện Máy Xanh - Điện máy Xanh Xã Phong Nha,"Điện máy Xanh Xã Phong Nha, Tỉnh Quảng Trị, Việt Nam",POINT (106.27674102783203 17.646074295043945),8214
Điện Máy Xanh - Điện máy Xanh Thôn Thanh Khê,"Điện máy Xanh Thôn Thanh Khê, Xã Bắc Trạch, Tỉnh Quảng Trị, Việt Nam",POINT (106.47792053222656 17.695289611816406),8002
Thế Giới Di Động - Thế giới di động Đường Hùng Vương,"Thế giới di động Đường Hùng Vương, TK 1 (Hoàn Lão), Xã Hoàn Lão, Tỉnh Quảng Trị, Việt Nam",POINT (106.5367202758789 17.580257415771484),384
Điện Máy Xanh - Điện máy Xanh 141 Hùng Vương,"Điện máy Xanh 141 Hùng Vương, Xã Quảng Ninh, Tỉnh Quảng Trị, Việt Nam",POINT (106.63923645019531 17.404253005981445),2864
Điện Máy Xanh - Điện máy Xanh Tổ dân phố Phú Quý,"Điện máy Xanh Tổ dân phố Phú Quý, Xã Nam Trạch, Tỉnh Quảng Trị, Việt Nam",POINT (106.51326751708984 17.48023796081543),10160
Thế Giới Di Động - Thế giới di động Số 01 Hoàng Diệu,"Thế giới di động Số 01 Hoàng Diệu, Phường Đồng Hới, Tỉnh Quảng Trị, Việt Nam",POINT (106.5981674194336 17.465925216674805),1272
Thế Giới Di Động - Thế giới di động 127 Trần Hưng Đạo,"Thế giới di động 127 Trần Hưng Đạo, Phường Đồng Hới, Tỉnh Quảng Trị, Việt Nam",POINT (106.6135025024414 17.469390869140625),975
Điện Máy Xanh - Điện máy Xanh 55 Hùng Vương,"Điện máy Xanh 55 Hùng Vương, Xã Hoàn Lão, Tỉnh Quảng Trị, Việt Nam",POINT (106.53489685058594 17.584230422973633),2357
Điện Máy Xanh - Điện máy Xanh Quốc lộ 1A,"Điện máy Xanh Quốc lộ 1A, Xã Đông Trạch, Tỉnh Quảng Trị, Việt Nam",POINT (106.51628875732422 17.63960075378418),4529
Điện Máy Xanh - Điện máy Xanh 27 Nguyễn Tất Thành,"Điện máy Xanh 27 Nguyễn Tất Thành, Xã Lệ Thủy, Tỉnh Quảng Trị, Việt Nam",POINT (106.7940902709961 17.223512649536133),2383
Điện Máy Xanh - Điện máy Xanh 02 Lý Thường Kiệt,"Điện máy Xanh 02 Lý Thường Kiệt, Tiểu khu 5, Xã Minh Hóa, Tỉnh Quảng Trị, Việt Nam",POINT (105.96672821044922 17.8082275390625),4542
Điện Máy Xanh - Điện máy Xanh Quốc lộ 1A,"Điện máy Xanh Quốc lộ 1A, Thôn Dinh Mười, Xã Ninh Châu, Tỉnh Quảng Trị, Việt Nam",POINT (106.6758804321289 17.36602783203125),2745
Điện Máy Xanh - Điện máy Xanh 424 Quang Trung,"Điện máy Xanh 424 Quang Trung, Phường Ba Đồn, Tỉnh Quảng Trị, Việt Nam",POINT (106.41761779785156 17.756893157958984),5677
Điện Máy Xanh - Điện máy Xanh 09 Hùng Vương,"Điện máy Xanh 09 Hùng Vương, Xóm Minh Phượng, Phường Bắc Gianh, Tỉnh Quảng Trị, Việt Nam",POINT (106.43250274658203 17.75577735900879),2384
Điện Máy Xanh - Điện máy Xanh Tổ dân phố 2A,"Điện máy Xanh Tổ dân phố 2A, Xã Lệ Ninh, Tỉnh Quảng Trị, Việt Nam",POINT (106.6949462890625 17.234750747680664),8241
Điện Máy Xanh - Điện máy Xanh Thôn Xóm Mới,"Điện máy Xanh Thôn Xóm Mới, Xã Sen Ngư, Tỉnh Quảng Trị, Việt Nam",POINT (106.85330963134766 17.21324920654297),8240
Thế Giới Di Động - Thế giới di động Đường Hùng Vương (Kiến Giang),"Thế giới di động Đường Hùng Vương (Kiến Giang), Xã Lệ Thủy, Tỉnh Quảng Trị, Việt Nam",POINT (106.79218292236328 17.222822189331055),1098
Điện Máy Xanh - Điện máy Xanh Quốc Lộ 1A,"Điện máy Xanh Quốc Lộ 1A, thôn Di Luân, Xã Hòa Trạch, Tỉnh Quảng Trị, Việt Nam",POINT (106.44237518310547 17.876970291137695),2767
Điện Máy Xanh - Điện máy Xanh Thôn Vĩnh Lộc,"Điện máy Xanh Thôn Vĩnh Lộc, Xã Nam Gianh, Tỉnh Quảng Trị, Việt Nam",POINT (106.3915023803711 17.73838996887207),8675
Thế Giới Di Động - Thế giới di động 87-89 Hùng Vương,"Thế giới di động 87-89 Hùng Vương, Phường Ba Đồn, Tỉnh Quảng Trị, Việt Nam",POINT (106.42176055908203 17.75275993347168),415
Điện Máy Xanh - Điện máy Xanh 22 Quang Trung,"Điện máy Xanh 22 Quang Trung, Phường Đồng Hới, Tỉnh Quảng Trị, Việt Nam",POINT (106.6246109008789 17.461408615112305),3956
Điện Máy Xanh - Điện máy Xanh 226 Trần Hưng Đạo,"Điện máy Xanh 226 Trần Hưng Đạo, Phường Đồng Hới, Tỉnh Quảng Trị, Việt Nam",POINT (106.61019897460938 17.468727111816406),561
Điện Máy Xanh - Điện máy Xanh 75 Lý Thường Kiệt,"Điện máy Xanh 75 Lý Thường Kiệt, Phường Đồng Hới, Tỉnh Quảng Trị, Việt Nam",POINT (106.6207504272461 17.47718048095703),2540
Điện Máy Xanh - Điện máy Xanh 176 Lý Thái Tổ (Bắc Nghĩa),"Điện máy Xanh 176 Lý Thái Tổ (Bắc Nghĩa), 176 Lý Thái Tổ, Phường Đồng Sơn, Tỉnh Quảng Trị, Việt Nam",POINT (106.59162139892578 17.444332122802734),5440
Điện Máy Xanh - Điện máy Xanh Quốc lộ 12C - Tiểu khu 2,"Điện máy Xanh Quốc lộ 12C - Tiểu khu 2, Xã Đồng Lê, Tỉnh Quảng Trị, Việt Nam",POINT (106.02349853515625 17.88538932800293),2385
Điện Máy Xanh - Điện máy Xanh Thôn Chợ Cuồi,"Điện máy Xanh Thôn Chợ Cuồi, Xã Tuyên Hóa, Tỉnh Quảng Trị, Việt Nam",POINT (106.23524475097656 17.799026489257812),8010
Điện Máy Xanh - Điện máy Xanh 59 Hùng Vương,"Điện máy Xanh 59 Hùng Vương, Trà My, Bắc Trà My, Quảng Nam (Đối diện chợ Bắc Trà My), Xã Trà My, Thành phố Đà Nẵng, Việt Nam",POINT (108.21492004394531 15.336752891540527),4526
Thế Giới Di Động - Thế giới di động 252 Võ Nguyên Giáp,"Thế giới di động 252 Võ Nguyên Giáp, Xã Trà My, Thành phố Đà Nẵng, Việt Nam",POINT (108.22193908691406 15.342540740966797),1441
Điện Máy Xanh - Điện máy Xanh Đường Nguyễn Tất Thành,"Điện máy Xanh Đường Nguyễn Tất Thành, Xã Đại Lộc, Thành phố Đà Nẵng, Việt Nam",POINT (108.11151885986328 15.882950782775879),1684
Điện Máy Xanh - Điện máy Xanh Xã Đại Lộc,"Điện máy Xanh Xã Đại Lộc, Thành phố Đà Nẵng, Việt Nam",POINT (108.12959289550781 15.925344467163086),2355
Điện Máy Xanh - Điện máy Xanh Xã Vu Gia,"Điện máy Xanh Xã Vu Gia, Thành phố Đà Nẵng, Việt Nam",POINT (108.06719207763672 15.8497896194458),4922
Điện Máy Xanh - Điện máy Xanh Thôn Quảng Huế,"Điện máy Xanh Thôn Quảng Huế, Xã Đại Lộc, Thành phố Đà Nẵng, Việt Nam",POINT (108.12142181396484 15.85278034210205),7936
Điện Máy Xanh - Điện máy Xanh Thôn Hà Nha,"Điện máy Xanh Thôn Hà Nha, Xã Hà Nha, Thành phố Đà Nẵng, Việt Nam",POINT (108.01311492919922 15.851035118103027),8741
Điện Máy Xanh - Điện máy Xanh Thôn Tân An,"Điện máy Xanh Thôn Tân An, Xã Thượng Đức, Thành phố Đà Nẵng, Việt Nam",POINT (107.93829345703125 15.846850395202637),9936
Thế Giới Di Động - Thế giới di động Khu 5,"Thế giới di động Khu 5, Xã Đại Lộc, Thành phố Đà Nẵng, Việt Nam",POINT (108.120849609375 15.881820678710938),167
Điện Máy Xanh - Điện máy Xanh Quốc Lộ 1A,"Điện máy Xanh Quốc Lộ 1A, Thôn Bồ Mưng 2, Phường Điện Bàn Bắc, Thành phố Đà Nẵng, Việt Nam",POINT (108.22218322753906 15.943135261535645),2052
Điện Máy Xanh - Điện máy Xanh Phường Điện Bàn Đông,"Điện máy Xanh Phường Điện Bàn Đông, Thành phố Đà Nẵng, Việt Nam",POINT (108.3101577758789 15.932999610900879),7937
Điện Máy Xanh - Điện máy Xanh Thôn Hà An,"Điện máy Xanh Thôn Hà An, Xã Gò Nổi, Thành phố Đà Nẵng, Việt Nam",POINT (108.24978637695312 15.850192070007324),8159
Điện Máy Xanh - Điện máy Xanh Xã Điện Bàn Tây,"Điện máy Xanh Xã Điện Bàn Tây, Thành phố Đà Nẵng, Việt Nam",POINT (108.18455505371094 15.885202407836914),7961
Thế Giới Di Động - Thế giới di động Đường Trần Nhân Tông,"Thế giới di động Đường Trần Nhân Tông, Phường Điện Bàn, Thành phố Đà Nẵng, Việt Nam",POINT (108.24549865722656 15.894981384277344),797
Điện Máy Xanh - Điện máy Xanh Thôn Ngã Ba,"Điện máy Xanh Thôn Ngã Ba, Xã Đông Giang, Thành phố Đà Nẵng, Việt Nam",POINT (107.64962005615234 15.924666404724121),8877
Điện Máy Xanh - Điện máy Xanh Quốc lộ 14G,"Điện máy Xanh Quốc lộ 14G, thôn Ban Mai, Xã Sông Vàng, Thành phố Đà Nẵng, Việt Nam",POINT (107.92192077636719 15.960370063781738),11707
Điện Máy Xanh - Điện máy Xanh Xã Duy Xuyên,"Điện máy Xanh Xã Duy Xuyên, Thành phố Đà Nẵng, Việt Nam",POINT (108.24873352050781 15.821792602539062),5678
Điện Máy Xanh - Điện máy Xanh Thôn Hà Mỹ,"Điện máy Xanh Thôn Hà Mỹ, Xã Nam Phước, Thành phố Đà Nẵng, Việt Nam",POINT (108.32937622070312 15.844873428344727),9304
Thế Giới Di Động - Thế giới di động 157-161 Điện Biên Phủ,"Thế giới di động 157-161 Điện Biên Phủ, Xã Nam Phước, Thành phố Đà Nẵng, Việt Nam",POINT (108.283447265625 15.841302871704102),1629
Điện Máy Xanh - Điện máy Xanh 302 Hùng Vương,"Điện máy Xanh 302 Hùng Vương, Xã Hiệp Đức, Thành phố Đà Nẵng, Việt Nam",POINT (108.10774230957031 15.5823335647583),4556
Điện Máy Xanh - Điện máy Xanh Xã Việt An,"Điện máy Xanh Xã Việt An, Thành phố Đà Nẵng, Việt Nam",POINT (108.2215805053711 15.617823600769043),7960
Điện Máy Xanh - Điện máy Xanh 16 Nguyễn Tất Thành,"Điện máy Xanh 16 Nguyễn Tất Thành, Khối Tân Hòa, Phường Hội An Tây, Thành phố Đà Nẵng, Việt Nam",POINT (108.32158660888672 15.886062622070312),764
Điện Máy Xanh - Điện máy Xanh Khối Viêm Trung,"Điện máy Xanh Khối Viêm Trung, Phường Điện Bàn Đông, Thành phố Đà Nẵng, Việt Nam",POINT (108.2547836303711 15.936127662658691),1193
Điện Máy Xanh - Điện máy Xanh Ngã ba Trần Nhân Tông và Tuệ Tĩnh,"Điện máy Xanh Ngã ba Trần Nhân Tông và Tuệ Tĩnh, Phường Điện Bàn, Thành phố Đà Nẵng, Việt Nam",POINT (108.24797058105469 15.891529083251953),1290
Điện Máy Xanh - Điện máy Xanh Số 90 Điện Biên Phủ,"Điện máy Xanh Số 90 Điện Biên Phủ, KP. Long Xuyên 2, Xã Nam Phước, Thành phố Đà Nẵng, Việt Nam",POINT (108.28312683105469 15.841116905212402),457
Điện Máy Xanh - Điện máy Xanh 371 Cửa Đại,"Điện máy Xanh 371 Cửa Đại, Phường Hội An Đông, Thành phố Đà Nẵng, Việt Nam",POINT (108.34599304199219 15.882417678833008),1526
Điện Máy Xanh - Điện máy Xanh Xã Duy Nghĩa,"Điện máy Xanh Xã Duy Nghĩa, Thành phố Đà Nẵng, Việt Nam",POINT (108.37870788574219 15.856685638427734),10133
Điện Máy Xanh - Điện máy Xanh 477-479 Hai Bà Trưng,"Điện máy Xanh 477-479 Hai Bà Trưng, Phường Hội An Tây, Thành phố Đà Nẵng, Việt Nam",POINT (108.32759094238281 15.887048721313477),4850
Thế Giới Di Động - Thế giới di động 225 Lý Thường Kiệt (Ngã tư Nhà Hát Hội An),"Thế giới di động 225 Lý Thường Kiệt (Ngã tư Nhà Hát Hội An), Phường Hội An, Thành phố Đà Nẵng, Việt Nam",POINT (108.3253402709961 15.884308815002441),703
Điện Máy Xanh - Điện máy Xanh Thôn Dung,"Điện máy Xanh Thôn Dung, Xã Thạnh Mỹ, Thành phố Đà Nẵng, Việt Nam",POINT (107.83343505859375 15.746623039245605),7938
Điện Máy Xanh - Điện máy Xanh Thôn Trung Phước 3,"Điện máy Xanh Thôn Trung Phước 3, Xã Nông Sơn, Thành phố Đà Nẵng, Việt Nam",POINT (108.05984497070312 15.719382286071777),8984
Điện Máy Xanh - Điện máy Xanh Số 260 Phạm Văn Đồng,"Điện máy Xanh Số 260 Phạm Văn Đồng, khối 2, Xã Núi Thành, Thành phố Đà Nẵng, Việt Nam",POINT (108.64469909667969 15.435434341430664),1442
Điện Máy Xanh - Điện máy Xanh 750 Phạm Văn Đồng,"Điện máy Xanh 750 Phạm Văn Đồng, khối 4, Xã Núi Thành, Thành phố Đà Nẵng, Việt Nam",POINT (108.66429901123047 15.42678165435791),2659
Điện Máy Xanh - Điện máy Xanh Quốc Lộ 1A,"Điện máy Xanh Quốc Lộ 1A, Thôn Diêm Phổ, Xã Tam Anh, Thành phố Đà Nẵng, Việt Nam",POINT (108.59066009521484 15.475610733032227),2741
Điện Máy Xanh - Điện máy Xanh Thôn An Hải Đông,"Điện máy Xanh Thôn An Hải Đông, Xã Núi Thành, Thành phố Đà Nẵng, Việt Nam",POINT (108.6834716796875 15.471341133117676),10509
Điện Máy Xanh - Điện máy Xanh Thôn 1a,"Điện máy Xanh Thôn 1a, Xã Tam Xuân, Thành phố Đà Nẵng, Việt Nam",POINT (108.5861587524414 15.548436164855957),9722
Thế Giới Di Động - Thế giới di động 177 Phạm Văn Đồng,"Thế giới di động 177 Phạm Văn Đồng, Khối 2, Xã Núi Thành, Thành phố Đà Nẵng, Việt Nam",POINT (108.64405822753906 15.43597412109375),371
Điện Máy Xanh - Điện máy Xanh Thôn kỳ phú,"Điện máy Xanh Thôn kỳ phú, Xã Tây Hồ, Thành phố Đà Nẵng, Việt Nam",POINT (108.39987182617188 15.568942070007324),9193
Điện Máy Xanh - Điện máy Xanh Khối 6,"Điện máy Xanh Khối 6, Xã Khâm Đức, Thành phố Đà Nẵng, Việt Nam",POINT (107.7970962524414 15.444150924682617),5138
Điện Máy Xanh - Điện máy Xanh 73-75 Phan Châu Trinh,"Điện máy Xanh 73-75 Phan Châu Trinh, Xã Quế Sơn, Thành phố Đà Nẵng, Việt Nam",POINT (108.21661376953125 15.672389030456543),1754
Điện Máy Xanh - Điện máy Xanh Thôn 8,"Điện máy Xanh Thôn 8, Quốc lộ 1A, Xã Xuân Phú, Thành phố Đà Nẵng, Việt Nam",POINT (108.32893371582031 15.781258583068848),1368
Điện Máy Xanh - Điện máy Xanh Thôn Phước Đức,"Điện máy Xanh Thôn Phước Đức, Xã Quế Sơn Trung, Thành phố Đà Nẵng, Việt Nam",POINT (108.25212097167969 15.687200546264648),9868
Điện Máy Xanh - Điện máy Xanh Đường Phan Bội Châu,"Điện máy Xanh Đường Phan Bội Châu, Phường Bàn Thạch, Thành phố Đà Nẵng, Việt Nam",POINT (108.4817886352539 15.573799133300781),454
Điện Máy Xanh - Điện máy Xanh Thôn Tam Dân,"Điện máy Xanh Thôn Tam Dân, Xã Phú Ninh, Thành phố Đà Nẵng, Việt Nam",POINT (108.42266845703125 15.525337219238281),2809
Điện Máy Xanh - Điện máy Xanh Đường Quốc Lộ 1 A,"Điện máy Xanh Đường Quốc Lộ 1 A, Xã Thăng Điền, Thành phố Đà Nẵng, Việt Nam",POINT (108.41021728515625 15.67278003692627),2428
Điện Máy Xanh - Điện máy Xanh 540 Phan Chu Trinh,"Điện máy Xanh 540 Phan Chu Trinh, Phường Hương Trà, Thành phố Đà Nẵng, Việt Nam",POINT (108.49449157714844 15.56501293182373),455
Thế Giới Di Động - Thế giới di động 02 Phan Chu Trinh,"Thế giới di động 02 Phan Chu Trinh, Phường Tam Kỳ, Thành phố Đà Nẵng, Việt Nam",POINT (108.48246765136719 15.573460578918457),4725
Thế Giới Di Động - Thế giới di động 339 Trần Cao Vân,"Thế giới di động 339 Trần Cao Vân, Phường Hương Trà, Thành phố Đà Nẵng, Việt Nam",POINT (108.48854064941406 15.559170722961426),1104
Điện Máy Xanh - Điện máy Xanh Khu dân cư O - CL3 Tây Bắc,"Điện máy Xanh Khu dân cư O - CL3 Tây Bắc, Thôn Agrong, Xã Tây Giang, Thành phố Đà Nẵng, Việt Nam",POINT (107.49075317382812 15.887483596801758),9330
Điện Máy Xanh - Điện máy Xanh Đường Nguyễn Hoàng,"Điện máy Xanh Đường Nguyễn Hoàng, Xã Thăng Bình, Thành phố Đà Nẵng, Việt Nam",POINT (108.35874938964844 15.742566108703613),2239
Điện Máy Xanh - Điện máy Xanh Thôn An Thành 1,"Điện máy Xanh Thôn An Thành 1, Xã Thăng Điền, Thành phố Đà Nẵng, Việt Nam",POINT (108.43058013916016 15.638578414916992),10403
Điện Máy Xanh - Điện máy Xanh Thôn Quý Thạnh 1,"Điện máy Xanh Thôn Quý Thạnh 1, Xã Thăng Bình, Thành phố Đà Nẵng, Việt Nam",POINT (108.3402328491211 15.712913513183594),8965
Điện Máy Xanh - Điện máy Xanh Thôn Phước Ấm,"Điện máy Xanh Thôn Phước Ấm, Xã Thăng An, Thành phố Đà Nẵng, Việt Nam",POINT (108.394775390625 15.759021759033203),8674
Thế Giới Di Động - Thế giới di động Đường Tiểu La,"Thế giới di động Đường Tiểu La, Xã Thăng Bình, Thành phố Đà Nẵng, Việt Nam",POINT (108.35881805419922 15.742199897766113),159
Điện Máy Xanh - Điện máy Xanh Khối Phố Tiên Bình,"Điện máy Xanh Khối Phố Tiên Bình, Xã Tiên Phước, Thành phố Đà Nẵng, Việt Nam",POINT (108.30628967285156 15.488546371459961),1369
Điện Máy Xanh - Điện máy Xanh Đường DT616,"Điện máy Xanh Đường DT616, Thôn 3, Xã Tiên Phước, Thành phố Đà Nẵng, Việt Nam",POINT (108.36264038085938 15.486078262329102),12928
Điện Máy Xanh - Điện máy Xanh Thôn Phú Lạc,"Điện máy Xanh Thôn Phú Lạc, Xã Thu Bồn, Thành phố Đà Nẵng, Việt Nam",POINT (108.12554931640625 15.831676483154297),10882
Điện Máy Xanh - Điện máy Xanh 275 Quang Trung,"Điện máy Xanh 275 Quang Trung, Phường Cẩm Thành, Tỉnh Quảng Ngãi, Việt Nam",POINT (108.80252838134766 15.12637710571289),76
Điện Máy Xanh - Điện máy Xanh 661 Quang Trung,"Điện máy Xanh 661 Quang Trung, Phường Cẩm Thành, Tỉnh Quảng Ngãi, Việt Nam",POINT (108.8079605102539 15.114785194396973),737
Điện Máy Xanh - Điện máy Xanh Tổ dân phố Tài Năng,"Điện máy Xanh Tổ dân phố Tài Năng, Xã Ba Tơ, Tỉnh Quảng Ngãi, Việt Nam",POINT (108.73513793945312 14.766735076904297),13732
Điện Máy Xanh - Điện máy Xanh 486 Phạm Văn Đồng,"Điện máy Xanh 486 Phạm Văn Đồng, Tổ dân phố 4, Xã Bình Sơn, Tỉnh Quảng Ngãi, Việt Nam",POINT (108.76187896728516 15.294583320617676),1752
Điện Máy Xanh - Điện máy Xanh Thôn Đông Bình,"Điện máy Xanh Thôn Đông Bình, Xã Bình Sơn, Tỉnh Quảng Ngãi, Việt Nam",POINT (108.72572326660156 15.367457389831543),6300
Điện Máy Xanh - Điện máy Xanh Bình Hiệp,"Điện máy Xanh Bình Hiệp, Xã Đông Sơn, Tỉnh Quảng Ngãi, Việt Nam",POINT (108.78101348876953 15.252752304077148),12176
Điện Máy Xanh - Điện máy Xanh Thôn An Lộc Bắc,"Điện máy Xanh Thôn An Lộc Bắc, Xã Vạn Tường, Tỉnh Quảng Ngãi, Việt Nam",POINT (108.83800506591797 15.336812019348145),9991
Thế Giới Di Động - Thế giới di động 168 Phạm Văn Đồng,"Thế giới di động 168 Phạm Văn Đồng, Tổ dân phố 1 (Gần quán Mỳ Quảng Thu Búp), Xã Bình Sơn, Tỉnh Quảng Ngãi, Việt Nam",POINT (108.75498962402344 15.304179191589355),814
Điện Máy Xanh - Điện máy Xanh Số 330 Nguyễn Nghiêm,"Điện máy Xanh Số 330 Nguyễn Nghiêm, Phường Đức Phổ, Tỉnh Quảng Ngãi, Việt Nam",POINT (108.95391082763672 14.815668106079102),1618
Điện Máy Xanh - Điện máy Xanh 03 Nguyễn Đình Chiểu,"Điện máy Xanh 03 Nguyễn Đình Chiểu, Phường Nghĩa Lộ, Tỉnh Quảng Ngãi, Việt Nam",POINT (108.78556823730469 15.12044620513916),2905
Điện Máy Xanh - Điện máy Xanh 396 Nguyễn Văn Linh,"Điện máy Xanh 396 Nguyễn Văn Linh, Phường Trương Quang Trọng, Tỉnh Quảng Ngãi, Việt Nam",POINT (108.79657745361328 15.152889251708984),3007
Điện Máy Xanh - Điện máy Xanh Quốc lộ 24B-Khê Ba,"Điện máy Xanh Quốc lộ 24B-Khê Ba, Xã Tịnh Khê, Tỉnh Quảng Ngãi, Việt Nam",POINT (108.88899993896484 15.18179988861084),1440
Điện Máy Xanh - Điện máy Xanh Quốc Lộ 1A,"Điện máy Xanh Quốc Lộ 1A, lô số 242, khu A1, Làng Cá Sa Huỳnh, Phường Sa Huỳnh, Tỉnh Quảng Ngãi, Việt Nam",POINT (109.06461334228516 14.678135871887207),2744
Điện Máy Xanh - Điện máy Xanh Thôn Nga Mân,"Điện máy Xanh Thôn Nga Mân, Xã Khánh Cường, Tỉnh Quảng Ngãi, Việt Nam",POINT (108.99681091308594 14.760594367980957),12947
Điện Máy Xanh - Điện máy Xanh QL 1A,"Điện máy Xanh QL 1A, Đội 6, Thôn Năng Tây 2, Xã Vệ Giang, Tỉnh Quảng Ngãi, Việt Nam",POINT (108.84706115722656 15.051213264465332),2550
Điện Máy Xanh - Điện máy Xanh Thửa đất số 765,"Điện máy Xanh Thửa đất số 765, tờ bản đồ số 07, Phường Trà Câu, Tỉnh Quảng Ngãi, Việt Nam",POINT (108.9386215209961 14.849188804626465),9083
Điện Máy Xanh - Điện máy Xanh Thôn Định Tân,"Điện máy Xanh Thôn Định Tân, Xã Đông Sơn, Tỉnh Quảng Ngãi, Việt Nam",POINT (108.9148941040039 15.219993591308594),10605
Thế Giới Di Động - Thế giới di động 600 Nguyễn Nghiêm,"Thế giới di động 600 Nguyễn Nghiêm, Phường Đức Phổ, Tỉnh Quảng Ngãi, Việt Nam",POINT (108.9568862915039 14.80865478515625),311
Điện Máy Xanh - Điện máy Xanh Khu dân cư 15,"Điện máy Xanh Khu dân cư 15, thôn Thạch Trụ Tây, Xã Lân Phong, Tỉnh Quảng Ngãi, Việt Nam",POINT (108.9212875366211 14.887879371643066),1370
Điện Máy Xanh - Điện máy Xanh QL 1A,"Điện máy Xanh QL 1A, Xã Mỏ Cày, Tỉnh Quảng Ngãi, Việt Nam",POINT (108.87767791748047 14.986366271972656),2390
Điện Máy Xanh - Điện máy Xanh Tổ dân phố 2,"Điện máy Xanh Tổ dân phố 2, Quốc lộ 1A, Xã Mộ Đức, Tỉnh Quảng Ngãi, Việt Nam",POINT (108.8899917602539 14.948806762695312),5325
Điện Máy Xanh - Điện máy Xanh Thôn Mỹ Khánh,"Điện máy Xanh Thôn Mỹ Khánh, Xã Long Phụng, Tỉnh Quảng Ngãi, Việt Nam",POINT (108.8870620727539 15.057391166687012),10401
Điện Máy Xanh - Điện máy Xanh Đường DT624,"Điện máy Xanh Đường DT624, Xã Thiện Tín, Tỉnh Quảng Ngãi, Việt Nam",POINT (108.77400207519531 14.965747833251953),9834
Điện Máy Xanh - Điện máy Xanh QL 24B,"Điện máy Xanh QL 24B, Xã Tịnh Khê, Tỉnh Quảng Ngãi, Việt Nam",POINT (108.84333801269531 15.157362937927246),9316
Điện Máy Xanh - Điện máy Xanh Tổ dân phố Phú Vinh Trung,"Điện máy Xanh Tổ dân phố Phú Vinh Trung, Xã Nghĩa Hành, Tỉnh Quảng Ngãi, Việt Nam",POINT (108.77713012695312 15.049221992492676),1529
Điện Máy Xanh - Điện máy Xanh Tổ Dân Phố Gò Dép,"Điện máy Xanh Tổ Dân Phố Gò Dép, Xã Sơn Hà, Tỉnh Quảng Ngãi, Việt Nam",POINT (108.47100067138672 15.045642852783203),2222
Điện Máy Xanh - Điện máy Xanh Đường Quốc lộ 24B,"Điện máy Xanh Đường Quốc lộ 24B, Xã Sơn Tịnh, Tỉnh Quảng Ngãi, Việt Nam",POINT (108.75048828125 15.156115531921387),9904
Điện Máy Xanh - Điện máy Xanh ĐT626,"Điện máy Xanh ĐT626, Xã Tư Nghĩa, Tỉnh Quảng Ngãi, Việt Nam",POINT (108.87580871582031 15.097439765930176),8715
Điện Máy Xanh - Điện máy Xanh Xã Ba Gia,"Điện máy Xanh Xã Ba Gia, Tỉnh Quảng Ngãi, Việt Nam",POINT (108.66683197021484 15.172249794006348),8215
Điện Máy Xanh - Điện máy Xanh Tổ dân phố 1,"Điện máy Xanh Tổ dân phố 1, Xã Trà Bồng, Tỉnh Quảng Ngãi, Việt Nam",POINT (108.51868438720703 15.25560188293457),5782
Điện Máy Xanh - Điện máy Xanh Thôn Bình Trung,"Điện máy Xanh Thôn Bình Trung, Xã Đông Trà Bồng, Tỉnh Quảng Ngãi, Việt Nam",POINT (108.61231994628906 15.25064468383789),12062
Thế Giới Di Động - Thế giới di động 02 Đường Nguyễn Trãi,"Thế giới di động 02 Đường Nguyễn Trãi, Phường Nghĩa Lộ, Tỉnh Quảng Ngãi, Việt Nam",POINT (108.7936019897461 15.112899780273438),169
Thế Giới Di Động - Thế giới di động 06 Hai Bà Trưng,"Thế giới di động 06 Hai Bà Trưng, Phường Nghĩa Lộ, Tỉnh Quảng Ngãi, Việt Nam",POINT (108.80118560791016 15.132941246032715),4770
Thế Giới Di Động - Thế giới di động 1192-Quang Trung,"Thế giới di động 1192-Quang Trung, Phường Cẩm Thành, Tỉnh Quảng Ngãi, Việt Nam",POINT (108.81648254394531 15.099136352539062),1332
Thế Giới Di Động - Thế giới di động 419 Nguyễn Văn Linh,"Thế giới di động 419 Nguyễn Văn Linh, Phường Cẩm Thành, Tỉnh Quảng Ngãi, Việt Nam",POINT (108.79740142822266 15.148760795593262),1753
Thế Giới Di Động - Thế giới di động 75 Đại Lộ Hùng Vương,"Thế giới di động 75 Đại Lộ Hùng Vương, Phường Cẩm Thành, Tỉnh Quảng Ngãi, Việt Nam",POINT (108.8014907836914 15.122957229614258),382
Điện Máy Xanh - Điện máy Xanh Quốc lộ 1A,"Điện máy Xanh Quốc lộ 1A, Xã Tư Nghĩa, Tỉnh Quảng Ngãi, Việt Nam",POINT (108.8255386352539 15.086338996887207),2468
Điện Máy Xanh - Điện máy Xanh Thôn An Hội Bắc,"Điện máy Xanh Thôn An Hội Bắc, Xã Nghĩa Giang, Tỉnh Quảng Ngãi, Việt Nam",POINT (108.74121856689453 15.11937427520752),8003
Thế Giới Di Động - Thế giới di động 110A Quốc Lộ 1A,"Thế giới di động 110A Quốc Lộ 1A, Xã Vệ Giang, Tỉnh Quảng Ngãi, Việt Nam",POINT (108.84989929199219 15.044574737548828),417
Điện Máy Xanh - Điện máy Xanh Khu dân cư quy hoạch,"Điện máy Xanh Khu dân cư quy hoạch, Xã Bình Liêu, Tỉnh Quảng Ninh, Việt Nam",POINT (107.39938354492188 21.525249481201172),6083
Điện Máy Xanh - Điện máy Xanh Số 38 Trần Phú,"Điện máy Xanh Số 38 Trần Phú, Phường Cẩm Phả, Tỉnh Quảng Ninh, Việt Nam",POINT (107.28762817382812 21.010576248168945),2096
Điện Máy Xanh - Điện máy Xanh Tổ 5,"Điện máy Xanh Tổ 5, khu Hòa Lạc, Phường Cẩm Phả, Tỉnh Quảng Ninh, Việt Nam",POINT (107.2810287475586 21.00441551208496),3946
Điện Máy Xanh - Điện máy Xanh Khu 5,"Điện máy Xanh Khu 5, Phường Mông Dương, Tỉnh Quảng Ninh, Việt Nam",POINT (107.32459259033203 21.06595230102539),1205
Điện Máy Xanh - Điện máy Xanh Thôn Đông Sơn,"Điện máy Xanh Thôn Đông Sơn, Đặc khu Vân Đồn, Tỉnh Quảng Ninh, Việt Nam",POINT (107.4133529663086 21.06367301940918),2439
Điện Máy Xanh - Điện máy Xanh Tổ 112,"Điện máy Xanh Tổ 112, Khu 8B, Phường Cửa Ông, Tỉnh Quảng Ninh, Việt Nam",POINT (107.33654022216797 21.009450912475586),10088
Điện Máy Xanh - Điện máy Xanh Tổ 57 Khu 5,"Điện máy Xanh Tổ 57 Khu 5, Phường Cửa Ông, Tỉnh Quảng Ninh, Việt Nam",POINT (107.36505889892578 21.030590057373047),972
Điện Máy Xanh - Điện máy Xanh Khu 4,"Điện máy Xanh Khu 4, Phường Quang Hanh, Tỉnh Quảng Ninh, Việt Nam",POINT (107.21961975097656 21.00507926940918),9232
Thế Giới Di Động - Thế giới di động Số 209 Đường Trần Phú,"Thế giới di động Số 209 Đường Trần Phú, Phường Cẩm Phả, Tỉnh Quảng Ninh, Việt Nam",POINT (107.28414916992188 21.01207160949707),575
Thế Giới Di Động - Thế giới di động Số 267,"Thế giới di động Số 267, Đường Lê Thanh Nghị, Phường Cẩm Phả, Tỉnh Quảng Ninh, Việt Nam",POINT (107.27304077148438 21.009483337402344),10534
Thế Giới Di Động - Thế giới di động Tổ 109,"Thế giới di động Tổ 109, khu 8B (ngay ngã 3 cọc 6), Phường Cửa Ông, Tỉnh Quảng Ninh, Việt Nam",POINT (107.3364486694336 21.00990867614746),2017
Thế Giới Di Động - Thế giới di động Tổ 3,"Thế giới di động Tổ 3, Phường Quang Hanh, Tỉnh Quảng Ninh, Việt Nam",POINT (107.25205993652344 21.01010513305664),1613
Thế Giới Di Động - Thế giới di động 617 Trần Phú,"Thế giới di động 617 Trần Phú, Tổ 65, Phường Quang Hanh, Tỉnh Quảng Ninh, Việt Nam",POINT (107.26766967773438 21.00981330871582),977
Thế Giới Di Động - Thế giới di động Tổ 6,"Thế giới di động Tổ 6, khu 2 (Đối diện chợ Bóp), Phường Quang Hanh, Tỉnh Quảng Ninh, Việt Nam",POINT (107.23580169677734 21.00862693786621),1061
Thế Giới Di Động - Thế giới di động Số 500,"Thế giới di động Số 500, Đường Quốc Lộ 18, Tổ 9, Khu 6, Phường Việt Hưng, Tỉnh Quảng Ninh, Việt Nam",POINT (107.01590728759766 20.973285675048828),5765
Thế Giới Di Động - Thế giới di động Số 92,"Thế giới di động Số 92, tổ 1, khu 4 (Ngã 3 bưu điện Vân Đồn), Đặc khu Vân Đồn, Tỉnh Quảng Ninh, Việt Nam",POINT (107.4198226928711 21.06934356689453),1156
Điện Máy Xanh - Điện máy Xanh Khu Trạo Hà,"Điện máy Xanh Khu Trạo Hà, Phường Đông Triều, Tỉnh Quảng Ninh, Việt Nam",POINT (106.51750946044922 21.078838348388672),1593
Điện Máy Xanh - Điện máy Xanh Phố Trần Phú,"Điện máy Xanh Phố Trần Phú, Xã Đầm Hà, Tỉnh Quảng Ninh, Việt Nam",POINT (107.58688354492188 21.354873657226562),2002
Điện Máy Xanh - Điện máy Xanh Khu Vĩnh Tuy 1,"Điện máy Xanh Khu Vĩnh Tuy 1, Phường Mạo Khê, Tỉnh Quảng Ninh, Việt Nam",POINT (106.60723114013672 21.0539608001709),1228
Thế Giới Di Động - Thế giới di động Khu Vĩnh Thông,"Thế giới di động Khu Vĩnh Thông, Phường Mạo Khê, Tỉnh Quảng Ninh, Việt Nam",POINT (106.59815216064453 21.056663513183594),272
Điện Máy Xanh - Điện máy Xanh Tòa nhà VNPT số 1 đường 25/4,"Điện máy Xanh Tòa nhà VNPT số 1 đường 25/4, Phường Hồng Gai, Tỉnh Quảng Ninh, Việt Nam",POINT (107.08480072021484 20.952360153198242),1820
Điện Máy Xanh - Điện máy Xanh Số 246-248 Khu Dân Cư Tự Xây Khu 10,"Điện máy Xanh Số 246-248 Khu Dân Cư Tự Xây Khu 10, Phường Hoành Bồ, Tỉnh Quảng Ninh, Việt Nam",POINT (106.98876953125 21.020980834960938),5144
Điện Máy Xanh - Điện máy Xanh 393 Trần Phú,"Điện máy Xanh 393 Trần Phú, Phường Cao Xanh, Tỉnh Quảng Ninh, Việt Nam",POINT (107.08187866210938 20.971139907836914),1770
Điện Máy Xanh - Điện máy Xanh 396 Vũ Văn Hiếu,"Điện máy Xanh 396 Vũ Văn Hiếu, Phường Hà Tu, Tỉnh Quảng Ninh, Việt Nam",POINT (107.1496810913086 20.95580291748047),1945
Điện Máy Xanh - Điện máy Xanh 13/14/15 Lô 9 Khu dân cư du lịch Đông Hùng Thắng-Cái Dăm,"Điện máy Xanh 13/14/15 Lô 9 Khu dân cư du lịch Đông Hùng Thắng-Cái Dăm, Phường Bãi Cháy, Tỉnh Quảng Ninh, Việt Nam",POINT (107.0211410522461 20.959970474243164),11144
Điện Máy Xanh - Điện máy Xanh Số 84 khu B QH khu định cư Đông Ga Hạ Long,"Điện máy Xanh Số 84 khu B QH khu định cư Đông Ga Hạ Long, Phường Việt Hưng, Tỉnh Quảng Ninh, Việt Nam",POINT (107.01780700683594 20.974191665649414),5368
Thế Giới Di Động - Thế giới di động 120 - 122 - 124 Đường Kênh Liêm,"Thế giới di động 120 - 122 - 124 Đường Kênh Liêm, Phường Hà Lầm, Tỉnh Quảng Ninh, Việt Nam",POINT (107.09130859375 20.95884895324707),481
Thế Giới Di Động - Thế giới di động 537 Hạ Long,"Thế giới di động 537 Hạ Long, Phường Bãi Cháy, Tỉnh Quảng Ninh, Việt Nam",POINT (107.02223205566406 20.958406448364258),2072
Thế Giới Di Động - Thế giới di động Số 62-63,"Thế giới di động Số 62-63, Xã Hoành Bồ, Tỉnh Quảng Ninh, Việt Nam",POINT (106.98795318603516 21.02227020263672),1233
Thế Giới Di Động - Thế giới di động Số 230-268-269,"Thế giới di động Số 230-268-269, Tổ 76, Khu 7, Phường Việt Hưng, Tỉnh Quảng Ninh, Việt Nam",POINT (106.99942779541016 20.980680465698242),1062
Thế Giới Di Động - Thế giới di động Quốc lộ 18,"Thế giới di động Quốc lộ 18, tổ 4, khu 7 (ngã 3 Cầu Trắng, dốc giao thông cột 8), Phường Hạ Long, Tỉnh Quảng Ninh, Việt Nam",POINT (107.13407897949219 20.95114517211914),2303
Điện Máy Xanh - Điện máy Xanh Phố Hoàng Hoa Thám,"Điện máy Xanh Phố Hoàng Hoa Thám, Xã Quảng Hà, Tỉnh Quảng Ninh, Việt Nam",POINT (107.7504653930664 21.45068359375),5059
Thế Giới Di Động - Thế giới di động Số 2,"Thế giới di động Số 2, phố Chu Văn An, Xã Quảng Hà, Tỉnh Quảng Ninh, Việt Nam",POINT (107.7536392211914 21.452611923217773),1740
Điện Máy Xanh - Điện máy Xanh Lô 60,"Điện máy Xanh Lô 60, 61 khu đô thị Tây Ka Long, 178B Hùng Vương, Phường Móng Cái 2, Tỉnh Quảng Ninh, Việt Nam",POINT (107.95625305175781 21.53156089782715),1391
Thế Giới Di Động - Thế giới di động Số 1,"Thế giới di động Số 1, Đường Trần Phú, Phường Móng Cái 1, Tỉnh Quảng Ninh, Việt Nam",POINT (107.97196960449219 21.5325927734375),439
Điện Máy Xanh - Điện máy Xanh Khu phố Đường Ngang,"Điện máy Xanh Khu phố Đường Ngang, Phường Đông Mai, Tỉnh Quảng Ninh, Việt Nam",POINT (106.85724639892578 21.005542755126953),1915
Điện Máy Xanh - Điện máy Xanh Khu 7,"Điện máy Xanh Khu 7, Phường Phong Cốc, Tỉnh Quảng Ninh, Việt Nam",POINT (106.79692077636719 20.93025779724121),1512
Điện Máy Xanh - Điện máy Xanh KP. 4,"Điện máy Xanh KP. 4, Phường Quảng Yên, Tỉnh Quảng Ninh, Việt Nam",POINT (106.7940902709961 20.940248489379883),4314
Điện Máy Xanh - Điện máy Xanh Số nhà 168 đường Vận Tải Bạch Đằng,"Điện máy Xanh Số nhà 168 đường Vận Tải Bạch Đằng, khu phố 2, Phường Hà An, Tỉnh Quảng Ninh, Việt Nam",POINT (106.86051177978516 20.924468994140625),11482
Điện Máy Xanh - Điện máy Xanh Xóm Đông 1,"Điện máy Xanh Xóm Đông 1, Phường Liên Hòa, Tỉnh Quảng Ninh, Việt Nam",POINT (106.837646484375 20.87436294555664),10489
Điện Máy Xanh - Điện máy Xanh Khu phố 5,"Điện máy Xanh Khu phố 5, Phường Phong Cốc, Thị xã Quảng Yên, Tỉnh Quảng Ninh, Việt Nam",POINT (106.80792999267578 20.89899444580078),10338
Thế Giới Di Động - Thế giới di động Số 13-15 phố Lê Lợi,"Thế giới di động Số 13-15 phố Lê Lợi, Phường Quảng Yên, Tỉnh Quảng Ninh, Việt Nam",POINT (106.80159759521484 20.938573837280273),619
Điện Máy Xanh - Điện máy Xanh QL 18,"Điện máy Xanh QL 18, Phố Long Thành, Xã Tiên Yên, Tỉnh Quảng Ninh, Việt Nam",POINT (107.39713287353516 21.331050872802734),2322
Điện Máy Xanh - Điện máy Xanh Đường Trần Nhân Tông,"Điện máy Xanh Đường Trần Nhân Tông, Tổ 7, Khu 1, Phường Uông Bí, Tỉnh Quảng Ninh, Việt Nam",POINT (106.7574234008789 21.033754348754883),930
Điện Máy Xanh - Điện máy Xanh Tổ 5,"Điện máy Xanh Tổ 5, khu Nam Tân, Phường Vàng Danh, Tỉnh Quảng Ninh, Việt Nam",POINT (106.80937194824219 21.02340316772461),1307
Thế Giới Di Động - Thế giới di động Số 487 Quang Trung,"Thế giới di động Số 487 Quang Trung, Phường Uông Bí, Tỉnh Quảng Ninh, Việt Nam",POINT (106.76985168457031 21.03451919555664),857
Điện Máy Xanh - Điện máy Xanh Số 330 Đường 2/4,"Điện máy Xanh Số 330 Đường 2/4, Xã Cam Lộ, Tỉnh Quảng Trị, Việt Nam",POINT (106.99170684814453 16.807205200195312),2526
Điện Máy Xanh - Điện máy Xanh Thôn Đốc Kinh,"Điện máy Xanh Thôn Đốc Kinh, Xã Cam Lộ, Tỉnh Quảng Trị, Việt Nam",POINT (106.96229553222656 16.745332717895508),10063
Điện Máy Xanh - Điện máy Xanh Khóm 2,"Điện máy Xanh Khóm 2, Xã Hướng Hiệp, Tỉnh Quảng Trị, Việt Nam",POINT (106.88207244873047 16.6889705657959),4528
Điện Máy Xanh - Điện máy Xanh Số 11 Trần Hưng Đạo,"Điện máy Xanh Số 11 Trần Hưng Đạo, Phường Đông Hà, Tỉnh Quảng Trị, Việt Nam",POINT (107.09916687011719 16.82237434387207),1192
Điện Máy Xanh - Điện máy Xanh 257 Lê Duẩn,"Điện máy Xanh 257 Lê Duẩn, Phường Nam Đông Hà, Tỉnh Quảng Trị, Việt Nam",POINT (107.10842895507812 16.816940307617188),562
Điện Máy Xanh - Điện máy Xanh Khu phố 05,"Điện máy Xanh Khu phố 05, Phường Đông Hà, Tỉnh Quảng Trị, Việt Nam",POINT (107.0754165649414 16.81646156311035),9074
Thế Giới Di Động - Thế giới di động 01 Hùng Vương,"Thế giới di động 01 Hùng Vương, Phường Đông Hà, Tỉnh Quảng Trị, Việt Nam",POINT (107.10099029541016 16.81423568725586),770
Thế Giới Di Động - Thế giới di động 471 Lê Duẩn,"Thế giới di động 471 Lê Duẩn, khóm Trung Chi (ngay ngã 3 Thạch Cao), Phường Nam Đông Hà, Tỉnh Quảng Trị, Việt Nam",POINT (107.11834716796875 16.805994033813477),2060
Điện Máy Xanh - Điện máy Xanh 237 Lê Duẩn,"Điện máy Xanh 237 Lê Duẩn, Xã Gio Linh, Tỉnh Quảng Trị, Việt Nam",POINT (107.07694244384766 16.92323112487793),2754
Điện Máy Xanh - Điện máy Xanh Khu phố 03,"Điện máy Xanh Khu phố 03, Xã Cửa Việt, Tỉnh Quảng Trị, Việt Nam",POINT (107.17509460449219 16.90119171142578),8575
Điện Máy Xanh - Điện máy Xanh Thôn Nam Đông,"Điện máy Xanh Thôn Nam Đông, Xã Cồn Tiên, Tỉnh Quảng Trị, Việt Nam",POINT (107.00767517089844 16.898971557617188),10372
Điện Máy Xanh - Điện máy Xanh 75 Hùng Vương,"Điện máy Xanh 75 Hùng Vương, Xã Diên Sanh, Tỉnh Quảng Trị, Việt Nam",POINT (107.2476806640625 16.694866180419922),2279
Điện Máy Xanh - Điện máy Xanh Thôn Phương Lang,"Điện máy Xanh Thôn Phương Lang, Xã Vĩnh Định, Tỉnh Quảng Trị, Việt Nam",POINT (107.26615905761719 16.771169662475586),12156
Điện Máy Xanh - Điện máy Xanh Thôn Mỹ Chánh,"Điện máy Xanh Thôn Mỹ Chánh, Xã Nam Hải Lăng, Tỉnh Quảng Trị, Việt Nam",POINT (107.3048324584961 16.630605697631836),7942
Điện Máy Xanh - Điện máy Xanh Thôn Hội Yên,"Điện máy Xanh Thôn Hội Yên, Xã Hải Quế, Huyện Hải Lăng, Tỉnh Quảng Trị, Việt Nam",POINT (107.30457305908203 16.743850708007812),9925
Điện Máy Xanh - Điện máy Xanh Số 156 Quốc Lộ 09,"Điện máy Xanh Số 156 Quốc Lộ 09, Xã Lao Bảo, Tỉnh Quảng Trị, Việt Nam",POINT (106.60343933105469 16.614723205566406),1097
Điện Máy Xanh - Điện máy Xanh 67-69 Lê Duẩn,"Điện máy Xanh 67-69 Lê Duẩn, khối 3A, Xã Khe Sanh, Tỉnh Quảng Trị, Việt Nam",POINT (106.74056243896484 16.63141632080078),2658
Điện Máy Xanh - Điện máy Xanh Thôn Long Hợp,"Điện máy Xanh Thôn Long Hợp, Xã Lao Bảo, Tỉnh Quảng Trị, Việt Nam",POINT (106.65519714355469 16.597087860107422),9929
Thế Giới Di Động - Thế giới di động Số 113 Lê Duẩn,"Thế giới di động Số 113 Lê Duẩn, Xã Khe Sanh, Tỉnh Quảng Trị, Việt Nam",POINT (106.73980712890625 16.62885856628418),1096
Thế Giới Di Động - Thế giới di động Khu phố 4B,"Thế giới di động Khu phố 4B, Phường Quảng Trị, Tỉnh Quảng Trị, Việt Nam",POINT (107.18672180175781 16.753868103027344),10639
Điện Máy Xanh - Điện máy Xanh Thửa đất số 105/1,"Điện máy Xanh Thửa đất số 105/1, Tờ bản đồ số 6, Xã Triệu Phong, Tỉnh Quảng Trị, Việt Nam",POINT (107.16802215576172 16.76677894592285),7612
Điện Máy Xanh - Điện máy Xanh Xã Nam Cửa Việt,"Điện máy Xanh Xã Nam Cửa Việt, Tỉnh Quảng Trị, Việt Nam",POINT (107.18763732910156 16.840028762817383),8299
Điện Máy Xanh - Điện máy Xanh Khóm Hữu Nghị,"Điện máy Xanh Khóm Hữu Nghị, Xã Vĩnh Linh, Tỉnh Quảng Trị, Việt Nam",POINT (107.0026626586914 17.069561004638672),3521
Điện Máy Xanh - Điện máy Xanh Khóm Ngã Tư,"Điện máy Xanh Khóm Ngã Tư, Xã Bến Quan, Tỉnh Quảng Trị, Việt Nam",POINT (106.90191650390625 17.021989822387695),8126
Điện Máy Xanh - Điện máy Xanh 44 Lê Duẩn,"Điện máy Xanh 44 Lê Duẩn, Phường Quảng Trị, Tỉnh Quảng Trị, Việt Nam",POINT (107.18531036376953 16.740243911743164),2241
Điện Máy Xanh - Điện máy Xanh Thửa đất số 520,"Điện máy Xanh Thửa đất số 520, tờ bản đồ số 5, địa chỉ: khu phố An Hoà 2, Xã Cửa Tùng, Tỉnh Quảng Trị, Việt Nam",POINT (107.10492706298828 17.016803741455078),14425
Điện Máy Xanh - Điện máy Xanh Ấp Phước Lợi,"Điện máy Xanh Ấp Phước Lợi, Xã Thuận Hòa, Thành phố Cần Thơ, Việt Nam",POINT (105.96026611328125 9.686443328857422),7745
Điện Máy Xanh - Điện máy Xanh Ấp Châu Thành,"Điện máy Xanh Ấp Châu Thành, Xã An Ninh, Thành phố Cần Thơ, Việt Nam",POINT (105.91082000732422 9.60090160369873),7776
Điện Máy Xanh - Điện máy Xanh 86 Đoàn Thế Trung,"Điện máy Xanh 86 Đoàn Thế Trung, Ấp Chợ, Xã An Thạnh, Thành phố Cần Thơ, Việt Nam",POINT (106.15457916259766 9.669099807739258),2871
Điện Máy Xanh - Điện máy Xanh Ấp An Nghiệp,"Điện máy Xanh Ấp An Nghiệp, Xã Cù Lao Dung, Thành phố Cần Thơ, Việt Nam",POINT (106.24977111816406 9.573629379272461),10036
Điện Máy Xanh - Điện máy Xanh Ấp An Thành,"Điện máy Xanh Ấp An Thành, Xã Kế Sách, Thành phố Cần Thơ, Việt Nam",POINT (105.9838638305664 9.766681671142578),6174
Điện Máy Xanh - Điện máy Xanh Ấp An Ninh,"Điện máy Xanh Ấp An Ninh, Xã An Lạc Thôn, Thành phố Cần Thơ, Việt Nam",POINT (105.8947525024414 9.927645683288574),8074
Điện Máy Xanh - Điện máy Xanh Ấp Mang Cá,"Điện máy Xanh Ấp Mang Cá, Xã Đại Hải, Thành phố Cần Thơ, Việt Nam",POINT (105.85637664794922 9.79898738861084),8161
Thế Giới Di Động - Thế giới di động Ấp An Định,"Thế giới di động Ấp An Định, đường Phan Văn Hùng, Xã Kế Sách, Thành phố Cần Thơ, Việt Nam",POINT (105.98341369628906 9.769862174987793),1323
Điện Máy Xanh - Điện máy Xanh Ấp 4,"Điện máy Xanh Ấp 4, Xã Long Phú, Thành phố Cần Thơ, Việt Nam",POINT (106.12547302246094 9.607783317565918),2311
Điện Máy Xanh - Điện máy Xanh Ấp Ngãi Hội 1,"Điện máy Xanh Ấp Ngãi Hội 1, Xã Đại Ngãi, Thành phố Cần Thơ, Việt Nam",POINT (106.07231903076172 9.731195449829102),10549
Điện Máy Xanh - Điện máy Xanh Ấp Saintard,"Điện máy Xanh Ấp Saintard, Xã Tân Thạnh, Thành phố Cần Thơ, Việt Nam",POINT (106.03894805908203 9.62295913696289),8871
Thế Giới Di Động - Thế giới di động Ấp Ngãi Hội,"Thế giới di động Ấp Ngãi Hội, Xã Đại Ngãi, Thành phố Cần Thơ, Việt Nam",POINT (106.06974792480469 9.731792449951172),1340
Điện Máy Xanh - Điện máy Xanh Ấp Cầu Đồn,"Điện máy Xanh Ấp Cầu Đồn, Xã Mỹ Tú, Thành phố Cần Thơ, Việt Nam",POINT (105.81547546386719 9.635570526123047),5477
Điện Máy Xanh - Điện máy Xanh Ấp khu 1,"Điện máy Xanh Ấp khu 1, Xã Nhu Gia, Thành phố Cần Thơ, Việt Nam",POINT (105.84832763671875 9.49878978729248),1578
Điện Máy Xanh - Điện máy Xanh Ấp Tâm Thọ,"Điện máy Xanh Ấp Tâm Thọ, Phường Mỹ Xuyên, Thành phố Cần Thơ, Việt Nam",POINT (105.93293762207031 9.547797203063965),12632
Điện Máy Xanh - Điện máy Xanh Ấp Hòa Khánh,"Điện máy Xanh Ấp Hòa Khánh, Xã Gia Hòa, Thành phố Cần Thơ, Việt Nam",POINT (105.79938507080078 9.457396507263184),9216
Điện Máy Xanh - Điện máy Xanh Số nhà 256,"Điện máy Xanh Số nhà 256, đường Nguyễn Huệ, Phường Lào Cai, Tỉnh Lào Cai, Việt Nam",POINT (103.97628021240234 22.493824005126953),15781
Điện Máy Xanh - Điện máy Xanh Khóm 1,"Điện máy Xanh Khóm 1, Phường Ngã Năm, Thành phố Cần Thơ, Việt Nam",POINT (105.6002197265625 9.560794830322266),5323
Điện Máy Xanh - Điện máy Xanh Ấp Long Thạnh,"Điện máy Xanh Ấp Long Thạnh, Xã Tân Long, Thành phố Cần Thơ, Việt Nam",POINT (105.67143249511719 9.524243354797363),7892
Điện Máy Xanh - Điện máy Xanh Số 99 Hùng Vương,"Điện máy Xanh Số 99 Hùng Vương, Khóm 1, Phường Sóc Trăng, Thành phố Cần Thơ, Việt Nam",POINT (105.96576690673828 9.616531372070312),910
Điện Máy Xanh - Điện máy Xanh Ấp Chợ Cũ,"Điện máy Xanh Ấp Chợ Cũ, Phường Mỹ Xuyên, Thành phố Cần Thơ, Việt Nam",POINT (105.9800796508789 9.564443588256836),3798
Điện Máy Xanh - Điện máy Xanh Số 121/123/125 Đường Trần Hưng Đạo,"Điện máy Xanh Số 121/123/125 Đường Trần Hưng Đạo, Khóm 7, Phường Phú Lợi, Thành phố Cần Thơ, Việt Nam",POINT (105.96734619140625 9.59663200378418),10550
Điện Máy Xanh - Điện máy Xanh ấp An Trạch,"Điện máy Xanh ấp An Trạch, Xã An Ninh, Thành phố Cần Thơ, Việt Nam",POINT (105.93839263916016 9.650957107543945),10881
Điện Máy Xanh - Điện máy Xanh Ấp Trường Thành A,"Điện máy Xanh Ấp Trường Thành A, Xã Trường Khánh, Thành phố Cần Thơ, Việt Nam",POINT (106.00934600830078 9.677871704101562),12103
Điện Máy Xanh - Điện máy Xanh Ấp Chắc Tưng,"Điện máy Xanh Ấp Chắc Tưng, Xã Tài Văn, Thành phố Cần Thơ, Việt Nam",POINT (106.02344512939453 9.54257869720459),10539
Thế Giới Di Động - Thế giới di động 13 Hùng Vương,"Thế giới di động 13 Hùng Vương, Phường Sóc Trăng, Thành phố Cần Thơ, Việt Nam",POINT (105.97010040283203 9.610815048217773),639
Thế Giới Di Động - Thế giới di động Số 267-269,"Thế giới di động Số 267-269, đường Lê Hồng Phong, khóm 4, Phường Phú Lợi, Thành phố Cần Thơ, Việt Nam",POINT (105.97450256347656 9.593074798583984),1408
Điện Máy Xanh - Điện máy Xanh 50-52 Hai Bà Trưng,"Điện máy Xanh 50-52 Hai Bà Trưng, Phường Phú Lợi, Thành phố Cần Thơ, Việt Nam",POINT (105.97445678710938 9.603934288024902),104
Thế Giới Di Động - Thế giới di động Số 2 Trần Hưng Đạo,"Thế giới di động Số 2 Trần Hưng Đạo, Phường Phú Lợi, Thành phố Cần Thơ, Việt Nam",POINT (105.97355651855469 9.602066040039062),3923
Điện Máy Xanh - Điện máy Xanh 279 QL 1A,"Điện máy Xanh 279 QL 1A, Ấp 1, Xã Phú Lộc, Thành phố Cần Thơ, Việt Nam",POINT (105.7432632446289 9.428923606872559),1086
Điện Máy Xanh - Điện máy Xanh Ấp số 8,"Điện máy Xanh Ấp số 8, Xã Phú Lộc, Thành phố Cần Thơ, Việt Nam",POINT (105.69207763671875 9.420223236083984),12104
Điện Máy Xanh - Điện máy Xanh Ấp Đầu Giồng,"Điện máy Xanh Ấp Đầu Giồng, Xã Trần Đề, Thành phố Cần Thơ, Việt Nam",POINT (106.19290924072266 9.5191011428833),4700
Điện Máy Xanh - Điện máy Xanh Ấp Chợ,"Điện máy Xanh Ấp Chợ, Xã Trần Đề, Thành phố Cần Thơ, Việt Nam",POINT (106.1675033569336 9.549128532409668),8172
Điện Máy Xanh - Điện máy Xanh Khóm 1,"Điện máy Xanh Khóm 1, Phường Ngã Năm, Thành phố Cần Thơ, Việt Nam",POINT (105.6583251953125 9.620360374450684),8075
Điện Máy Xanh - Điện máy Xanh Ấp Mỹ Thành,"Điện máy Xanh Ấp Mỹ Thành, Phường Mỹ Quới, Thành phố Cần Thơ, Việt Nam",POINT (105.57125091552734 9.467315673828125),7980
Thế Giới Di Động - Thế giới di động Khóm 1,"Thế giới di động Khóm 1, Phường Ngã Năm, Thành phố Cần Thơ, Việt Nam",POINT (105.59587860107422 9.563090324401855),11185
Điện Máy Xanh - Điện máy Xanh Khóm 2,"Điện máy Xanh Khóm 2, Phường Vĩnh Châu, Thành phố Cần Thơ, Việt Nam",POINT (105.97940826416016 9.331317901611328),1843
Điện Máy Xanh - Điện máy Xanh Ấp Giồng Giữa,"Điện máy Xanh Ấp Giồng Giữa, Xã Lịch Hội Thượng, Thành phố Cần Thơ, Việt Nam",POINT (106.14715576171875 9.478341102600098),7705
Điện Máy Xanh - Điện máy Xanh Ấp Lai Hoà,"Điện máy Xanh Ấp Lai Hoà, Xã Lai Hòa, Thành phố Cần Thơ, Việt Nam",POINT (105.83375549316406 9.316571235656738),11849
Điện Máy Xanh - Điện máy Xanh Ấp Ca Lạc,"Điện máy Xanh Ấp Ca Lạc, Phường Vĩnh Châu, Thành phố Cần Thơ, Việt Nam",POINT (106.07231903076172 9.360416412353516),8550
Thế Giới Di Động - Thế giới di động 53-54,"Thế giới di động 53-54, Nguyễn Huệ, Phường Vĩnh Châu, Thành phố Cần Thơ, Việt Nam",POINT (105.98029327392578 9.323948860168457),411
Điện Máy Xanh - Điện máy Xanh Số nhà 77 ấp Xây Đá,"Điện máy Xanh Số nhà 77 ấp Xây Đá, Thị Trấn Châu Thành, Huyện Châu Thành, Tỉnh Sóc Trăng, Việt Nam",POINT (105.89685821533203 9.70716381072998),2569
Điện Máy Xanh - Điện máy Xanh Ấp Ninh Thới,"Điện máy Xanh Ấp Ninh Thới, Xã Thới An Hội, Thành phố Cần Thơ, Việt Nam",POINT (105.95649719238281 9.838112831115723),7704
Điện Máy Xanh - Điện máy Xanh Xã Bắc Yên,"Điện máy Xanh Xã Bắc Yên, Tỉnh Sơn La, Việt Nam",POINT (104.43283081054688 21.246145248413086),7653
Điện Máy Xanh - Điện máy Xanh 91 Tiểu khu 19,"Điện máy Xanh 91 Tiểu khu 19, Xã Mai Sơn, Tỉnh Sơn La, Việt Nam",POINT (104.10677337646484 21.196704864501953),398
Điện Máy Xanh - Điện máy Xanh Ngã 3 Cò Nòi,"Điện máy Xanh Ngã 3 Cò Nòi, tiểu khu 2, Xã Mai Sơn, Tỉnh Sơn La, Việt Nam",POINT (104.1609878540039 21.1295223236084),2198
Điện Máy Xanh - Điện máy Xanh Tiểu khu 8,"Điện máy Xanh Tiểu khu 8, Phường Mộc Sơn, Tỉnh Sơn La, Việt Nam",POINT (104.63912963867188 20.847158432006836),8989
Điện Máy Xanh - Điện máy Xanh 54 Lê Thanh Nghị,"Điện máy Xanh 54 Lê Thanh Nghị, tiểu khu 40, Phường Thảo Nguyên, Tỉnh Sơn La, Việt Nam",POINT (104.6783218383789 20.83785057067871),2566
Thế Giới Di Động - Thế giới di động Số 2 Trần Huy Liệu,"Thế giới di động Số 2 Trần Huy Liệu, tiểu khu 7 (Đối diện chợ trung tâm Thị trấn Mộc Châu), Phường Mộc Sơn, Tỉnh Sơn La, Việt Nam",POINT (104.64112091064453 20.846569061279297),1871
Thế Giới Di Động - Thế giới di động Tiểu khu 40,"Thế giới di động Tiểu khu 40, Phường Thảo Nguyên, Tỉnh Sơn La, Việt Nam",POINT (104.68187713623047 20.83740234375),413
Điện Máy Xanh - Điện máy Xanh Số 473 Đường Tô Hiệu,"Điện máy Xanh Số 473 Đường Tô Hiệu, Thị Trấn Ít Ong, Huyện Mường La, Tỉnh Sơn La, Việt Nam",POINT (104.02552795410156 21.518102645874023),1181
Điện Máy Xanh - Điện máy Xanh Tiểu khu 7,"Điện máy Xanh Tiểu khu 7, Xã Thuận Châu, Tỉnh Sơn La, Việt Nam",POINT (103.69221496582031 21.435209274291992),8766
Điện Máy Xanh - Điện máy Xanh Tiểu khu 6,"Điện máy Xanh Tiểu khu 6, Xã Thuận Châu, Tỉnh Sơn La, Việt Nam",POINT (103.75984191894531 21.425535202026367),4647
Thế Giới Di Động - Thế giới di động Tiểu khu 4,"Thế giới di động Tiểu khu 4, Xã Thuận Châu, Tỉnh Sơn La, Việt Nam",POINT (103.689453125 21.435579299926758),1240
Thế Giới Di Động - Thế giới di động Ngã 3 Chiềng Pấc,"Thế giới di động Ngã 3 Chiềng Pấc, tiểu khu 4, Xã Thuận Châu, Tỉnh Sơn La, Việt Nam",POINT (103.75994110107422 21.426347732543945),2077
Điện Máy Xanh - Điện máy Xanh Khối 4,"Điện máy Xanh Khối 4, Xã Phù Yên, Tỉnh Sơn La, Việt Nam",POINT (104.6445083618164 21.262544631958008),2212
Điện Máy Xanh - Điện máy Xanh Bản Tân Ba,"Điện máy Xanh Bản Tân Ba, Xã Gia Phù, Tỉnh Sơn La, Việt Nam",POINT (104.60292053222656 21.197166442871094),10339
Điện Máy Xanh - Điện máy Xanh 437 Chu Văn Thịnh,"Điện máy Xanh 437 Chu Văn Thịnh, Tổ 11, Phường Tô Hiệu, Tỉnh Sơn La, Việt Nam",POINT (103.9100570678711 21.337915420532227),942
Điện Máy Xanh - Điện máy Xanh 335 Trần Đăng Ninh,"Điện máy Xanh 335 Trần Đăng Ninh, Phường Tô Hiệu, Tỉnh Sơn La, Việt Nam",POINT (103.92713165283203 21.306968688964844),4604
Điện Máy Xanh - Điện máy Xanh Bản Giàn,"Điện máy Xanh Bản Giàn, Xã Mường Bú, Tỉnh Sơn La, Việt Nam",POINT (104.0124740600586 21.413211822509766),10165
Thế Giới Di Động - Thế giới di động Số 1 Lò Văn Giá,"Thế giới di động Số 1 Lò Văn Giá, Phường Tô Hiệu, Tỉnh Sơn La, Việt Nam",POINT (103.90897369384766 21.342512130737305),858
Thế Giới Di Động - Thế giới di động Số 1,"Thế giới di động Số 1, đường Trần Đăng Ninh, Phường Tô Hiệu, Tỉnh Sơn La, Việt Nam",POINT (103.92172241210938 21.32016944885254),5877
Thế Giới Di Động - Thế giới di động Số 355,"Thế giới di động Số 355, Đường Lê Duẩn, Tổ 2, Phường Chiềng Sinh, Tỉnh Sơn La, Việt Nam",POINT (103.95503997802734 21.29400062561035),1126
Điện Máy Xanh - Điện máy Xanh Tổ dân phố 10,"Điện máy Xanh Tổ dân phố 10, Xã Sông Mã, Tỉnh Sơn La, Việt Nam",POINT (103.74989318847656 21.051223754882812),5075
Thế Giới Di Động - Thế giới di động Xã Sông Mã,"Thế giới di động Xã Sông Mã, Tỉnh Sơn La, Việt Nam",POINT (103.75176239013672 21.05063819885254),9081
Điện Máy Xanh - Điện máy Xanh Khu phố 3,"Điện máy Xanh Khu phố 3, Xã Bá Thước, Tỉnh Thanh Hóa, Việt Nam",POINT (105.22559356689453 20.34959602355957),1146
Điện Máy Xanh - Điện máy Xanh 67 Nguyễn Huệ,"Điện máy Xanh 67 Nguyễn Huệ, Phường Quang Trung, Tỉnh Thanh Hóa, Việt Nam",POINT (105.8564682006836 20.081296920776367),3009
Thế Giới Di Động - Thế giới di động Số 1 và 3 Nguyễn Trãi,"Thế giới di động Số 1 và 3 Nguyễn Trãi, Phường Quang Trung, Tỉnh Thanh Hóa, Việt Nam",POINT (105.85790252685547 20.084697723388672),712
Điện Máy Xanh - Điện máy Xanh Thôn Đại Đồng,"Điện máy Xanh Thôn Đại Đồng, Xã Cẩm Thủy, Tỉnh Thanh Hóa, Việt Nam",POINT (105.47627258300781 20.208316802978516),4804
Điện Máy Xanh - Điện máy Xanh Xã Cẩm Thạch,"Điện máy Xanh Xã Cẩm Thạch, Huyện Cẩm Thủy, Tỉnh Thanh Hóa, Việt Nam",POINT (105.38716125488281 20.234329223632812),9187
Điện Máy Xanh - Điện máy Xanh Số 329-330,"Điện máy Xanh Số 329-330, Xã Hà Trung, Tỉnh Thanh Hóa, Việt Nam",POINT (105.8437271118164 19.982255935668945),2076
Điện Máy Xanh - Điện máy Xanh Khu 2,"Điện máy Xanh Khu 2, Xã Hậu Lộc, Tỉnh Thanh Hóa, Việt Nam",POINT (105.886474609375 19.914701461791992),5665
Điện Máy Xanh - Điện máy Xanh Số 453 - 447 thôn Minh Thịnh,"Điện máy Xanh Số 453 - 447 thôn Minh Thịnh, Xã Vạn Lộc, Tỉnh Thanh Hóa, Việt Nam",POINT (105.95072174072266 19.926799774169922),1172
Điện Máy Xanh - Điện máy Xanh Thôn 6,"Điện máy Xanh Thôn 6, Xã Hoằng Thanh, Tỉnh Thanh Hóa, Việt Nam",POINT (105.90859985351562 19.847503662109375),10845
Điện Máy Xanh - Điện máy Xanh Thôn 2 Nghĩa Trang,"Điện máy Xanh Thôn 2 Nghĩa Trang, Xã Hoằng Phú, Tỉnh Thanh Hóa, Việt Nam",POINT (105.81360626220703 19.91261863708496),8175
Điện Máy Xanh - Điện máy Xanh Khu phố Lê Lợi,"Điện máy Xanh Khu phố Lê Lợi, Xã Linh Sơn, Tỉnh Thanh Hóa, Việt Nam",POINT (105.24433135986328 20.15428924560547),10014
Điện Máy Xanh - Điện máy Xanh 35 - 37 Quang Trung,"Điện máy Xanh 35 - 37 Quang Trung, Tiểu khu 6, Phường Tĩnh Gia, Tỉnh Thanh Hóa, Việt Nam",POINT (105.7784423828125 19.44672966003418),2497
Điện Máy Xanh - Điện máy Xanh Thửa đất số 652 - 653,"Điện máy Xanh Thửa đất số 652 - 653, tờ bản đồ số 7, Xã Nga Sơn, Tỉnh Thanh Hóa, Việt Nam",POINT (105.96965026855469 20.004648208618164),6180
Điện Máy Xanh - Điện máy Xanh Phường Ngọc Sơn,"Điện máy Xanh Phường Ngọc Sơn, Tỉnh Thanh Hóa, Việt Nam",POINT (105.79901885986328 19.568748474121094),9275
Thế Giới Di Động - Thế giới di động 60 Quang Trung,"Thế giới di động 60 Quang Trung, Phường Tĩnh Gia, Tỉnh Thanh Hóa, Việt Nam",POINT (105.78034210205078 19.448522567749023),340
Thế Giới Di Động - Thế giới di động (ngã tư chợ Kho),"Thế giới di động (ngã tư chợ Kho), Phường Ngọc Sơn, Tỉnh Thanh Hóa, Việt Nam",POINT (105.79862213134766 19.568893432617188),2196
Thế Giới Di Động - Thế giới di động Số 152,"Thế giới di động Số 152 , Tiểu Khu 3, Xã Nga Sơn, Tỉnh Thanh Hóa, Việt Nam",POINT (105.97077941894531 20.008108139038086),1152
Điện Máy Xanh - Điện máy Xanh Số 17B Lê Thánh Tông,"Điện máy Xanh Số 17B Lê Thánh Tông, Xã Ngọc Lặc, Tỉnh Thanh Hóa, Việt Nam",POINT (105.37947082519531 20.082313537597656),252
Điện Máy Xanh - Điện máy Xanh Thôn Ba Si,"Điện máy Xanh Thôn Ba Si, Xã Kiên Thọ, Tỉnh Thanh Hóa, Việt Nam",POINT (105.39779663085938 19.9653263092041),12801
Thế Giới Di Động - Thế giới di động 02 Lê Lai (ngã tư Ngọc Lặc),"Thế giới di động 02 Lê Lai (ngã tư Ngọc Lặc), Xã Ngọc Lặc, Tỉnh Thanh Hóa, Việt Nam",POINT (105.37454223632812 20.091161727905273),2156
Điện Máy Xanh - Điện máy Xanh Khu phố 1,"Điện máy Xanh Khu phố 1, Xã Như Thanh, Tỉnh Thanh Hóa, Việt Nam",POINT (105.57801055908203 19.631778717041016),1925
Điện Máy Xanh - Điện máy Xanh 91 - 93 Quốc Lộ 15,"Điện máy Xanh 91 - 93 Quốc Lộ 15, khu phố 1, Xã Như Xuân, Tỉnh Thanh Hóa, Việt Nam",POINT (105.4341812133789 19.666011810302734),2552
Điện Máy Xanh - Điện máy Xanh Tiểu khu Đông Hòa,"Điện máy Xanh Tiểu khu Đông Hòa, Xã Nông Cống, Tỉnh Thanh Hóa, Việt Nam",POINT (105.65074920654297 19.623977661132812),6595
Điện Máy Xanh - Điện máy Xanh Thôn 9 và thôn Thống Nhất 10,"Điện máy Xanh Thôn 9 và thôn Thống Nhất 10, Xã Nông Cống, Tỉnh Thanh Hóa, Việt Nam",POINT (105.69865417480469 19.633501052856445),9002
Điện Máy Xanh - Điện máy Xanh Thôn Bi Kiều,"Điện máy Xanh Thôn Bi Kiều, Xã Trung Chính, Tỉnh Thanh Hóa, Việt Nam",POINT (105.68695831298828 19.704639434814453),8232
Thế Giới Di Động - Thế giới di động 686-688 Bà Triệu,"Thế giới di động 686-688 Bà Triệu, Xã Nông Cống, Tỉnh Thanh Hóa, Việt Nam",POINT (105.65088653564453 19.624229431152344),71
Điện Máy Xanh - Điện máy Xanh Khu 2,"Điện máy Xanh Khu 2, Xã Hồi Xuân, Tỉnh Thanh Hóa, Việt Nam",POINT (105.10128021240234 20.384458541870117),2075
Điện Máy Xanh - Điện máy Xanh Xã Quảng Bình,"Điện máy Xanh Xã Quảng Bình, Tỉnh Thanh Hóa, Việt Nam",POINT (105.78691864013672 19.689830780029297),8062
Điện Máy Xanh - Điện máy Xanh Thôn Hiền Tây,"Điện máy Xanh Thôn Hiền Tây, Xã Quảng Bình, Tỉnh Thanh Hóa, Việt Nam",POINT (105.82087707519531 19.68129539489746),12800
Điện Máy Xanh - Điện máy Xanh Thửa đất 489 - 674,"Điện máy Xanh Thửa đất 489 - 674, tờ bản đồ 1, Xã Tiên Trang, Tỉnh Thanh Hóa, Việt Nam",POINT (105.81375122070312 19.644439697265625),8309
Thế Giới Di Động - Thế giới di động 23 Quốc Lộ 1A,"Thế giới di động 23 Quốc Lộ 1A, Xã Lưu Vệ, Tỉnh Thanh Hóa, Việt Nam",POINT (105.78205108642578 19.730548858642578),1048
Điện Máy Xanh - Điện máy Xanh Số 91 Lê Lợi,"Điện máy Xanh Số 91 Lê Lợi, Phường Sầm Sơn, Tỉnh Thanh Hóa, Việt Nam",POINT (105.89356231689453 19.734949111938477),266
Điện Máy Xanh - Điện máy Xanh Khu phố 5,"Điện máy Xanh Khu phố 5, Xã Kim Tân, Tỉnh Thanh Hóa, Việt Nam",POINT (105.67244720458984 20.129812240600586),1270
Điện Máy Xanh - Điện máy Xanh Thôn Phố,"Điện máy Xanh Thôn Phố, Xã Thạch Quảng, Tỉnh Thanh Hóa, Việt Nam",POINT (105.52194213867188 20.281892776489258),10016
Điện Máy Xanh - Điện máy Xanh Khu phố 3,"Điện máy Xanh Khu phố 3, Xã Vân Du, Tỉnh Thanh Hóa, Việt Nam",POINT (105.73896789550781 20.142738342285156),8310
Điện Máy Xanh - Điện máy Xanh 664 Bà Triệu,"Điện máy Xanh 664 Bà Triệu, Phường Hạc Thành, Tỉnh Thanh Hóa, Việt Nam",POINT (105.77642822265625 19.813587188720703),971
Điện Máy Xanh - Điện máy Xanh Số 01 Đại Lộ Lê Lợi,"Điện máy Xanh Số 01 Đại Lộ Lê Lợi, Phường Hạc Thành, Tỉnh Thanh Hóa, Việt Nam",POINT (105.76174926757812 19.808368682861328),2297
Điện Máy Xanh - Điện máy Xanh Xã Lưu Vệ,"Điện máy Xanh Xã Lưu Vệ, Tỉnh Thanh Hóa, Việt Nam",POINT (105.78201293945312 19.729610443115234),4679
Điện Máy Xanh - Điện máy Xanh Số 380C đường Lê Lai,"Điện máy Xanh Số 380C đường Lê Lai, Phường Hạc Thành, Tỉnh Thanh Hóa, Việt Nam",POINT (105.79519653320312 19.7938175201416),1303
Điện Máy Xanh - Điện máy Xanh 355-357 Quang Trung,"Điện máy Xanh 355-357 Quang Trung, Phường Hạc Thành, Tỉnh Thanh Hóa, Việt Nam",POINT (105.77652740478516 19.783056259155273),373
Điện Máy Xanh - Điện máy Xanh Thôn Đình Bảng,"Điện máy Xanh Thôn Đình Bảng, Xã Hoằng Lộc, Tỉnh Thanh Hóa, Việt Nam",POINT (105.84440612792969 19.81605339050293),7913
Thế Giới Di Động - Thế giới di động 342-344,"Thế giới di động 342-344, Đường Trường Thi, Phường Hạc Thành, Tỉnh Thanh Hóa, Việt Nam",POINT (105.77770233154297 19.811729431152344),844
Thế Giới Di Động - Thế giới di động Số nhà 418,"Thế giới di động Số nhà 418, đường Bà Triệu, Phường Hạc Thành, Tỉnh Thanh Hóa, Việt Nam",POINT (105.77440643310547 19.820236206054688),1549
Thế Giới Di Động - Thế giới di động Số 468 Nguyễn Trãi,"Thế giới di động Số 468 Nguyễn Trãi, Phường Hạc Thành, Tỉnh Thanh Hóa, Việt Nam",POINT (105.76126098632812 19.807531356811523),251
Thế Giới Di Động - Thế giới di động 17 Đại Lộ Lê Lợi,"Thế giới di động 17 Đại Lộ Lê Lợi, Phường Hạc Thành, Tỉnh Thanh Hóa, Việt Nam",POINT (105.77760314941406 19.808887481689453),9798
Điện Máy Xanh - Điện máy Xanh Phố Trung Sơn,"Điện máy Xanh Phố Trung Sơn, Xã Hoằng Hóa, Tỉnh Thanh Hóa, Việt Nam",POINT (105.85384368896484 19.865646362304688),9705
Điện Máy Xanh - Điện máy Xanh Khu phố 6,"Điện máy Xanh Khu phố 6, Phường Đông Sơn, Tỉnh Thanh Hóa, Việt Nam",POINT (105.73224639892578 19.815610885620117),8176
Điện Máy Xanh - Điện máy Xanh Thôn Phố Môi,"Điện máy Xanh Thôn Phố Môi, Phường Quảng Phú, Tỉnh Thanh Hóa, Việt Nam",POINT (105.84040832519531 19.75165367126465),11109
Điện Máy Xanh - Điện máy Xanh Thôn Ba Chè,"Điện máy Xanh Thôn Ba Chè, Xã Thiệu Trung, Tỉnh Thanh Hóa, Việt Nam",POINT (105.67878723144531 19.866342544555664),1931
Điện Máy Xanh - Điện máy Xanh 198 đường Quốc Lộ 45,"Điện máy Xanh 198 đường Quốc Lộ 45, Xã Thiệu Hóa, Tỉnh Thanh Hóa, Việt Nam",POINT (105.6783676147461 19.88827133178711),80
Điện Máy Xanh - Điện máy Xanh Khu 2,"Điện máy Xanh Khu 2, Xã Lam Sơn, Tỉnh Thanh Hóa, Việt Nam",POINT (105.40654754638672 19.910812377929688),459
Điện Máy Xanh - Điện máy Xanh Khu 7,"Điện máy Xanh Khu 7, Xã Thọ Xuân, Tỉnh Thanh Hóa, Việt Nam",POINT (105.5232925415039 19.927019119262695),5244
Điện Máy Xanh - Điện máy Xanh Khu 2,"Điện máy Xanh Khu 2, Xã Sao Vàng, Tỉnh Thanh Hóa, Việt Nam",POINT (105.45848846435547 19.88876724243164),9339
Điện Máy Xanh - Điện máy Xanh Khu phố 3,"Điện máy Xanh Khu phố 3, Xã Thường Xuân, Tỉnh Thanh Hóa, Việt Nam",POINT (105.34490966796875 19.903261184692383),9880
Điện Máy Xanh - Điện máy Xanh Thôn Tân Thành,"Điện máy Xanh Thôn Tân Thành, Xã Thọ Lập, Tỉnh Thanh Hóa, Việt Nam",POINT (105.44770050048828 19.93938446044922),9732
Điện Máy Xanh - Điện máy Xanh Thôn 5,"Điện máy Xanh Thôn 5, Xã Xuân Lập, Tỉnh Thanh Hóa, Việt Nam",POINT (105.54209899902344 19.95465087890625),11709
Điện Máy Xanh - Điện máy Xanh Thôn Thống Nhất,"Điện máy Xanh Thôn Thống Nhất, Xã Luận Thành, Tỉnh Thanh Hóa, Việt Nam",POINT (105.39510345458984 19.8082332611084),2299
Thế Giới Di Động - Thế giới di động Khu Phố 3,"Thế giới di động Khu Phố 3, Xã Thường Xuân, Tỉnh Thanh Hóa, Việt Nam",POINT (105.3473892211914 19.902782440185547),1667
Điện Máy Xanh - Điện máy Xanh Thôn Bắc Hải Đường 513,"Điện máy Xanh Thôn Bắc Hải Đường 513, Phường Nghi Sơn, Tỉnh Thanh Hóa, Việt Nam",POINT (105.79762268066406 19.339740753173828),1033
Điện Máy Xanh - Điện máy Xanh Thôn 1,"Điện máy Xanh Thôn 1, Phường Đào Duy Từ, Tỉnh Thanh Hóa, Việt Nam",POINT (105.75521087646484 19.408700942993164),1844
Điện Máy Xanh - Điện máy Xanh 234 Phố Giắt,"Điện máy Xanh 234 Phố Giắt, Xã Triệu Sơn, Tỉnh Thanh Hóa, Việt Nam",POINT (105.61004638671875 19.82050895690918),2197
Điện Máy Xanh - Điện máy Xanh Số 60-62 Phố Thiều,"Điện máy Xanh Số 60-62 Phố Thiều, Xã Triệu Sơn, Tỉnh Thanh Hóa, Việt Nam",POINT (105.64681243896484 19.834871292114258),1800
Điện Máy Xanh - Điện máy Xanh Thôn Diễn Trung,"Điện máy Xanh Thôn Diễn Trung, Xã Hợp Tiến, Tỉnh Thanh Hóa, Việt Nam",POINT (105.55146026611328 19.808496475219727),7914
Điện Máy Xanh - Điện máy Xanh Tổ dân phố 8,"Điện máy Xanh Tổ dân phố 8, Xã Tân Ninh, Tỉnh Thanh Hóa, Việt Nam",POINT (105.64332580566406 19.749141693115234),8028
Điện Máy Xanh - Điện máy Xanh Thôn 7,"Điện máy Xanh Thôn 7, Xã Thọ Phú, Tỉnh Thanh Hóa, Việt Nam",POINT (105.54955291748047 19.861122131347656),9069
Thế Giới Di Động - Thế giới di động 44 Phố Giắt,"Thế giới di động 44 Phố Giắt, Xã Triệu Sơn, Tỉnh Thanh Hóa, Việt Nam",POINT (105.60704803466797 19.8195858001709),458
Điện Máy Xanh - Điện máy Xanh Khu 1,"Điện máy Xanh Khu 1, Xã Vĩnh Lộc, Tỉnh Thanh Hóa, Việt Nam",POINT (105.61660766601562 20.058944702148438),1652
Điện Máy Xanh - Điện máy Xanh Thôn 6,"Điện máy Xanh Thôn 6, Xã Biện Thượng, Tỉnh Thanh Hóa, Việt Nam",POINT (105.73184967041016 20.00602149963379),7912
Điện Máy Xanh - Điện máy Xanh Tiểu khu 3,"Điện máy Xanh Tiểu khu 3, Xã Yên Định, Tỉnh Thanh Hóa, Việt Nam",POINT (105.65276336669922 19.970319747924805),2125
Điện Máy Xanh - Điện máy Xanh Phổ Kiểu,"Điện máy Xanh Phổ Kiểu, Xã Yên Trường, Tỉnh Thanh Hóa, Việt Nam",POINT (105.59426879882812 20.022281646728516),1477
Điện Máy Xanh - Điện máy Xanh Đường QL39A,"Điện máy Xanh Đường QL39A, Thôn Tân Việt, Trưng Trắc A, Xã Đông Quan, Tỉnh Hưng Yên, Việt Nam",POINT (106.40509033203125 20.50956916809082),8594
Thế Giới Di Động - Thế giới di động Tổ 2,"Thế giới di động Tổ 2, Xã Đông Hưng, Tỉnh Hưng Yên, Việt Nam",POINT (106.35586547851562 20.550378799438477),859
Thế Giới Di Động - Thế giới di động Thôn Liên Minh,"Thế giới di động Thôn Liên Minh, Xã Tiên Hưng, Tỉnh Hưng Yên, Việt Nam",POINT (106.27812194824219 20.552734375),1077
Điện Máy Xanh - Điện máy Xanh Thôn Thanh Lãng,"Điện máy Xanh Thôn Thanh Lãng, Xã Hồng Minh, Tỉnh Hưng Yên, Việt Nam",POINT (106.21390533447266 20.537233352661133),10804
Điện Máy Xanh - Điện máy Xanh Ngã ba Diêm,"Điện máy Xanh Ngã ba Diêm, Thôn Kiều Trai, Xã Lê Quý Đôn, Tỉnh Hưng Yên, Việt Nam",POINT (106.18097686767578 20.57030487060547),7800
Thế Giới Di Động - Thế giới di động Khu Nhân Cầu 2,"Thế giới di động Khu Nhân Cầu 2, Xã Hưng Hà, Tỉnh Hưng Yên, Việt Nam",POINT (106.22492218017578 20.589771270751953),1078
Điện Máy Xanh - Điện máy Xanh Khu Đầu,"Điện máy Xanh Khu Đầu, Xã Long Hưng, Tỉnh Hưng Yên, Việt Nam",POINT (106.1531982421875 20.6209774017334),5318
Thế Giới Di Động - Thế giới di động Thửa đất số 482,"Thế giới di động Thửa đất số 482, thôn Thị An, Xã Long Hưng, Tỉnh Hưng Yên, Việt Nam",POINT (106.14732360839844 20.61411476135254),1201
Điện Máy Xanh - Điện máy Xanh Tổ 6,"Điện máy Xanh Tổ 6, Xã Đông Hưng, Tỉnh Hưng Yên, Việt Nam",POINT (106.3554916381836 20.554737091064453),1184
Điện Máy Xanh - Điện máy Xanh Khu Nhân Cầu 2,"Điện máy Xanh Khu Nhân Cầu 2, Xã Hưng Hà, Tỉnh Hưng Yên, Việt Nam",POINT (106.22492218017578 20.588605880737305),4455
Điện Máy Xanh - Điện máy Xanh Khu Cộng Hòa,"Điện máy Xanh Khu Cộng Hòa, Xã Kiến Xương, Tỉnh Hưng Yên, Việt Nam",POINT (106.43438720703125 20.38910484313965),5315
Điện Máy Xanh - Điện máy Xanh Thôn 2,"Điện máy Xanh Thôn 2, Xã Vũ Quý, Tỉnh Hưng Yên, Việt Nam",POINT (106.38461303710938 20.40087890625),8236
Điện Máy Xanh - Điện máy Xanh Số 150 Đường Nguyễn Du,"Điện máy Xanh Số 150 Đường Nguyễn Du, Xã Quỳnh Phụ, Tỉnh Hưng Yên, Việt Nam",POINT (106.32579803466797 20.65031623840332),5167
Điện Máy Xanh - Điện máy Xanh Số nhà 29-31-33 Đường Trần Hưng Đạo,"Điện máy Xanh Số nhà 29-31-33 Đường Trần Hưng Đạo, Xã Phụ Dực, Tỉnh Hưng Yên, Việt Nam",POINT (106.42253875732422 20.647531509399414),6044
Điện Máy Xanh - Điện máy Xanh Khu 8,"Điện máy Xanh Khu 8, Xã Thái Thụy, Tỉnh Hưng Yên, Việt Nam",POINT (106.56584167480469 20.563310623168945),2124
Điện Máy Xanh - Điện máy Xanh Thôn Việt Hùng,"Điện máy Xanh Thôn Việt Hùng, Xã Hưng Phú, Tỉnh Hưng Yên, Việt Nam",POINT (106.54181671142578 20.343242645263672),8216
Điện Máy Xanh - Điện máy Xanh Số 101 Phố Tiểu Hoàng,"Điện máy Xanh Số 101 Phố Tiểu Hoàng, Xã Tiền Hải, Tỉnh Hưng Yên, Việt Nam",POINT (106.50155639648438 20.402843475341797),427
Điện Máy Xanh - Điện máy Xanh Thôn An Thái,"Điện máy Xanh Thôn An Thái, Xã Lê Lợi, Tỉnh Hưng Yên, Việt Nam",POINT (106.45674896240234 20.43596839904785),8700
Thế Giới Di Động - Thế giới di động Xã Kiến Xương,"Thế giới di động Xã Kiến Xương, Tỉnh Hưng Yên, Việt Nam",POINT (106.43827819824219 20.38868522644043),1161
Điện Máy Xanh - Điện máy Xanh Thôn Vũ Xá,"Điện máy Xanh Thôn Vũ Xá, Xã A Sào, Tỉnh Hưng Yên, Việt Nam",POINT (106.38579559326172 20.698057174682617),11254
Thế Giới Di Động - Thế giới di động Số 91,"Thế giới di động Số 91, Tổ dân phố số 7, Xã Quỳnh Phụ, Tỉnh Hưng Yên, Việt Nam",POINT (106.32433319091797 20.651578903198242),57
Điện Máy Xanh - Điện máy Xanh Xã Vũ Thư,"Điện máy Xanh Xã Vũ Thư, Tỉnh Hưng Yên, Việt Nam",POINT (106.28836059570312 20.435806274414062),11712
Điện Máy Xanh - Điện máy Xanh Thôn An Cơ,"Điện máy Xanh Thôn An Cơ, Xã Bình Nguyên, Tỉnh Hưng Yên, Việt Nam",POINT (106.42296600341797 20.435401916503906),8132
Điện Máy Xanh - Điện máy Xanh Xóm 10,"Điện máy Xanh Xóm 10, Thôn Bùi Xá, Xã Thư Trì, Tỉnh Hưng Yên, Việt Nam",POINT (106.27237701416016 20.478967666625977),9902
Điện Máy Xanh - Điện máy Xanh Thôn Thái,"Điện máy Xanh Thôn Thái, Phường Vũ Phúc, Tỉnh Hưng Yên, Việt Nam",POINT (106.30340576171875 20.391773223876953),7903
Thế Giới Di Động - Thế giới di động Số 02,"Thế giới di động Số 02, đường Hoàng Văn Thái, tổ 15, Phường Trần Lãm, Tỉnh Hưng Yên, Việt Nam",POINT (106.35636901855469 20.441335678100586),1147
Thế Giới Di Động - Thế giới di động Số 1 Quang Trung,"Thế giới di động Số 1 Quang Trung, Tố 1, Phường Trần Hưng Đạo, Tỉnh Hưng Yên, Việt Nam",POINT (106.3375244140625 20.44413948059082),768
Thế Giới Di Động - Thế giới di động Số 406 Lý Bôn,"Thế giới di động Số 406 Lý Bôn, Phường Trần Hưng Đạo, Tỉnh Hưng Yên, Việt Nam",POINT (106.33544921875 20.448442459106445),442
Thế Giới Di Động - Thế giới di động Thôn Đồng Thanh,"Thế giới di động Thôn Đồng Thanh, Phường Thái Bình, Tỉnh Hưng Yên, Việt Nam",POINT (106.31935119628906 20.470327377319336),1123
Điện Máy Xanh - Điện máy Xanh Thôn Vạn Xuân Đông,"Điện máy Xanh Thôn Vạn Xuân Đông, Xã Đông Thụy Anh, Tỉnh Hưng Yên, Việt Nam",POINT (106.60775756835938 20.5941219329834),9893
Điện Máy Xanh - Điện máy Xanh Thôn Thượng Phúc,"Điện máy Xanh Thôn Thượng Phúc, Xã Thụy Anh, Tỉnh Hưng Yên, Việt Nam",POINT (106.50127410888672 20.558368682861328),8308
Điện Máy Xanh - Điện máy Xanh Thôn Văn Văn Tây,"Điện máy Xanh Thôn Văn Văn Tây, Xã Thái Ninh, Tỉnh Hưng Yên, Việt Nam",POINT (106.5135498046875 20.506771087646484),10158
Điện Máy Xanh - Điện máy Xanh Thôn Lục Nam,"Điện máy Xanh Thôn Lục Nam, Xã Đông Thái Ninh, Tỉnh Hưng Yên, Việt Nam",POINT (106.54685974121094 20.507095336914062),7816
Điện Máy Xanh - Điện máy Xanh Thôn Phong Lẫm,"Điện máy Xanh Thôn Phong Lẫm, Xã Nam Thụy Anh, Tỉnh Hưng Yên, Việt Nam",POINT (106.46434020996094 20.54941177368164),7853
Thế Giới Di Động - Thế giới di động Khu 6,"Thế giới di động Khu 6, Xã Thái Thụy, Tỉnh Hưng Yên, Việt Nam",POINT (106.56739044189453 20.560951232910156),369
Điện Máy Xanh - Điện máy Xanh Số 132 đường Trần Thái Tông,"Điện máy Xanh Số 132 đường Trần Thái Tông, Tổ 29, Phường Thái Bình, Tỉnh Hưng Yên, Việt Nam",POINT (106.33834075927734 20.453603744506836),880
Điện Máy Xanh - Điện máy Xanh Số 456 Lý Bôn,"Điện máy Xanh Số 456 Lý Bôn, Phường Thái Bình, Tỉnh Hưng Yên, Việt Nam",POINT (106.33643341064453 20.446311950683594),3952
Điện Máy Xanh - Điện máy Xanh Thôn Đức Cơ,"Điện máy Xanh Thôn Đức Cơ, Xã Đồng Châu, Tỉnh Hưng Yên, Việt Nam",POINT (106.54390716552734 20.392169952392578),7854
Thế Giới Di Động - Thế giới di động Thôn Vĩnh Trà,"Thế giới di động Thôn Vĩnh Trà, Xã Hưng Phú, Tỉnh Hưng Yên, Việt Nam",POINT (106.5442123413086 20.3441219329834),1079
Điện Máy Xanh - Điện máy Xanh Thị tứ Tân Lập,"Điện máy Xanh Thị tứ Tân Lập, Xã Tân Thuận, Tỉnh Hưng Yên, Việt Nam",POINT (106.23221588134766 20.438640594482422),9827
Thế Giới Di Động - Thế giới di động 531 Phạm Văn Đồng (Cạnh Trung tâm Văn Hóa - Ngã 4 TX Phổ Yên),"Thế giới di động 531 Phạm Văn Đồng (Cạnh Trung tâm Văn Hóa - Ngã 4 TX Phổ Yên), Phường Phổ Yên, Tỉnh Thái Nguyên, Việt Nam",POINT (105.87032318115234 21.41922378540039),1552
Điện Máy Xanh - Điện máy Xanh Tổ dân phố Cầu Thành 1,"Điện máy Xanh Tổ dân phố Cầu Thành 1, Xã Đại Phúc, Tỉnh Thái Nguyên, Việt Nam",POINT (105.64685821533203 21.63353157043457),1596
Điện Máy Xanh - Điện máy Xanh Đường ĐT261,"Điện máy Xanh Đường ĐT261, Xã Vạn Phú, Tỉnh Thái Nguyên, Việt Nam",POINT (105.64970397949219 21.568937301635742),11142
Điện Máy Xanh - Điện máy Xanh Xã Phú Xuyên,"Điện máy Xanh Xã Phú Xuyên, Tỉnh Thái Nguyên, Việt Nam",POINT (105.51646423339844 21.686622619628906),7907
Thế Giới Di Động - Thế giới di động Phố Chợ 1,"Thế giới di động Phố Chợ 1, Xã Đại Phúc, Tỉnh Thái Nguyên, Việt Nam",POINT (105.64112854003906 21.631160736083984),157
Điện Máy Xanh - Điện máy Xanh Số 390 Hợp Thành,"Điện máy Xanh Số 390 Hợp Thành, Xã Định Hóa, Tỉnh Thái Nguyên, Việt Nam",POINT (105.64215087890625 21.90751075744629),1242
Điện Máy Xanh - Điện máy Xanh Tổ 5,"Điện máy Xanh Tổ 5, Phường Linh Sơn, Tỉnh Thái Nguyên, Việt Nam",POINT (105.84345245361328 21.622970581054688),8283
Thế Giới Di Động - Thế giới di động Số nhà 08,"Thế giới di động Số nhà 08, Tổ 17 (Đồng Hỷ), Phường Linh Sơn, Tỉnh Thái Nguyên, Việt Nam",POINT (105.84427642822266 21.625070571899414),1178
Điện Máy Xanh - Điện máy Xanh Số 200 đường Phạm Văn Đồng,"Điện máy Xanh Số 200 đường Phạm Văn Đồng, tổ dân phố 4, Phường Phổ Yên, Tỉnh Thái Nguyên, Việt Nam",POINT (105.87091827392578 21.41721534729004),1008
Điện Máy Xanh - Điện máy Xanh Phố Thanh Xuyên,"Điện máy Xanh Phố Thanh Xuyên, Phường Trung Thành, Tỉnh Thái Nguyên, Việt Nam",POINT (105.87409973144531 21.366100311279297),8239
Điện Máy Xanh - Điện máy Xanh Thửa đất số 279 tờ bản đồ 61,"Điện máy Xanh Thửa đất số 279 tờ bản đồ 61, Xã Thành Công, Tỉnh Thái Nguyên, Việt Nam",POINT (105.8083267211914 21.401193618774414),9822
Điện Máy Xanh - Điện máy Xanh Xóm Đồng Xuân,"Điện máy Xanh Xóm Đồng Xuân, Phường Vạn Xuân, Tỉnh Thái Nguyên, Việt Nam",POINT (105.9283676147461 21.385501861572266),10150
Thế Giới Di Động - Thế giới di động Cổng Nam 2 (nhà máy Samsung) khu CN Yên Bình,"Thế giới di động Cổng Nam 2 (nhà máy Samsung) khu CN Yên Bình, Phường Vạn Xuân, Tỉnh Thái Nguyên, Việt Nam",POINT (105.89521789550781 21.42095947265625),1659
Điện Máy Xanh - Điện máy Xanh Tổ 4,"Điện máy Xanh Tổ 4, Xã Phú Bình, Tỉnh Thái Nguyên, Việt Nam",POINT (105.97651672363281 21.462263107299805),1185
Điện Máy Xanh - Điện máy Xanh Xóm Thuần Pháp,"Điện máy Xanh Xóm Thuần Pháp, Xã Điềm Thụy, Tỉnh Thái Nguyên, Việt Nam",POINT (105.91950225830078 21.472244262695312),8320
Điện Máy Xanh - Điện máy Xanh Xã Kha Sơn,"Điện máy Xanh Xã Kha Sơn, Tỉnh Thái Nguyên, Việt Nam",POINT (105.9864273071289 21.417659759521484),8304
Điện Máy Xanh - Điện máy Xanh Tiểu Khu An Thái,"Điện máy Xanh Tiểu Khu An Thái, Xã Phú Lương, Tỉnh Thái Nguyên, Việt Nam",POINT (105.70822143554688 21.7252254486084),84
Điện Máy Xanh - Điện máy Xanh Phố Giang Trung,"Điện máy Xanh Phố Giang Trung, Xã Phú Lương, Tỉnh Thái Nguyên, Việt Nam",POINT (105.73908996582031 21.67323875427246),1393
Điện Máy Xanh - Điện máy Xanh Thửa đất 1099,"Điện máy Xanh Thửa đất 1099, 1010 tờ bản đồ 68, Phường Phúc Thuận, Tỉnh Thái Nguyên, Việt Nam",POINT (105.77986907958984 21.451692581176758),7920
Điện Máy Xanh - Điện máy Xanh 197 Cách Mạng Tháng 8,"Điện máy Xanh 197 Cách Mạng Tháng 8, Phường Phan Đình Phùng, Tỉnh Thái Nguyên, Việt Nam",POINT (105.84725952148438 21.588407516479492),1932
Điện Máy Xanh - Điện máy Xanh 309 Lương Ngọc Quyến,"Điện máy Xanh 309 Lương Ngọc Quyến, Phường Phan Đình Phùng, Tỉnh Thái Nguyên, Việt Nam",POINT (105.82533264160156 21.593219757080078),2446
Điện Máy Xanh - Điện máy Xanh Số 192 Cách Mạng Tháng 8,"Điện máy Xanh Số 192 Cách Mạng Tháng 8, Phường Sông Công, Tỉnh Thái Nguyên, Việt Nam",POINT (105.8453598022461 21.4681339263916),1650
Điện Máy Xanh - Điện máy Xanh Số 271 Quang Trung,"Điện máy Xanh Số 271 Quang Trung, Phường Phan Đình Phùng, Tỉnh Thái Nguyên, Việt Nam",POINT (105.81642150878906 21.57967758178711),1347
Điện Máy Xanh - Điện máy Xanh Số nhà 442/1 Đường Cách mạng Tháng 8,"Điện máy Xanh Số nhà 442/1 Đường Cách mạng Tháng 8, Phường Tích Lương, Tỉnh Thái Nguyên, Việt Nam",POINT (105.87024688720703 21.546302795410156),7312
Điện Máy Xanh - Điện máy Xanh 883 Dương Tự Minh,"Điện máy Xanh 883 Dương Tự Minh, Phường Quan Triều, Tỉnh Thái Nguyên, Việt Nam",POINT (105.82026672363281 21.603221893310547),2314
Điện Máy Xanh - Điện máy Xanh Tổ 26,"Điện máy Xanh Tổ 26, Phường Tích Lương, Tỉnh Thái Nguyên, Việt Nam",POINT (105.84754180908203 21.548954010009766),82
Thế Giới Di Động - Thế giới di động Số 101,"Thế giới di động Số 101, Đường Cách Mạng Tháng Tám, Phường Sông Công, Tỉnh Thái Nguyên, Việt Nam",POINT (105.84249114990234 21.4713134765625),4649
Thế Giới Di Động - Thế giới di động 01 Lương Ngọc Quyến,"Thế giới di động 01 Lương Ngọc Quyến, tổ 4, Phường Phan Đình Phùng, Tỉnh Thái Nguyên, Việt Nam",POINT (105.82418823242188 21.60086441040039),313
Thế Giới Di Động - Thế giới di động Số 341 Bắc Kạn,"Thế giới di động Số 341 Bắc Kạn, Tổ 14 (Cầu Gia Bẩy), Phường Phan Đình Phùng, Tỉnh Thái Nguyên, Việt Nam",POINT (105.83422088623047 21.59882164001465),325
Thế Giới Di Động - Thế giới di động Số nhà 464,"Thế giới di động Số nhà 464, Đường Cách Mạng Tháng Tám, Phường Tích Lương, Tỉnh Thái Nguyên, Việt Nam",POINT (105.8712387084961 21.545085906982422),1095
Thế Giới Di Động - Thế giới di động 477 đường Lương Ngọc Quyến,"Thế giới di động 477 đường Lương Ngọc Quyến, Phường Phan Đình Phùng, Tỉnh Thái Nguyên, Việt Nam",POINT (105.82921600341797 21.588247299194336),799
Thế Giới Di Động - Thế giới di động Đường Dương Tự Minh,"Thế giới di động Đường Dương Tự Minh, Tổ 16 (Tân Long) (ngay vòng xoay Tân Long), Phường Quan Triều, Tỉnh Thái Nguyên, Việt Nam",POINT (105.79174041748047 21.62210464477539),2151
Điện Máy Xanh - Điện máy Xanh Số 183 phố Thái Long,"Điện máy Xanh Số 183 phố Thái Long, Xã Võ Nhai, Tỉnh Thái Nguyên, Việt Nam",POINT (106.07418060302734 21.752029418945312),1646
Điện Máy Xanh - Điện máy Xanh Tổ dân phố 5,"Điện máy Xanh Tổ dân phố 5, Xã A Lưới 2, Thành phố Huế, Việt Nam",POINT (107.23137664794922 16.271350860595703),4576
Điện Máy Xanh - Điện máy Xanh Thôn A Đớt,"Điện máy Xanh Thôn A Đớt, Xã A Lưới 4, Thành phố Huế, Việt Nam",POINT (107.35831451416016 16.098249435424805),11877
Điện Máy Xanh - Điện máy Xanh Số 01 đường Hà Nội,"Điện máy Xanh Số 01 đường Hà Nội, Phường Thuận Hóa, Thành phố Huế, Việt Nam",POINT (107.58698272705078 16.464033126831055),497
Điện Máy Xanh - Điện máy Xanh 185 Hùng Vương,"Điện máy Xanh 185 Hùng Vương, Phường An Cựu, Thành phố Huế, Việt Nam",POINT (107.6004867553711 16.455039978027344),959
Điện Máy Xanh - Điện máy Xanh Số 197 - 199 Trần Hưng Đạo,"Điện máy Xanh Số 197 - 199 Trần Hưng Đạo, Phường Phú Xuân, Thành phố Huế, Việt Nam",POINT (107.58780670166016 16.47239112854004),722
Điện Máy Xanh - Điện máy Xanh 128A Lý Thái Tổ,"Điện máy Xanh 128A Lý Thái Tổ, Phường Hương An, Thành phố Huế, Việt Nam",POINT (107.54766845703125 16.484975814819336),2488
Điện Máy Xanh - Điện máy Xanh 68-70 Trần Phú,"Điện máy Xanh 68-70 Trần Phú, Phường Thuận Hóa, Thành phố Huế, Việt Nam",POINT (107.59182739257812 16.45329475402832),1916
Thế Giới Di Động - Thế giới di động 02 Nguyễn Sinh Cung,"Thế giới di động 02 Nguyễn Sinh Cung, Phường Vỹ Dạ, Thành phố Huế, Việt Nam",POINT (107.59542083740234 16.474567413330078),1160
Thế Giới Di Động - Thế giới di động 101 Bùi Thị Xuân,"Thế giới di động 101 Bùi Thị Xuân, Phường Thuận Hóa, Thành phố Huế, Việt Nam",POINT (107.5748062133789 16.457683563232422),1117
Thế Giới Di Động - Thế giới di động 254 Nguyễn Trãi,"Thế giới di động 254 Nguyễn Trãi, Phường Phú Xuân, Thành phố Huế, Việt Nam",POINT (107.56519317626953 16.47746467590332),934
Thế Giới Di Động - Thế giới di động Số 57 Bà Triệu,"Thế giới di động Số 57 Bà Triệu, Phường Vỹ Dạ, Thành phố Huế, Việt Nam",POINT (107.59925842285156 16.467525482177734),265
Thế Giới Di Động - Thế giới di động Số 75 Hùng Vương,"Thế giới di động Số 75 Hùng Vương, Phường Thuận Hóa, Thành phố Huế, Việt Nam",POINT (107.5944595336914 16.46367645263672),1159
Thế Giới Di Động - Thế giới di động 85 Đinh Tiên Hoàng,"Thế giới di động 85 Đinh Tiên Hoàng, Phường Phú Xuân, Thành phố Huế, Việt Nam",POINT (107.5789794921875 16.476388931274414),1993
Điện Máy Xanh - Điện máy Xanh Số 1110 Nguyễn Tất Thành,"Điện máy Xanh Số 1110 Nguyễn Tất Thành, Phường Phú Bài, Thành phố Huế, Việt Nam",POINT (107.6766586303711 16.40946388244629),364
Điện Máy Xanh - Điện máy Xanh 503 Nguyễn Tất Thành,"Điện máy Xanh 503 Nguyễn Tất Thành, Phường Thanh Thủy, Thành phố Huế, Việt Nam",POINT (107.63445281982422 16.433311462402344),2389
Điện Máy Xanh - Điện máy Xanh Quốc lộ 1A,"Điện máy Xanh Quốc lộ 1A, Thôn Xuân Sơn, Xã Hưng Lộc, Thành phố Huế, Việt Nam",POINT (107.74540710449219 16.33677864074707),2863
Điện Máy Xanh - Điện máy Xanh Thôn 05,"Điện máy Xanh Thôn 05, Phường Phú Bài, Thành phố Huế, Việt Nam",POINT (107.71941375732422 16.375417709350586),9853
Điện Máy Xanh - Điện máy Xanh TDP Hoà Tây,"Điện máy Xanh TDP Hoà Tây, Xã Phú Vang, Thành phố Huế, Việt Nam",POINT (107.70947265625 16.434206008911133),8233
Thế Giới Di Động - Thế giới di động 1119 Nguyễn Tất Thành,"Thế giới di động 1119 Nguyễn Tất Thành, Phường Phú Bài, Thành phố Huế, Việt Nam",POINT (107.6718521118164 16.41185188293457),4545
Điện Máy Xanh - Điện máy Xanh Khu vực 10,"Điện máy Xanh Khu vực 10, Phường Hương Trà, Thành phố Huế, Việt Nam",POINT (107.48191833496094 16.52021598815918),5441
Điện Máy Xanh - Điện máy Xanh Đường Nguyễn Vịnh,"Điện máy Xanh Đường Nguyễn Vịnh, Xã Quảng Điền, Thành phố Huế, Việt Nam",POINT (107.51396942138672 16.582916259765625),2420
Điện Máy Xanh - Điện máy Xanh Thôn Đông Hòa,"Điện máy Xanh Thôn Đông Hòa, Xã Bình Điền, Thành phố Huế, Việt Nam",POINT (107.50704956054688 16.352664947509766),8092
Điện Máy Xanh - Điện máy Xanh Đường Cách Mạng Tháng Tám,"Điện máy Xanh Đường Cách Mạng Tháng Tám, Tổ dân phố An Lỗ, Phường Phong Thái, Thành phố Huế, Việt Nam",POINT (107.45325469970703 16.546566009521484),11626
Điện Máy Xanh - Điện máy Xanh 57 Phò Trạch,"Điện máy Xanh 57 Phò Trạch, Tổ dân phố Sơn Quả, Phường Phong Thái, Thành phố Huế, Việt Nam",POINT (107.40705871582031 16.493301391601562),10373
Thế Giới Di Động - Thế giới di động Số 11 Cách Mạng Tháng Tám,"Thế giới di động Số 11 Cách Mạng Tháng Tám, Phường Kim Trà, Thành phố Huế, Việt Nam",POINT (107.4801025390625 16.521291732788086),370
Điện Máy Xanh - Điện máy Xanh Tổ dân phố 1,"Điện máy Xanh Tổ dân phố 1, Xã Khe Tre, Thành phố Huế, Việt Nam",POINT (107.72002410888672 16.17443084716797),6979
Điện Máy Xanh - Điện máy Xanh 57 Phò Trạch,"Điện máy Xanh 57 Phò Trạch, Phường Phong Điền, Thành phố Huế, Việt Nam",POINT (107.3674087524414 16.57971954345703),2291
Điện Máy Xanh - Điện máy Xanh Thôn Giáp Nam,"Điện máy Xanh Thôn Giáp Nam, Phường Phong Phú, Thành phố Huế, Việt Nam",POINT (107.41221618652344 16.682369232177734),7906
Điện Máy Xanh - Điện máy Xanh Thôn Hòa Viện,"Điện máy Xanh Thôn Hòa Viện, Phường Phong Dinh, Thành phố Huế, Việt Nam",POINT (107.33114624023438 16.66659927368164),10893
Thế Giới Di Động - Thế giới di động Số 12 Đường Phò Trạch,"Thế giới di động Số 12 Đường Phò Trạch, Phường Phong Điền, Thành phố Huế, Việt Nam",POINT (107.35965728759766 16.585037231445312),1105
Điện Máy Xanh - Điện máy Xanh Số 539 Lạc Long Quân,"Điện máy Xanh Số 539 Lạc Long Quân, Xã Chân Mây - Lăng Cô, Thành phố Huế, Việt Nam",POINT (108.06710052490234 16.254295349121094),1191
Điện Máy Xanh - Điện máy Xanh Thôn Sư Lỗ,"Điện máy Xanh Thôn Sư Lỗ, Xã Lộc An, Thành phố Huế, Việt Nam",POINT (107.77904510498047 16.316692352294922),10947
Điện Máy Xanh - Điện máy Xanh Thôn Phú Cường,"Điện máy Xanh Thôn Phú Cường, Xã Chân Mây - Lăng Cô, Thành phố Huế, Việt Nam",POINT (107.93650817871094 16.272850036621094),8014
Điện Máy Xanh - Điện máy Xanh Thôn Phụng Chánh 1,"Điện máy Xanh Thôn Phụng Chánh 1, Xã Vinh Lộc, Thành phố Huế, Việt Nam",POINT (107.84366607666016 16.375139236450195),8717
Điện Máy Xanh - Điện máy Xanh Thôn Cao Đôi Xã,"Điện máy Xanh Thôn Cao Đôi Xã, Xã Phú Lộc, Thành phố Huế, Việt Nam",POINT (107.88469696044922 16.26991844177246),13724
Điện Máy Xanh - Điện máy Xanh 08 Kinh Dương Vương,"Điện máy Xanh 08 Kinh Dương Vương, Phường Thuận An, Thành phố Huế, Việt Nam",POINT (107.6426773071289 16.54829216003418),2050
Điện Máy Xanh - Điện máy Xanh Quốc lộ 48B,"Điện máy Xanh Quốc lộ 48B, Xã Vinh Thanh, Huyện Phú Vang, Tỉnh Thừa Thiên Huế, Việt Nam",POINT (107.78060150146484 16.436826705932617),9329
Điện Máy Xanh - Điện máy Xanh Thôn Cự Lại Nam,"Điện máy Xanh Thôn Cự Lại Nam, Phường Thuận An, Thành phố Huế, Việt Nam",POINT (107.70494842529297 16.522550582885742),10578
Thế Giới Di Động - Thế giới di động Thôn Tân Mỹ,"Thế giới di động Thôn Tân Mỹ, Phường Thuận An, Thành phố Huế, Việt Nam",POINT (107.63874053955078 16.547895431518555),13866
Điện Máy Xanh - Điện máy Xanh Thôn 03,"Điện máy Xanh Thôn 03, Phường Phong Quảng, Thành phố Huế, Việt Nam",POINT (107.55026245117188 16.608909606933594),8278
Điện Máy Xanh - Điện máy Xanh Số 12 tổ 1 ấp 2,"Điện máy Xanh Số 12 tổ 1 ấp 2, Quốc lộ 1A, Xã Thanh Hưng, Tỉnh Đồng Tháp, Việt Nam",POINT (105.89034271240234 10.31815242767334),1581
Điện Máy Xanh - Điện máy Xanh Khu 3,"Điện máy Xanh Khu 3, Xã Cái Bè, Tỉnh Đồng Tháp, Việt Nam",POINT (106.03372955322266 10.339739799499512),1784
Điện Máy Xanh - Điện máy Xanh Số 22 QL1A,"Điện máy Xanh Số 22 QL1A, Xã Cái Bè, Tỉnh Đồng Tháp, Việt Nam",POINT (105.98741149902344 10.36134147644043),1570
Điện Máy Xanh - Điện máy Xanh Ấp Hậu Phú 1,"Điện máy Xanh Ấp Hậu Phú 1, Xã Hậu Mỹ, Tỉnh Đồng Tháp, Việt Nam",POINT (105.96920013427734 10.505290031433105),6600
Điện Máy Xanh - Điện máy Xanh Ấp Thái Hòa,"Điện máy Xanh Ấp Thái Hòa, Xã Mỹ Lợi, Tỉnh Đồng Tháp, Việt Nam",POINT (105.9163818359375 10.336396217346191),7051
Điện Máy Xanh - Điện máy Xanh Ấp Hậu Hoa,"Điện máy Xanh Ấp Hậu Hoa, Xã Hội Cư, Tỉnh Đồng Tháp, Việt Nam",POINT (106.01176452636719 10.393403053283691),7142
Điện Máy Xanh - Điện máy Xanh Ấp Mỹ Lược,"Điện máy Xanh Ấp Mỹ Lược, Xã Mỹ Thiện, Tỉnh Đồng Tháp, Việt Nam",POINT (105.96076965332031 10.404582977294922),10177
Thế Giới Di Động - Thế giới di động Số 2,"Thế giới di động Số 2, Tổ 2, Ấp 1, Xã Thanh Hưng, Tỉnh Đồng Tháp, Việt Nam",POINT (105.89067840576172 10.319576263427734),435
Thế Giới Di Động - Thế giới di động Số 212,"Thế giới di động Số 212, Tổ 13, KP 3, Xã Cái Bè, Tỉnh Đồng Tháp, Việt Nam",POINT (106.03352355957031 10.339188575744629),938
Thế Giới Di Động - Thế giới di động Ấp Hậu Phú 1,"Thế giới di động Ấp Hậu Phú 1, Xã Hậu Mỹ, Tỉnh Đồng Tháp, Việt Nam",POINT (105.96900177001953 10.505913734436035),13861
Thế Giới Di Động - Thế giới di động Ấp 1,"Thế giới di động Ấp 1, Xã Thanh Hưng, Tỉnh Đồng Tháp, Việt Nam",POINT (105.84317779541016 10.32613754272461),10510
Điện Máy Xanh - Điện máy Xanh Số 2/9 Quốc Lộ 1A,"Điện máy Xanh Số 2/9 Quốc Lộ 1A, Phường Cai Lậy, Tỉnh Đồng Tháp, Việt Nam",POINT (106.12345123291016 10.404563903808594),647
Điện Máy Xanh - Điện máy Xanh Ấp 12,"Điện máy Xanh Ấp 12, Xã Long Tiên, Tỉnh Đồng Tháp, Việt Nam",POINT (106.11895751953125 10.311712265014648),6270
Điện Máy Xanh - Điện máy Xanh Đường 868,"Điện máy Xanh Đường 868, Ấp Kinh 12, Phường Mỹ Phước Tây, Tỉnh Đồng Tháp, Việt Nam",POINT (106.09555053710938 10.492804527282715),2410
Điện Máy Xanh - Điện máy Xanh Ấp Bình Tịnh,"Điện máy Xanh Ấp Bình Tịnh, Xã Bình Phú, Tỉnh Đồng Tháp, Việt Nam",POINT (106.08161926269531 10.41488265991211),7092
Điện Máy Xanh - Điện máy Xanh Ấp Quí Chánh,"Điện máy Xanh Ấp Quí Chánh, Phường Nhị Quý, Tỉnh Đồng Tháp, Việt Nam",POINT (106.18433380126953 10.390999794006348),6977
Điện Máy Xanh - Điện máy Xanh Ấp Chà Là,"Điện máy Xanh Ấp Chà Là, Xã Mỹ Thành, Tỉnh Đồng Tháp, Việt Nam",POINT (106.0560302734375 10.44176197052002),7125
Điện Máy Xanh - Điện máy Xanh 28 ấp Bình Thuận,"Điện máy Xanh 28 ấp Bình Thuận, Xã Ngũ Hiệp, Tỉnh Đồng Tháp, Việt Nam",POINT (106.15324401855469 10.309386253356934),6929
Thế Giới Di Động - Thế giới di động Số 3/59 Quốc Lộ 1A,"Thế giới di động Số 3/59 Quốc Lộ 1A, Khu Phố 3, Phường Mỹ Phước Tây, Tỉnh Đồng Tháp, Việt Nam",POINT (106.11868286132812 10.405025482177734),189
Thế Giới Di Động - Thế giới di động Số 39,"Thế giới di động Số 39, Phường Mỹ Phước Tây, Tỉnh Đồng Tháp, Việt Nam",POINT (106.11991882324219 10.411299705505371),984
Thế Giới Di Động - Thế giới di động Xã Bình Phú,"Thế giới di động Xã Bình Phú, Tỉnh Đồng Tháp, Việt Nam",POINT (106.04047393798828 10.369321823120117),9256
Điện Máy Xanh - Điện máy Xanh Số 770 Quốc lộ 1A,"Điện máy Xanh Số 770 Quốc lộ 1A, Tổ 13, Ấp Tân Phong, Xã Châu Thành, Tỉnh Đồng Tháp, Việt Nam",POINT (106.34748840332031 10.457535743713379),2413
Điện Máy Xanh - Điện máy Xanh 379 tổ 9 ấp Thới,"Điện máy Xanh 379 tổ 9 ấp Thới, Xã Long Định, Tỉnh Đồng Tháp, Việt Nam",POINT (106.2465591430664 10.3597993850708),2204
Điện Máy Xanh - Điện máy Xanh Ấp Hưng,"Điện máy Xanh Ấp Hưng, Xã Bình Trưng, Tỉnh Đồng Tháp, Việt Nam",POINT (106.21133422851562 10.405721664428711),6997
Điện Máy Xanh - Điện máy Xanh Ấp Trung,"Điện máy Xanh Ấp Trung, Xã Long Định, Tỉnh Đồng Tháp, Việt Nam",POINT (106.24384307861328 10.389514923095703),6909
Điện Máy Xanh - Điện máy Xanh Ấp Tân Phú 1,"Điện máy Xanh Ấp Tân Phú 1, Xã Tân Thuận Bình, Tỉnh Đồng Tháp, Việt Nam",POINT (106.46312713623047 10.359502792358398),1683
Điện Máy Xanh - Điện máy Xanh Ấp Bình Phú Quới,"Điện máy Xanh Ấp Bình Phú Quới, Xã Tân Thuận Bình, Tỉnh Đồng Tháp, Việt Nam",POINT (106.45507049560547 10.390604972839355),7093
Thế Giới Di Động - Thế giới di động Ấp Long Thạnh,"Thế giới di động Ấp Long Thạnh, Xã Chợ Gạo, Tỉnh Đồng Tháp, Việt Nam",POINT (106.44999694824219 10.353289604187012),953
Điện Máy Xanh - Điện máy Xanh Trương Định,"Điện máy Xanh Trương Định, Khu Phố 3, Phường Long Thuận, Tỉnh Đồng Tháp, Việt Nam",POINT (106.67536163330078 10.358174324035645),744
Điện Máy Xanh - Điện máy Xanh Ấp Gò Lức,"Điện máy Xanh Ấp Gò Lức, Xã Tân Đông, Tỉnh Đồng Tháp, Việt Nam",POINT (106.71463012695312 10.39727783203125),2245
Điện Máy Xanh - Điện máy Xanh Số 49A Quốc lộ 50,"Điện máy Xanh Số 49A Quốc lộ 50, Phường Gò Công, Tỉnh Đồng Tháp, Việt Nam",POINT (106.66786193847656 10.361444473266602),2244
Điện Máy Xanh - Điện máy Xanh Số 619 Ấp Ông Non,"Điện máy Xanh Số 619 Ấp Ông Non, Phường Sơn Qui, Tỉnh Đồng Tháp, Việt Nam",POINT (106.67594909667969 10.399068832397461),2870
Điện Máy Xanh - Điện máy Xanh Thửa đất số 733 và 734,"Điện máy Xanh Thửa đất số 733 và 734, tờ bản đồ số 09, Phường Bình Xuân, Tỉnh Đồng Tháp, Việt Nam",POINT (106.62969207763672 10.436431884765625),10731
Điện Máy Xanh - Điện máy Xanh Ấp Hoà Phú,"Điện máy Xanh Ấp Hoà Phú, Xã Long Bình, Tỉnh Đồng Tháp, Việt Nam",POINT (106.62850189208984 10.29753303527832),7702
Thế Giới Di Động - Thế giới di động 313 đường Nguyễn Huệ,"Thế giới di động 313 đường Nguyễn Huệ, KP.3, Phường Long Thuận, Tỉnh Đồng Tháp, Việt Nam",POINT (106.67607879638672 10.359286308288574),456
Thế Giới Di Động - Thế giới di động Số 06,"Thế giới di động Số 06, khu phố 1, Phường Gò Công, Tỉnh Đồng Tháp, Việt Nam",POINT (106.67440032958984 10.359278678894043),1503
Điện Máy Xanh - Điện máy Xanh Khu Phố Dương Phú,"Điện máy Xanh Khu Phố Dương Phú, Xã Tân Hòa, Tỉnh Đồng Tháp, Việt Nam",POINT (106.70651245117188 10.319401741027832),5751
Điện Máy Xanh - Điện máy Xanh Khu phố 4 và Khu phố Chợ 1,"Điện máy Xanh Khu phố 4 và Khu phố Chợ 1, Xã Gia Thuận, Tỉnh Đồng Tháp, Việt Nam",POINT (106.76678466796875 10.41072940826416),7340
Điện Máy Xanh - Điện máy Xanh Ấp Gò Me,"Điện máy Xanh Ấp Gò Me, Xã Tân Điền, Tỉnh Đồng Tháp, Việt Nam",POINT (106.73831176757812 10.35791015625),7084
Điện Máy Xanh - Điện máy Xanh Ấp 7,"Điện máy Xanh Ấp 7, Xã Tân Đông, Tỉnh Đồng Tháp, Việt Nam",POINT (106.708984375 10.44149112701416),7146
Điện Máy Xanh - Điện máy Xanh Ấp Chợ,"Điện máy Xanh Ấp Chợ, Xã Gò Công Đông, Tỉnh Đồng Tháp, Việt Nam",POINT (106.71358489990234 10.319742202758789),9976
Thế Giới Di Động - Thế giới di động Số 162 - 163,"Thế giới di động Số 162 - 163, Tỉnh Lộ 862, KP Hòa Thơm 1, Xã Tân Hòa, Tỉnh Đồng Tháp, Việt Nam",POINT (106.71127319335938 10.321050643920898),1050
Điện Máy Xanh - Điện máy Xanh 635 Bình Hòa Đông,"Điện máy Xanh 635 Bình Hòa Đông, Xã Đồng Sơn, Tỉnh Đồng Tháp, Việt Nam",POINT (106.578369140625 10.35750961303711),614
Điện Máy Xanh - Điện máy Xanh Ấp Bình Tây,"Điện máy Xanh Ấp Bình Tây, Xã Vĩnh Bình, Tỉnh Đồng Tháp, Việt Nam",POINT (106.52882385253906 10.357792854309082),7611
Thế Giới Di Động - Thế giới di động Ấp Thượng (Khu phố 3),"Thế giới di động Ấp Thượng (Khu phố 3), Xã Vĩnh Bình, Tỉnh Đồng Tháp, Việt Nam",POINT (106.57989501953125 10.347565650939941),8742
Thế Giới Di Động - Thế giới di động Số 303 ấp Chợ,"Thế giới di động Số 303 ấp Chợ, Xã Gia Thuận, Tỉnh Đồng Tháp, Việt Nam",POINT (106.74475860595703 10.390621185302734),1166
Điện Máy Xanh - Điện máy Xanh Số 115 đường Nguyễn Trãi,"Điện máy Xanh Số 115 đường Nguyễn Trãi, Phường Mỹ Tho, Tỉnh Đồng Tháp, Việt Nam",POINT (106.36701965332031 10.361173629760742),552
Điện Máy Xanh - Điện máy Xanh 98 Ấp Bắc,"Điện máy Xanh 98 Ấp Bắc, KP 4, Phường Trung An, Tỉnh Đồng Tháp, Việt Nam",POINT (106.3440933227539 10.37628173828125),1677
Điện Máy Xanh - Điện máy Xanh Ấp Chợ,"Điện máy Xanh Ấp Chợ, Phường Trung An, Tỉnh Đồng Tháp, Việt Nam",POINT (106.31358337402344 10.34196949005127),9201
Điện Máy Xanh - Điện máy Xanh Xã Lương Hòa Lạc,"Điện máy Xanh Xã Lương Hòa Lạc, Tỉnh Đồng Tháp, Việt Nam",POINT (106.3538589477539 10.416943550109863),7701
Điện Máy Xanh - Điện máy Xanh Ấp Mới,"Điện máy Xanh Ấp Mới, Xã Long Định, Tỉnh Đồng Tháp, Việt Nam",POINT (106.2520980834961 10.399955749511719),7008
Điện Máy Xanh - Điện máy Xanh Ấp Thân Hoà,"Điện máy Xanh Ấp Thân Hoà, Xã Châu Thành, Tỉnh Đồng Tháp, Việt Nam",POINT (106.33733367919922 10.441987037658691),7009
Điện Máy Xanh - Điện máy Xanh Ấp 1,"Điện máy Xanh Ấp 1, Phường Trung An, Tỉnh Đồng Tháp, Việt Nam",POINT (106.3261947631836 10.367441177368164),6881
Thế Giới Di Động - Thế giới di động Số 49,"Thế giới di động Số 49, ấp Vĩnh Thạnh, Xã Vĩnh Kim, Tỉnh Đồng Tháp, Việt Nam",POINT (106.24665069580078 10.355513572692871),954
Thế Giới Di Động - Thế giới di động Số 25-26 Ấp Bắc,"Thế giới di động Số 25-26 Ấp Bắc, Phường Đạo Thạnh, Tỉnh Đồng Tháp, Việt Nam",POINT (106.35880279541016 10.36387825012207),1660
Thế Giới Di Động - Thế giới di động 12 Đinh Bộ Lĩnh,"Thế giới di động 12 Đinh Bộ Lĩnh, Phường Mỹ Tho, Tỉnh Đồng Tháp, Việt Nam",POINT (106.37718200683594 10.35299301147461),724
Thế Giới Di Động - Thế giới di động 348 Quốc Lộ 50,"Thế giới di động 348 Quốc Lộ 50, KP. 05, Phường Mỹ Phong, Tỉnh Đồng Tháp, Việt Nam",POINT (106.3884506225586 10.351396560668945),1922
Thế Giới Di Động - Thế giới di động 49/2 đường Ấp Bắc,"Thế giới di động 49/2 đường Ấp Bắc, Phường Đạo Thạnh, Tỉnh Đồng Tháp, Việt Nam",POINT (106.34850311279297 10.372420310974121),716
Thế Giới Di Động - Thế giới di động 57/6 - 57/8 Lê Thị Hồng Gấm,"Thế giới di động 57/6 - 57/8 Lê Thị Hồng Gấm, Phường Thới Sơn, Tỉnh Đồng Tháp, Việt Nam",POINT (106.34320831298828 10.350625991821289),863
Thế Giới Di Động - Thế giới di động 920 Lý Thường Kiệt,"Thế giới di động 920 Lý Thường Kiệt, Phường Đạo Thạnh, Tỉnh Đồng Tháp, Việt Nam",POINT (106.35694885253906 10.3574857711792),303
Thế Giới Di Động - Thế giới di động Số 132A,"Thế giới di động Số 132A, khu phố 2 (Ngã Ba Trung Lương), Phường Trung An, Tỉnh Đồng Tháp, Việt Nam",POINT (106.34075927734375 10.383750915527344),1397
Thế Giới Di Động - Thế giới di động Số 34,"Thế giới di động Số 34, khu phố 2, ấp Chợ (Gần ngã tư Bình Đức, chợ Bình Đức), Phường Trung An, Tỉnh Đồng Tháp, Việt Nam",POINT (106.31317138671875 10.341636657714844),1882
Điện Máy Xanh - Điện máy Xanh Ấp Phú Thạnh,"Điện máy Xanh Ấp Phú Thạnh, Xã Hưng Thạnh, Tỉnh Đồng Tháp, Việt Nam",POINT (106.33424377441406 10.538830757141113),7610
Điện Máy Xanh - Điện máy Xanh Ấp Tân Hoà,"Điện máy Xanh Ấp Tân Hoà, Xã Tân Hương, Tỉnh Đồng Tháp, Việt Nam",POINT (106.36919403076172 10.485404014587402),7094
Điện Máy Xanh - Điện máy Xanh Đường DT16,"Điện máy Xanh Đường DT16, tổ 6, ấp Tân Phú, Xã Tân Phú Đông, Tỉnh Đồng Tháp, Việt Nam",POINT (106.60990905761719 10.2723970413208),12327
Thế Giới Di Động - Thế giới di động Ấp Tân Phú,"Thế giới di động Ấp Tân Phú, Xã Tân Phú Đông, Tỉnh Đồng Tháp, Việt Nam",POINT (106.65626525878906 10.265856742858887),7095
Điện Máy Xanh - Điện máy Xanh Tổ 2,"Điện máy Xanh Tổ 2, Khu 1, Xã Tân Phước 1, Tỉnh Đồng Tháp, Việt Nam",POINT (106.19444274902344 10.474289894104004),1051
Điện Máy Xanh - Điện máy Xanh Ấp Tân Phú,"Điện máy Xanh Ấp Tân Phú, Xã Châu Thành, Tỉnh Đồng Tháp, Việt Nam",POINT (106.35533905029297 10.467486381530762),3063
Điện Máy Xanh - Điện máy Xanh Ngã 3 chợ Mới,"Điện máy Xanh Ngã 3 chợ Mới, Ấp Tân Phong, Xã Châu Thành, Tỉnh Đồng Tháp, Việt Nam",POINT (106.34205627441406 10.475138664245605),6883
Thế Giới Di Động - Thế giới di động Số 4B/4,"Thế giới di động Số 4B/4, Ấp Rẫy, Xã Châu Thành, Tỉnh Đồng Tháp, Việt Nam",POINT (106.34314727783203 10.449637413024902),361
Thế Giới Di Động - Thế giới di động 699 DT866,"Thế giới di động 699 DT866, Ấp Tân Phong, Xã Châu Thành, Tỉnh Đồng Tháp, Việt Nam",POINT (106.34197235107422 10.47529411315918),9257
Điện Máy Xanh - Điện máy Xanh 41 Quốc lộ 53,"Điện máy Xanh 41 Quốc lộ 53, ấp Nguyệt Lãng B, Xã Bình Phú, Tỉnh Vĩnh Long, Việt Nam",POINT (106.24356079101562 9.959583282470703),2810
Điện Máy Xanh - Điện máy Xanh Số 315-317,"Điện máy Xanh Số 315-317, Quốc lộ 53, Khóm 5, Xã Càng Long, Tỉnh Vĩnh Long, Việt Nam",POINT (106.20552825927734 9.998735427856445),648
Điện Máy Xanh - Điện máy Xanh Tỉnh lộ 911,"Điện máy Xanh Tỉnh lộ 911, ấp Tân An Chợ, Xã Tân An, Tỉnh Vĩnh Long, Việt Nam",POINT (106.15190887451172 9.91064739227295),2811
Điện Máy Xanh - Điện máy Xanh 78 Hương lộ 3,"Điện máy Xanh 78 Hương lộ 3, Ấp Đon, Xã Nhị Long, Tỉnh Vĩnh Long, Việt Nam",POINT (106.26782989501953 10.00705623626709),12778
Thế Giới Di Động - Thế giới di động Số 248 – 250 – 252,"Thế giới di động Số 248 – 250 – 252, QL. 53, Khóm 3, Xã Càng Long, Tỉnh Vĩnh Long, Việt Nam",POINT (106.20528411865234 9.997244834899902),9469
Điện Máy Xanh - Điện máy Xanh Khóm 5,"Điện máy Xanh Khóm 5, Xã Cầu Kè, Tỉnh Vĩnh Long, Việt Nam",POINT (106.05622100830078 9.869285583496094),8127
Thế Giới Di Động - Thế giới di động Số 209,"Thế giới di động Số 209, Đường 30/4, Khóm 5, Xã Cầu Kè, Tỉnh Vĩnh Long, Việt Nam",POINT (106.05623626708984 9.871307373046875),1129
Điện Máy Xanh - Điện máy Xanh 177-196 Đường 3/2,"Điện máy Xanh 177-196 Đường 3/2, khóm Mỹ Cẩm A, Xã Cầu Ngang, Tỉnh Vĩnh Long, Việt Nam",POINT (106.4517822265625 9.799263954162598),2568
Điện Máy Xanh - Điện máy Xanh 161 Quốc lộ 53,"Điện máy Xanh 161 Quốc lộ 53, Xã Hiệp Mỹ, Tỉnh Vĩnh Long, Việt Nam",POINT (106.47639465332031 9.733206748962402),12980
Điện Máy Xanh - Điện máy Xanh Khóm 02,"Điện máy Xanh Khóm 02, Xã Mỹ Long, Tỉnh Vĩnh Long, Việt Nam",POINT (106.50658416748047 9.80840015411377),7855
Thế Giới Di Động - Thế giới di động Số 269,"Thế giới di động Số 269, đường 3/2, khóm Minh Thuận B, Xã Cầu Ngang, Tỉnh Vĩnh Long, Việt Nam",POINT (106.45173645019531 9.796344757080078),61
Điện Máy Xanh - Điện máy Xanh Ấp Đại Thôn A,"Điện máy Xanh Ấp Đại Thôn A, Xã Hòa Minh, Tỉnh Vĩnh Long, Việt Nam",POINT (106.47127532958984 9.905444145202637),12777
Điện Máy Xanh - Điện máy Xanh 249 Quốc Lộ 53,"Điện máy Xanh 249 Quốc Lộ 53, Phường Trường Long Hòa, Tỉnh Vĩnh Long, Việt Nam",POINT (106.5098648071289 9.68658447265625),5381
Điện Máy Xanh - Điện máy Xanh 96 Đường 2/9,"Điện máy Xanh 96 Đường 2/9, Phường Duyên Hải, Tỉnh Vĩnh Long, Việt Nam",POINT (106.49317169189453 9.633840560913086),1378
Điện Máy Xanh - Điện máy Xanh Ấp Rọ Say,"Điện máy Xanh Ấp Rọ Say, Xã Ngũ Lạc, Tỉnh Vĩnh Long, Việt Nam",POINT (106.42835998535156 9.665541648864746),9962
Điện Máy Xanh - Điện máy Xanh Khóm 06,"Điện máy Xanh Khóm 06, Xã Long Thành, Tỉnh Vĩnh Long, Việt Nam",POINT (106.439697265625 9.606919288635254),7652
Thế Giới Di Động - Thế giới di động Số 127 Đường 19/5,"Thế giới di động Số 127 Đường 19/5, Khóm 1, Phường Duyên Hải, Tỉnh Vĩnh Long, Việt Nam",POINT (106.49455261230469 9.635098457336426),9352
Điện Máy Xanh - Điện máy Xanh Khóm 1,"Điện máy Xanh Khóm 1, Xã Tân Hòa, Tỉnh Vĩnh Long, Việt Nam",POINT (106.13058471679688 9.772369384765625),5755
Điện Máy Xanh - Điện máy Xanh Số 03 Quốc Lộ 60,"Điện máy Xanh Số 03 Quốc Lộ 60,, Số 03, quốc lộ 60, khóm 4, Xã Tiểu Cần, Tỉnh Vĩnh Long, Việt Nam",POINT (106.1905288696289 9.814279556274414),1437
Điện Máy Xanh - Điện máy Xanh Ấp Kinh Xáng,"Điện máy Xanh Ấp Kinh Xáng, Xã Tập Ngãi, Tỉnh Vĩnh Long, Việt Nam",POINT (106.22234344482422 9.871818542480469),10614
Thế Giới Di Động - Thế giới di động Khóm 2,"Thế giới di động Khóm 2, Xã Tiểu Cần, Tỉnh Vĩnh Long, Việt Nam",POINT (106.19631958007812 9.821908950805664),9314
Điện Máy Xanh - Điện máy Xanh 186 Đường 3/2,"Điện máy Xanh 186 Đường 3/2, Khóm 4, Xã Trà Cú, Tỉnh Vĩnh Long, Việt Nam",POINT (106.25994110107422 9.691317558288574),5113
Điện Máy Xanh - Điện máy Xanh Ấp Trà Kha,"Điện máy Xanh Ấp Trà Kha, Xã Đại An, Tỉnh Vĩnh Long, Việt Nam",POINT (106.30437469482422 9.633970260620117),9963
Điện Máy Xanh - Điện máy Xanh Đường TL 911,"Điện máy Xanh Đường TL 911, ấp Chợ, Xã Long Hiệp, Tỉnh Vĩnh Long, Việt Nam",POINT (106.34053802490234 9.709582328796387),11997
Điện Máy Xanh - Điện máy Xanh Ấp Chợ,"Điện máy Xanh Ấp Chợ, Xã Tập Sơn, Tỉnh Vĩnh Long, Việt Nam",POINT (106.25958251953125 9.736673355102539),10437
Điện Máy Xanh - Điện máy Xanh Ấp La Bang Chợ,"Điện máy Xanh Ấp La Bang Chợ, Xã Đôn Châu, Tỉnh Vĩnh Long, Việt Nam",POINT (106.38030242919922 9.656472206115723),7727
Điện Máy Xanh - Điện máy Xanh Ấp Chợ Dưới,"Điện máy Xanh Ấp Chợ Dưới, Xã Tập Sơn, Tỉnh Vĩnh Long, Việt Nam",POINT (106.30892181396484 9.759422302246094),7329
Thế Giới Di Động - Thế giới di động Số 283,"Thế giới di động Số 283, đường 3/2, Xã Trà Cú, Tỉnh Vĩnh Long, Việt Nam",POINT (106.26017761230469 9.688556671142578),1465
Điện Máy Xanh - Điện máy Xanh 21 Điện Biên Phủ,"Điện máy Xanh 21 Điện Biên Phủ, Khóm 4, Phường Trà Vinh, Tỉnh Vĩnh Long, Việt Nam",POINT (106.34107208251953 9.924263000488281),322
Điện Máy Xanh - Điện máy Xanh 181 Võ Nguyên Giáp,"Điện máy Xanh 181 Võ Nguyên Giáp, khóm 6, Phường Nguyệt Hóa, Tỉnh Vĩnh Long, Việt Nam",POINT (106.31424713134766 9.914128303527832),2756
Điện Máy Xanh - Điện máy Xanh Ấp Sa Bình,"Điện máy Xanh Ấp Sa Bình, Phường Long Đức, Tỉnh Vĩnh Long, Việt Nam",POINT (106.33985900878906 9.958728790283203),8371
Điện Máy Xanh - Điện máy Xanh Ấp Chà Và,"Điện máy Xanh Ấp Chà Và, Xã Vinh Kim, Tỉnh Vĩnh Long, Việt Nam",POINT (106.44400024414062 9.852587699890137),7258
Điện Máy Xanh - Điện máy Xanh Khóm 02,"Điện máy Xanh Khóm 02, Xã Châu Thành, Tỉnh Vĩnh Long, Việt Nam",POINT (106.34738159179688 9.871830940246582),7328
Thế Giới Di Động - Thế giới di động 121D-123 Phạm Ngũ Lão,"Thế giới di động 121D-123 Phạm Ngũ Lão, khóm 3 (gần trường thực hành sư phạm Trà Vinh), Phường Trà Vinh, Tỉnh Vĩnh Long, Việt Nam",POINT (106.33963775634766 9.9442138671875),2090
Thế Giới Di Động - Thế giới di động 20 Hùng Vương,"Thế giới di động 20 Hùng Vương, Phường Long Đức, Tỉnh Vĩnh Long, Việt Nam",POINT (106.34342193603516 9.93713665008545),286
Thế Giới Di Động - Thế giới di động 474B Nguyễn Đáng,"Thế giới di động 474B Nguyễn Đáng, Khóm 3, Phường Trà Vinh, Tỉnh Vĩnh Long, Việt Nam",POINT (106.34013366699219 9.923439025878906),321
Điện Máy Xanh - Điện máy Xanh Tổ 11/9,"Điện máy Xanh Tổ 11/9, Xã Chiêm Hóa, Tỉnh Tuyên Quang, Việt Nam",POINT (105.27734375 22.144250869750977),1741
Điện Máy Xanh - Điện máy Xanh Đường Quốc Lộ 2,"Điện máy Xanh Đường Quốc Lộ 2, TDP. Tân An, Xã Hàm Yên, Tỉnh Tuyên Quang, Việt Nam",POINT (105.03289794921875 22.058082580566406),4283
Thế Giới Di Động - Thế giới di động Tổ nhân dân Tân Thịnh,"Thế giới di động Tổ nhân dân Tân Thịnh, Xã Hàm Yên, Tỉnh Tuyên Quang, Việt Nam",POINT (105.0324935913086 22.061981201171875),1022
Điện Máy Xanh - Điện máy Xanh Tổ 06,"Điện máy Xanh Tổ 06, Xã Nà Hang, Tỉnh Tuyên Quang, Việt Nam",POINT (105.38185119628906 22.348501205444336),1319
Điện Máy Xanh - Điện máy Xanh TDP. Cơ Quan,"Điện máy Xanh TDP. Cơ Quan, Xã Sơn Dương, Tỉnh Tuyên Quang, Việt Nam",POINT (105.39147186279297 21.696781158447266),1804
Điện Máy Xanh - Điện máy Xanh Thôn Ba Nhà,"Điện máy Xanh Thôn Ba Nhà, Xã Sơn Thủy, Tỉnh Tuyên Quang, Việt Nam",POINT (105.46122741699219 21.554994583129883),8182
Điện Máy Xanh - Điện máy Xanh Thôn Ấm Thắng,"Điện máy Xanh Thôn Ấm Thắng, Xã Bình Ca, Tỉnh Tuyên Quang, Việt Nam",POINT (105.30878448486328 21.75102996826172),10679
Thế Giới Di Động - Thế giới di động Số 46 tổ dân phố Quyết Thắng,"Thế giới di động Số 46 tổ dân phố Quyết Thắng, Xã Sơn Dương, Tỉnh Tuyên Quang, Việt Nam",POINT (105.39637756347656 21.696374893188477),943
Điện Máy Xanh - Điện máy Xanh Số 184 Quang Trung,"Điện máy Xanh Số 184 Quang Trung, tổ 23, Phường Minh Xuân, Tỉnh Tuyên Quang, Việt Nam",POINT (105.20758819580078 21.817960739135742),632
Điện Máy Xanh - Điện máy Xanh Số nhà 66 Tổ 6,"Điện máy Xanh Số nhà 66 Tổ 6, Phường Bình Thuận, Tỉnh Tuyên Quang, Việt Nam",POINT (105.22539520263672 21.703872680664062),1805
Điện Máy Xanh - Điện máy Xanh Xóm 5,"Điện máy Xanh Xóm 5, Phường Minh Xuân, Tỉnh Tuyên Quang, Việt Nam",POINT (105.17227935791016 21.832216262817383),8893
Điện Máy Xanh - Điện máy Xanh Thôn 4,"Điện máy Xanh Thôn 4, Phường An Tường, Tỉnh Tuyên Quang, Việt Nam",POINT (105.227294921875 21.777097702026367),10026
Thế Giới Di Động - Thế giới di động Số nhà 115-117 Đường Bình Thuận,"Thế giới di động Số nhà 115-117 Đường Bình Thuận, Phường Minh Xuân, Tỉnh Tuyên Quang, Việt Nam",POINT (105.21282196044922 21.814910888671875),835
Thế Giới Di Động - Thế giới di động Phường Phan Thiết,"Thế giới di động Phường Phan Thiết, Phường Minh Xuân, Tỉnh Tuyên Quang, Việt Nam",POINT (105.19791412353516 21.823434829711914),22860
Điện Máy Xanh - Điện máy Xanh Số 1F Nguyễn Trung Trực,"Điện máy Xanh Số 1F Nguyễn Trung Trực, KP. 2, Xã Bến Cầu, Tỉnh Tây Ninh, Việt Nam",POINT (106.17903900146484 11.11166763305664),1564
Điện Máy Xanh - Điện máy Xanh Ấp Long Hòa,"Điện máy Xanh Ấp Long Hòa, Xã Long Thuận, Tỉnh Tây Ninh, Việt Nam",POINT (106.12771606445312 11.129100799560547),7264
Điện Máy Xanh - Điện máy Xanh Số 22 đường 785,"Điện máy Xanh Số 22 đường 785, Xã Tân Đông, Tỉnh Tây Ninh, Việt Nam",POINT (106.21778106689453 11.66594123840332),2131
Điện Máy Xanh - Điện máy Xanh Xã Tân Thành,"Điện máy Xanh Xã Tân Thành, Tỉnh Tây Ninh, Việt Nam",POINT (106.25291442871094 11.5531005859375),7189
Điện Máy Xanh - Điện máy Xanh Đường DT795.2,"Điện máy Xanh Đường DT795.2, Xã Tân Hòa, Tỉnh Tây Ninh, Việt Nam",POINT (106.32996368408203 11.593729019165039),9171
Điện Máy Xanh - Điện máy Xanh Đường DT 781,"Điện máy Xanh Đường DT 781, Khu Phố 03, Xã Châu Thành, Tỉnh Tây Ninh, Việt Nam",POINT (106.02928924560547 11.312272071838379),4640
Điện Máy Xanh - Điện máy Xanh Ấp Vịnh,"Điện máy Xanh Ấp Vịnh, Xã Hảo Đước, Tỉnh Tây Ninh, Việt Nam",POINT (105.98808288574219 11.396875381469727),7188
Điện Máy Xanh - Điện máy Xanh Ấp Thành Đông,"Điện máy Xanh Ấp Thành Đông, Xã Ninh Điền, Tỉnh Tây Ninh, Việt Nam",POINT (105.96734619140625 11.269790649414062),7252
Thế Giới Di Động - Thế giới di động Số 14 Phạm Hùng,"Thế giới di động Số 14 Phạm Hùng, KP.3, Phường Long Hoa, Tỉnh Tây Ninh, Việt Nam",POINT (106.1270523071289 11.28575611114502),721
Thế Giới Di Động - Thế giới di động Số 145,"Thế giới di động Số 145, Quốc Lộ 22, Ấp Lộc Du, Phường Trảng Bàng, Tỉnh Tây Ninh, Việt Nam",POINT (106.35713195800781 11.030933380126953),274
Điện Máy Xanh - Điện máy Xanh 510 Nguyễn Chí Thanh,"Điện máy Xanh 510 Nguyễn Chí Thanh, Khu Phố 2, Xã Dương Minh Châu, Tỉnh Tây Ninh, Việt Nam",POINT (106.21643829345703 11.37484073638916),1883
Điện Máy Xanh - Điện máy Xanh Số 1013 Đường ĐT Tổ 1 ấp Thuận Hòa,"Điện máy Xanh Số 1013 Đường ĐT Tổ 1 ấp Thuận Hòa, Xã Truông Mít, Tỉnh Tây Ninh, Việt Nam",POINT (106.25308227539062 11.237813949584961),5349
Điện Máy Xanh - Điện máy Xanh Ấp B1,"Điện máy Xanh Ấp B1, Xã Lộc Ninh, Tỉnh Tây Ninh, Việt Nam",POINT (106.30889129638672 11.310650825500488),10878
Điện Máy Xanh - Điện máy Xanh Quốc lộ 22B,"Điện máy Xanh Quốc lộ 22B, Khu phố Rạch Sơn, Phường Gò Dầu, Tỉnh Tây Ninh, Việt Nam",POINT (106.26419067382812 11.092082977294922),5111
Điện Máy Xanh - Điện máy Xanh Số 312 Tổ 3 ấp Phước Đức A,"Điện máy Xanh Số 312 Tổ 3 ấp Phước Đức A, Xã Phước Đông, Huyện Gò Dầu, Tỉnh Tây Ninh, Việt Nam",POINT (106.32389068603516 11.120813369750977),1173
Điện Máy Xanh - Điện máy Xanh 209 đường 3/2,"Điện máy Xanh 209 đường 3/2, Phường Tân An, Thành phố Cần Thơ, Việt Nam",POINT (105.76541137695312 10.020889282226562),15168
Thế Giới Di Động - Thế giới di động Số 2,"Thế giới di động Số 2, đường Mê Linh, Phường Vĩnh Phúc, Tỉnh Phú Thọ, Việt Nam",POINT (105.59774780273438 21.313167572021484),15078
Điện Máy Xanh - Điện máy Xanh A103-A107 Hùng Vương,"Điện máy Xanh A103-A107 Hùng Vương, Phường Long Khánh, Tỉnh Đồng Nai, Việt Nam",POINT (107.24112701416016 10.936326026916504),15471
Điện Máy Xanh - Điện máy Xanh Số 32 tổ 12 đường ĐT782,"Điện máy Xanh Số 32 tổ 12 đường ĐT782, ấp Phước Đức B, Phường Gia Lộc, Tỉnh Tây Ninh, Việt Nam",POINT (106.31228637695312 11.138836860656738),5351
Điện Máy Xanh - Điện máy Xanh Đường ĐT782,"Điện máy Xanh Đường ĐT782, ấp 7, Xã Truông Mít, Tỉnh Tây Ninh, Việt Nam",POINT (106.31263732910156 11.170944213867188),10141
Điện Máy Xanh - Điện máy Xanh Ấp Đá Hàng,"Điện máy Xanh Ấp Đá Hàng, Xã Phước Thạnh, Tỉnh Tây Ninh, Việt Nam",POINT (106.23861694335938 11.15247917175293),7190
Thế Giới Di Động - Thế giới di động Phường Gia Lộc,"Thế giới di động Phường Gia Lộc, Tỉnh Tây Ninh, Việt Nam",POINT (106.3118667602539 11.139253616333008),12480
Thế Giới Di Động - Thế giới di động Khu phố 1,"Thế giới di động Khu phố 1, Phường Gò Dầu, Tỉnh Tây Ninh, Việt Nam",POINT (106.26522827148438 11.084211349487305),12514
Thế Giới Di Động - Thế giới di động Số 180 Quốc Lộ 22,"Thế giới di động Số 180 Quốc Lộ 22, khu phố Lộc Du, Phường Trảng Bàng, Tỉnh Tây Ninh, Việt Nam",POINT (106.35491180419922 11.032727241516113),1950
Điện Máy Xanh - Điện máy Xanh Số 54 Hùng Vương,"Điện máy Xanh Số 54 Hùng Vương, Khu Phố 4, Phường Long Hoa, Tỉnh Tây Ninh, Việt Nam",POINT (106.1294937133789 11.287543296813965),194
Điện Máy Xanh - Điện máy Xanh Ấp Long Bình,"Điện máy Xanh Ấp Long Bình, Phường Hòa Thành, Tỉnh Tây Ninh, Việt Nam",POINT (106.13328552246094 11.242825508117676),12660
Điện Máy Xanh - Điện máy Xanh Ấp Trường Thọ,"Điện máy Xanh Ấp Trường Thọ, Phường Long Hoa, Tỉnh Tây Ninh, Việt Nam",POINT (106.15231323242188 11.27464771270752),7247
Điện Máy Xanh - Điện máy Xanh 13 Phạm Hùng,"Điện máy Xanh 13 Phạm Hùng, Xã Tân Biên, Tỉnh Tây Ninh, Việt Nam",POINT (106.00455474853516 11.543558120727539),478
Điện Máy Xanh - Điện máy Xanh Đường QL22B,"Điện máy Xanh Đường QL22B, Ấp Thanh Hòa, Xã Trà Vong, Tỉnh Tây Ninh, Việt Nam",POINT (106.02857208251953 11.449569702148438),4639
Điện Máy Xanh - Điện máy Xanh Đường QL22B,"Điện máy Xanh Đường QL22B, ấp Tân Đông 1, Xã Tân Lập, Tỉnh Tây Ninh, Việt Nam",POINT (105.98599243164062 11.610694885253906),8973
Thế Giới Di Động - Thế giới di động Khu phố 03,"Thế giới di động Khu phố 03, Xã Tân Biên, Tỉnh Tây Ninh, Việt Nam",POINT (106.00527954101562 11.542525291442871),10889
Điện Máy Xanh - Điện máy Xanh Số 177A Tổ 7,"Điện máy Xanh Số 177A Tổ 7, Khu phố 1, Xã Tân Châu, Tỉnh Tây Ninh, Việt Nam",POINT (106.1612777709961 11.551323890686035),1565
Điện Máy Xanh - Điện máy Xanh Ấp Tân Đông,"Điện máy Xanh Ấp Tân Đông, Xã Tân Phú, Tỉnh Tây Ninh, Việt Nam",POINT (106.17121124267578 11.469966888427734),7350
Điện Máy Xanh - Điện máy Xanh Đường ĐT785 ấp Tân Dũng,"Điện máy Xanh Đường ĐT785 ấp Tân Dũng, Xã Tân Đông, Tỉnh Tây Ninh, Việt Nam",POINT (106.18443298339844 11.71581745147705),11965
Thế Giới Di Động - Thế giới di động Tổ 4,"Thế giới di động Tổ 4, KP 2, Xã Tân Châu, Tỉnh Tây Ninh, Việt Nam",POINT (106.16230010986328 11.554144859313965),269
Điện Máy Xanh - Điện máy Xanh 748 Cách Mạng Tháng 8,"Điện máy Xanh 748 Cách Mạng Tháng 8, Khu Phố 1, Phường Tân Ninh, Tỉnh Tây Ninh, Việt Nam",POINT (106.11669158935547 11.307974815368652),916
Điện Máy Xanh - Điện máy Xanh Số 119 QL 22B,"Điện máy Xanh Số 119 QL 22B, Ấp Thanh Phước, Phường Thanh Điền, Tỉnh Tây Ninh, Việt Nam",POINT (106.08482360839844 11.287954330444336),9386
Điện Máy Xanh - Điện máy Xanh Phường Ninh Thạnh,"Điện máy Xanh Phường Ninh Thạnh, Tỉnh Tây Ninh, Việt Nam",POINT (106.14857482910156 11.30832576751709),7598
Điện Máy Xanh - Điện máy Xanh Đường Lộ 10,"Điện máy Xanh Đường Lộ 10, Phường Bình Minh, Tỉnh Tây Ninh, Việt Nam",POINT (106.13079833984375 11.42159366607666),10976
Thế Giới Di Động - Thế giới di động Số 1197 Cách Mạng Tháng Tám,"Thế giới di động Số 1197 Cách Mạng Tháng Tám, KP Hiệp Nghĩa, Phường Tân Ninh, Tỉnh Tây Ninh, Việt Nam",POINT (106.12908935546875 11.30555534362793),536
Thế Giới Di Động - Thế giới di động 229 Cách Mạng Tháng 8,"Thế giới di động 229 Cách Mạng Tháng 8, Khu Phố 2, Phường Tân Ninh, Tỉnh Tây Ninh, Việt Nam",POINT (106.09095764160156 11.31631088256836),77
Thế Giới Di Động - Thế giới di động 583 Đường CMT8,"Thế giới di động 583 Đường CMT8, KP.2, Phường Tân Ninh, Tỉnh Tây Ninh, Việt Nam",POINT (106.10618591308594 11.309338569641113),444
Điện Máy Xanh - Điện máy Xanh Số 10,"Điện máy Xanh Số 10, QL 22, Khu phố Gia Huỳnh, Phường Trảng Bàng, Tỉnh Tây Ninh, Việt Nam",POINT (106.36334228515625 11.032343864440918),569
Điện Máy Xanh - Điện máy Xanh Số 3574 tổ 2 khu Công nghiệp Linh Trung III ấp Suối Sâu,"Điện máy Xanh Số 3574 tổ 2 khu Công nghiệp Linh Trung III ấp Suối Sâu, Phường An Tịnh, Tỉnh Tây Ninh, Việt Nam",POINT (106.40247344970703 11.018028259277344),5350
Điện Máy Xanh - Điện máy Xanh Đường ĐT787B,"Điện máy Xanh Đường ĐT787B, ấp Lộc Tân, Phường An Tịnh, Tỉnh Tây Ninh, Việt Nam",POINT (106.38017272949219 11.091429710388184),10024
Điện Máy Xanh - Điện máy Xanh Ấp An Hội,"Điện máy Xanh Ấp An Hội, Phường Trảng Bàng, Tỉnh Tây Ninh, Việt Nam",POINT (106.32888793945312 11.03364372253418),7251
Điện Máy Xanh - Điện máy Xanh Áp Bình Hòa,"Điện máy Xanh Áp Bình Hòa, Xã Phước Chỉ, Tỉnh Tây Ninh, Việt Nam",POINT (106.22838592529297 11.023097038269043),9471
Thế Giới Di Động - Thế giới di động Số 3435 - 3437 Quốc Lộ 22,"Thế giới di động Số 3435 - 3437 Quốc Lộ 22, ấp Suối Sâu, Phường An Tịnh, Tỉnh Tây Ninh, Việt Nam",POINT (106.40300750732422 11.018163681030273),1258
Điện Máy Xanh - Điện máy Xanh Đường Nguyễn Văn Thảnh,"Điện máy Xanh Đường Nguyễn Văn Thảnh, tổ 1, khóm 5, Phường Bình Minh, Tỉnh Vĩnh Long, Việt Nam",POINT (105.816162109375 10.069734573364258),1615
Điện Máy Xanh - Điện máy Xanh QL 54 Đông Thuận,"Điện máy Xanh QL 54 Đông Thuận, Phường Đông Thành, Tỉnh Vĩnh Long, Việt Nam",POINT (105.8358383178711 10.045914649963379),5265
Thế Giới Di Động - Thế giới di động Tổ 21,"Thế giới di động Tổ 21, Khóm 5, Phường Bình Minh, Tỉnh Vĩnh Long, Việt Nam",POINT (105.82274627685547 10.070839881896973),320
Điện Máy Xanh - Điện máy Xanh Ấp Tân Lộc,"Điện máy Xanh Ấp Tân Lộc, Xã Tân Lược, Tỉnh Vĩnh Long, Việt Nam",POINT (105.7175521850586 10.139992713928223),2316
Điện Máy Xanh - Điện máy Xanh Số 614 đường QL54 tổ 16,"Điện máy Xanh Số 614 đường QL54 tổ 16, Khóm Tân Thuận, Xã Tân Quới, Tỉnh Vĩnh Long, Việt Nam",POINT (105.7508316040039 10.104056358337402),11713
Điện Máy Xanh - Điện máy Xanh Đường DT 908 Tổ 5 Ấp Tân Lập,"Điện máy Xanh Đường DT 908 Tổ 5 Ấp Tân Lập, Xã Tân Lược, Tỉnh Vĩnh Long, Việt Nam",POINT (105.75245666503906 10.1018648147583),10013
Điện Máy Xanh - Điện máy Xanh Số 242/20 khóm 5,"Điện máy Xanh Số 242/20 khóm 5, Xã Long Hồ, Tỉnh Vĩnh Long, Việt Nam",POINT (106.0040283203125 10.200166702270508),5197
Điện Máy Xanh - Điện máy Xanh Số 197/17 ấp Phước Yên A,"Điện máy Xanh Số 197/17 ấp Phước Yên A, Xã Phú Quới, Tỉnh Vĩnh Long, Việt Nam",POINT (105.92827606201172 10.164698600769043),7691
Điện Máy Xanh - Điện máy Xanh Ấp An Hiệp,"Điện máy Xanh Ấp An Hiệp, Xã Long Hồ, Tỉnh Vĩnh Long, Việt Nam",POINT (106.02545928955078 10.15185832977295),7297
Thế Giới Di Động - Thế giới di động Số 197C/17 Quốc lộ 1A,"Thế giới di động Số 197C/17 Quốc lộ 1A, ấp Phước Yên, Xã Phú Quới, Tỉnh Vĩnh Long, Việt Nam",POINT (105.92832946777344 10.165245056152344),1453
Thế Giới Di Động - Thế giới di động Khóm 1,"Thế giới di động Khóm 1, Xã Long Hồ, Tỉnh Vĩnh Long, Việt Nam",POINT (106.01188659667969 10.192525863647461),10946
Điện Máy Xanh - Điện máy Xanh Số 19-21-23 khóm 1,"Điện máy Xanh Số 19-21-23 khóm 1, Xã Cái Nhum, Tỉnh Vĩnh Long, Việt Nam",POINT (106.10906982421875 10.17461109161377),1949
Thế Giới Di Động - Thế giới di động Nguyễn Trãi,"Thế giới di động Nguyễn Trãi, Khóm 1, Xã Cái Nhum, Tỉnh Vĩnh Long, Việt Nam",POINT (106.11467742919922 10.178293228149414),9115
Điện Máy Xanh - Điện máy Xanh Số 12 Phan Văn Dáng,"Điện máy Xanh Số 12 Phan Văn Dáng, Khóm 1, Xã Tam Bình, Tỉnh Vĩnh Long, Việt Nam",POINT (105.99929809570312 10.047752380371094),1087
Điện Máy Xanh - Điện máy Xanh Số 492 tổ 1A ấp 8,"Điện máy Xanh Số 492 tổ 1A ấp 8, Xã Cái Ngang, Tỉnh Vĩnh Long, Việt Nam",POINT (105.96727752685547 10.11253833770752),2670
Điện Máy Xanh - Điện máy Xanh Lô 1A Khu đô thị Song Phú,"Điện máy Xanh Lô 1A Khu đô thị Song Phú, ấp Phú Ninh, Xã Song Phú, Tỉnh Vĩnh Long, Việt Nam",POINT (105.90119934082031 10.117473602294922),2180
Thế Giới Di Động - Thế giới di động Phan Văn Đáng,"Thế giới di động Phan Văn Đáng, Khóm 3, Xã Tam Bình, Tỉnh Vĩnh Long, Việt Nam",POINT (105.99893951416016 10.048189163208008),9203
Điện Máy Xanh - Điện máy Xanh Số 1 Khu Phố 3,"Điện máy Xanh Số 1 Khu Phố 3, Xã Trà Ôn, Tỉnh Vĩnh Long, Việt Nam",POINT (105.92342376708984 9.964071273803711),153
Điện Máy Xanh - Điện máy Xanh Số 23 tổ 7 ấp Khu phố,"Điện máy Xanh Số 23 tổ 7 ấp Khu phố, Xã Vĩnh Xuân, Tỉnh Vĩnh Long, Việt Nam",POINT (106.08245849609375 9.960634231567383),2549
Điện Máy Xanh - Điện máy Xanh Số 354 tổ NDTQ 17 ấp Vĩnh Trinh,"Điện máy Xanh Số 354 tổ NDTQ 17 ấp Vĩnh Trinh, Xã Vĩnh Xuân, Huyện Trà Ôn, Tỉnh Vĩnh Long, Việt Nam",POINT (106.00576782226562 9.95118522644043),7342
Điện Máy Xanh - Điện máy Xanh Số 129 Tổ 8 Ấp Tường Thịnh,"Điện máy Xanh Số 129 Tổ 8 Ấp Tường Thịnh, Xã Hòa Bình, Tỉnh Vĩnh Long, Việt Nam",POINT (106.04073333740234 9.998218536376953),11959
Điện Máy Xanh - Điện máy Xanh Đường DT 907 Tổ 11 Ấp Trà Ngoa,"Điện máy Xanh Đường DT 907 Tổ 11 Ấp Trà Ngoa, Xã Trà Côn, Tỉnh Vĩnh Long, Việt Nam",POINT (105.99018096923828 10.013456344604492),10012
Điện Máy Xanh - Điện máy Xanh Ấp Hồi Xuân,"Điện máy Xanh Ấp Hồi Xuân, Xã Hòa Bình, Tỉnh Vĩnh Long, Việt Nam",POINT (106.04686737060547 10.076662063598633),10475
Thế Giới Di Động - Thế giới di động Quốc Lộ 54,"Thế giới di động Quốc Lộ 54, Khu 7, Xã Trà Ôn, Tỉnh Vĩnh Long, Việt Nam",POINT (105.9275894165039 9.969654083251953),8599
Điện Máy Xanh - Điện máy Xanh 210 Lê Thái Tổ,"Điện máy Xanh 210 Lê Thái Tổ, Phường Long Châu, Tỉnh Vĩnh Long, Việt Nam",POINT (105.96367645263672 10.254676818847656),909
Điện Máy Xanh - Điện máy Xanh Số 52 khóm 2,"Điện máy Xanh Số 52 khóm 2, Phường 4, Thành phố Vĩnh Long, Tỉnh Vĩnh Long, Việt Nam",POINT (105.97798156738281 10.247780799865723),5382
Điện Máy Xanh - Điện máy Xanh Ấp Tân Qưới Đông,"Điện máy Xanh Ấp Tân Qưới Đông, Phường Long Châu, Tỉnh Vĩnh Long, Việt Nam",POINT (105.93624877929688 10.262272834777832),5212
Điện Máy Xanh - Điện máy Xanh Số 177D/09 tổ 15 ấp Phú Thạnh,"Điện máy Xanh Số 177D/09 tổ 15 ấp Phú Thạnh, Xã Đồng Phú, Huyện Long Hồ, Tỉnh Vĩnh Long, Việt Nam",POINT (105.99852752685547 10.307666778564453),7218
Thế Giới Di Động - Thế giới di động Số 14D-14E,"Thế giới di động Số 14D-14E, đường Đinh Tiên Hoàng, khóm 4, Phường Tân Hạnh, Tỉnh Vĩnh Long, Việt Nam",POINT (105.9569091796875 10.239364624023438),1281
Thế Giới Di Động - Thế giới di động 210 Lê Thái Tổ,"Thế giới di động 210 Lê Thái Tổ, Phường Long Châu, Tỉnh Vĩnh Long, Việt Nam",POINT (105.96372985839844 10.254537582397461),495
Thế Giới Di Động - Thế giới di động Số 56G Phạm Hùng,"Thế giới di động Số 56G Phạm Hùng, Khóm 5, Phường Long Châu, Tỉnh Vĩnh Long, Việt Nam",POINT (105.943359375 10.259980201721191),1909
Thế Giới Di Động - Thế giới di động Số 93A-93B đường 2 tháng 9,"Thế giới di động Số 93A-93B đường 2 tháng 9, Khóm Hưng Đạo Vương, Phường Long Châu, Tỉnh Vĩnh Long, Việt Nam",POINT (105.97413635253906 10.250260353088379),789
Điện Máy Xanh - Điện máy Xanh Ấp Nhơn Ngãi,"Điện máy Xanh Ấp Nhơn Ngãi, Xã Hiếu Phụng, Tỉnh Vĩnh Long, Việt Nam",POINT (106.11923217773438 10.083883285522461),2812
Điện Máy Xanh - Điện máy Xanh Đường Nam Kỳ Khởi Nghĩa,"Điện máy Xanh Đường Nam Kỳ Khởi Nghĩa, Tổ 3, Khóm 2, Xã Trung Thành, Tỉnh Vĩnh Long, Việt Nam",POINT (106.185791015625 10.0953369140625),1053
Điện Máy Xanh - Điện máy Xanh Số 2,"Điện máy Xanh Số 2, Tổ 13, ấp Phú Cường, Xã Hiếu Phụng, Tỉnh Vĩnh Long, Việt Nam",POINT (106.11141967773438 10.035597801208496),7219
Điện Máy Xanh - Điện máy Xanh Ấp 08,"Điện máy Xanh Ấp 08, Xã Trung Hiệp, Tỉnh Vĩnh Long, Việt Nam",POINT (106.08197021484375 10.103130340576172),7921
Điện Máy Xanh - Điện máy Xanh Thửa đất số 133 - 134,"Điện máy Xanh Thửa đất số 133 - 134, tờ bản đồ số 44, ấp Thái Bình, Xã Quới Thiện, Tỉnh Vĩnh Long, Việt Nam",POINT (106.23104095458984 10.110453605651855),10615
Điện Máy Xanh - Điện máy Xanh Ấp An Điền 1,"Điện máy Xanh Ấp An Điền 1, Xã Trung Thành, Tỉnh Vĩnh Long, Việt Nam",POINT (106.15713500976562 10.074649810791016),7298
Điện Máy Xanh - Điện máy Xanh Số 110 Tổ 6 ấp Giồng Ké,"Điện máy Xanh Số 110 Tổ 6 ấp Giồng Ké, Xã Trung Ngãi, Tỉnh Vĩnh Long, Việt Nam",POINT (106.19834899902344 10.056926727294922),7875
Thế Giới Di Động - Thế giới di động Khóm 1,"Thế giới di động Khóm 1, Xã Trung Thành, Tỉnh Vĩnh Long, Việt Nam",POINT (106.18639373779297 10.093964576721191),10405
Điện Máy Xanh - Điện máy Xanh Khu phố 2,"Điện máy Xanh Khu phố 2, Xã Bình Nguyên, Tỉnh Phú Thọ, Việt Nam",POINT (105.65010833740234 21.272632598876953),2445
Điện Máy Xanh - Điện máy Xanh Thửa số 187,"Điện máy Xanh Thửa số 187, tờ bản đồ số 17, Xã Bình Tuyền, Tỉnh Phú Thọ, Việt Nam",POINT (105.69036102294922 21.315080642700195),8261
Điện Máy Xanh - Điện máy Xanh TDP Cổ Độ,"Điện máy Xanh TDP Cổ Độ, Xã Bình Xuyên, Tỉnh Phú Thọ, Việt Nam",POINT (105.6321792602539 21.35344886779785),9046
Thế Giới Di Động - Thế giới di động Khu phố 1,"Thế giới di động Khu phố 1, Xã Bình Nguyên, Tỉnh Phú Thọ, Việt Nam",POINT (105.6473617553711 21.277759552001953),7784
Điện Máy Xanh - Điện máy Xanh Khu 11,"Điện máy Xanh Khu 11, Xã Lập Thạch, Tỉnh Phú Thọ, Việt Nam",POINT (105.46388244628906 21.413925170898438),198
Điện Máy Xanh - Điện máy Xanh Tổ dân phố Hòa Bình,"Điện máy Xanh Tổ dân phố Hòa Bình, Xã Liên Hòa, Tỉnh Phú Thọ, Việt Nam",POINT (105.5171127319336 21.433677673339844),8745
Điện Máy Xanh - Điện máy Xanh Thôn Vọng Sơn,"Điện máy Xanh Thôn Vọng Sơn, Xã Sơn Đông, Tỉnh Phú Thọ, Việt Nam",POINT (105.46249389648438 21.33648681640625),8886
Điện Máy Xanh - Điện máy Xanh Thôn Bỉnh Ri,"Điện máy Xanh Thôn Bỉnh Ri, Xã Hợp Lý, Tỉnh Phú Thọ, Việt Nam",POINT (105.49117279052734 21.49656867980957),8885
Thế Giới Di Động - Thế giới di động Xã Lập Thạch,"Thế giới di động Xã Lập Thạch, Tỉnh Phú Thọ, Việt Nam",POINT (105.46176147460938 21.415576934814453),9852
Điện Máy Xanh - Điện máy Xanh Số 389A Hai Bà Trưng,"Điện máy Xanh Số 389A Hai Bà Trưng, Khu 5, Phường Phúc Yên, Tỉnh Phú Thọ, Việt Nam",POINT (105.6945571899414 21.230663299560547),1011
Điện Máy Xanh - Điện máy Xanh 116 Trường Chinh,"Điện máy Xanh 116 Trường Chinh, Phường Xuân Hòa, Tỉnh Phú Thọ, Việt Nam",POINT (105.72901153564453 21.276803970336914),1777
Thế Giới Di Động - Thế giới di động Số 136 Trường Chinh,"Thế giới di động Số 136 Trường Chinh, Phường Xuân Hòa, Tỉnh Phú Thọ, Việt Nam",POINT (105.72976684570312 21.277999877929688),538
Thế Giới Di Động - Thế giới di động 26 Trần Hưng Đạo,"Thế giới di động 26 Trần Hưng Đạo, Phường Phúc Yên, Tỉnh Phú Thọ, Việt Nam",POINT (105.70565032958984 21.234844207763672),1030
Thế Giới Di Động - Thế giới di động Số 286,"Thế giới di động Số 286, đường Hai Bà Trưng, Phường Phúc Yên, Tỉnh Phú Thọ, Việt Nam",POINT (105.7021484375 21.231189727783203),3779
Điện Máy Xanh - Điện máy Xanh Thôn Phú Cường,"Điện máy Xanh Thôn Phú Cường, Xã Yên Lãng, Tỉnh Phú Thọ, Việt Nam",POINT (105.37683868408203 21.470937728881836),9884
Điện Máy Xanh - Điện máy Xanh Thôn Tích Cực,"Điện máy Xanh Thôn Tích Cực, Xã Tam Đảo, Tỉnh Phú Thọ, Việt Nam",POINT (105.61820220947266 21.395401000976562),5195
Điện Máy Xanh - Điện máy Xanh Thôn Tân Tiến,"Điện máy Xanh Thôn Tân Tiến, Xã Đạo Trù, Tỉnh Phú Thọ, Việt Nam",POINT (105.5330810546875 21.496402740478516),8158
Điện Máy Xanh - Điện máy Xanh Xã Hoàng An,"Điện máy Xanh Xã Hoàng An, Tỉnh Phú Thọ, Việt Nam",POINT (105.50436401367188 21.333724975585938),7542
Điện Máy Xanh - Điện máy Xanh Xã Tam Sơn,"Điện máy Xanh Xã Tam Sơn, Tỉnh Phú Thọ, Việt Nam",POINT (105.40201568603516 21.417327880859375),7877
Điện Máy Xanh - Điện máy Xanh Thôn Hòa Loan,"Điện máy Xanh Thôn Hòa Loan, Xã Vĩnh Thành, Tỉnh Phú Thọ, Việt Nam",POINT (105.46623992919922 21.27926254272461),3096
Điện Máy Xanh - Điện máy Xanh Tổ dân phố Đội Cấn,"Điện máy Xanh Tổ dân phố Đội Cấn, Xã Vĩnh Tường, Tỉnh Phú Thọ, Việt Nam",POINT (105.5168228149414 21.21160125732422),1811
Điện Máy Xanh - Điện máy Xanh Thôn 1,"Điện máy Xanh Thôn 1, Xã Vĩnh Hưng, Tỉnh Phú Thọ, Việt Nam",POINT (105.50849914550781 21.270944595336914),2572
Thế Giới Di Động - Thế giới di động Phố Mới,"Thế giới di động Phố Mới, Xã Thổ Tang, Tỉnh Phú Thọ, Việt Nam",POINT (105.48956298828125 21.25999641418457),1041
Thế Giới Di Động - Thế giới di động Chợ TT. Vĩnh Tường,"Thế giới di động Chợ TT. Vĩnh Tường, Xã Vĩnh Tường, Tỉnh Phú Thọ, Việt Nam",POINT (105.51429748535156 21.215206146240234),1265
Điện Máy Xanh - Điện máy Xanh 512 Mê Linh,"Điện máy Xanh 512 Mê Linh, Phường Vĩnh Phúc, Tỉnh Phú Thọ, Việt Nam",POINT (105.62364196777344 21.30329132080078),651
Điện Máy Xanh - Điện máy Xanh Khu đô thị Chùa Hà Tiên,"Điện máy Xanh Khu đô thị Chùa Hà Tiên, Phường Vĩnh Phúc, Tỉnh Phú Thọ, Việt Nam",POINT (105.59086608886719 21.310081481933594),10239
Điện Máy Xanh - Điện máy Xanh Phố Me,"Điện máy Xanh Phố Me, Xã Tam Dương, Tỉnh Phú Thọ, Việt Nam",POINT (105.54146575927734 21.377836227416992),5146
Điện Máy Xanh - Điện máy Xanh 99 Hùng Vương,"Điện máy Xanh 99 Hùng Vương, Phường Vĩnh Yên, Tỉnh Phú Thọ, Việt Nam",POINT (105.58576202392578 21.307666778564453),826
Điện Máy Xanh - Điện máy Xanh Khu 3,"Điện máy Xanh Khu 3, thôn Đoài, Xã Yên Lạc, Tỉnh Phú Thọ, Việt Nam",POINT (105.57495880126953 21.235307693481445),6003
Điện Máy Xanh - Điện máy Xanh 01 Nguyễn Danh Phương,"Điện máy Xanh 01 Nguyễn Danh Phương, tổ dân phố An Phú, Phường Vĩnh Yên, Tỉnh Phú Thọ, Việt Nam",POINT (105.55268096923828 21.29303741455078),2374
Thế Giới Di Động - Thế giới di động Đường Quốc lộ 2C,"Thế giới di động Đường Quốc lộ 2C, Phố Me, Xã Tam Dương, Tỉnh Phú Thọ, Việt Nam",POINT (105.53990936279297 21.381406784057617),79
Thế Giới Di Động - Thế giới di động Số 1 Phố Chùa Hà,"Thế giới di động Số 1 Phố Chùa Hà, Phường Vĩnh Phúc, Tỉnh Phú Thọ, Việt Nam",POINT (105.59873962402344 21.321765899658203),78
Thế Giới Di Động - Thế giới di động 449 Hùng Vương,"Thế giới di động 449 Hùng Vương, Phường Vĩnh Yên, Tỉnh Phú Thọ, Việt Nam",POINT (105.57292175292969 21.30596923828125),8593
Thế Giới Di Động - Thế giới di động Dự án The City Light (Tòa nhà Chung cư),"Thế giới di động Dự án The City Light (Tòa nhà Chung cư), Phường Vĩnh Phúc, Tỉnh Phú Thọ, Việt Nam",POINT (105.62277221679688 21.315568923950195),8964
Thế Giới Di Động - Thế giới di động Xã Yên Lạc,"Thế giới di động Xã Yên Lạc, Tỉnh Phú Thọ, Việt Nam",POINT (105.57474517822266 21.23488426208496),10538
Điện Máy Xanh - Điện máy Xanh Phố Lồ,"Điện máy Xanh Phố Lồ, Xã Nguyệt Đức, Tỉnh Phú Thọ, Việt Nam",POINT (105.6129379272461 21.209068298339844),7579
Điện Máy Xanh - Điện máy Xanh Số nhà 295 đường Nguyễn Tất Thành,"Điện máy Xanh Số nhà 295 đường Nguyễn Tất Thành, tổ dân phố số 3, Xã Lục Yên, Tỉnh Lào Cai, Việt Nam",POINT (104.76566314697266 22.11166763305664),5107
Điện Máy Xanh - Điện máy Xanh Bản 8 ( Nay là thôn Tát Diêu),"Điện máy Xanh Bản 8 ( Nay là thôn Tát Diêu), Xã Khánh Hòa, Tỉnh Lào Cai, Việt Nam",POINT (104.65948486328125 22.115432739257812),9970
Thế Giới Di Động - Thế giới di động Khu phố 6,"Thế giới di động Khu phố 6, Xã Lục Yên, Tỉnh Lào Cai, Việt Nam",POINT (104.76854705810547 22.11253547668457),1230
Điện Máy Xanh - Điện máy Xanh Tổ 3,"Điện máy Xanh Tổ 3, Xã Mù Cang Chải, Tỉnh Lào Cai, Việt Nam",POINT (104.08836364746094 21.850906372070312),8907
Thế Giới Di Động - Thế giới di động TỔ 5 THỊ TRẤN MÙ CĂNG CHẢI ( NGAY GẦN CÔNG AN HUYỆN MÙ CĂNG CHẢ...,"Thế giới di động TỔ 5 THỊ TRẤN MÙ CĂNG CHẢI ( NGAY GẦN CÔNG AN HUYỆN MÙ CĂNG CHẢI), Xã Mù Cang Chải, Tỉnh Lào Cai, Việt Nam",POINT (104.08686828613281 21.85167694091797),1905
Điện Máy Xanh - Điện máy Xanh Đường Thanh Niên,"Điện máy Xanh Đường Thanh Niên, Tổ 9, Phường Trung Tâm, Tỉnh Lào Cai, Việt Nam",POINT (104.50975036621094 21.60169219970703),510
Điện Máy Xanh - Điện máy Xanh Thôn Lương An,"Điện máy Xanh Thôn Lương An, Xã Hưng Khánh, Tỉnh Lào Cai, Việt Nam",POINT (104.7645034790039 21.59555435180664),9875
Điện Máy Xanh - Điện máy Xanh Thôn Hồng Phong,"Điện máy Xanh Thôn Hồng Phong, Xã Mậu A, Tỉnh Lào Cai, Việt Nam",POINT (104.68882751464844 21.878023147583008),10553
Điện Máy Xanh - Điện máy Xanh Thôn Trái Hút,"Điện máy Xanh Thôn Trái Hút, Xã Đông Cuông, Tỉnh Lào Cai, Việt Nam",POINT (104.59353637695312 21.970121383666992),8821
Thế Giới Di Động - Thế giới di động Số 276 Lý Thường Kiệt,"Thế giới di động Số 276 Lý Thường Kiệt, Xã Mậu A, Tỉnh Lào Cai, Việt Nam",POINT (104.68998718261719 21.877939224243164),1042
Điện Máy Xanh - Điện máy Xanh Số 319 đường Nguyễn Thái Học,"Điện máy Xanh Số 319 đường Nguyễn Thái Học, tổ 69, Phường Nguyễn Thái Học, Thành phố Yên Bái, Tỉnh Yên Bái, Việt Nam",POINT (104.8777084350586 21.703208923339844),3938
Điện Máy Xanh - Điện máy Xanh Khu phố 6,"Điện máy Xanh Khu phố 6, Xã Trấn Yên, Tỉnh Lào Cai, Việt Nam",POINT (104.83247375488281 21.751388549804688),1765
Điện Máy Xanh - Điện máy Xanh Số 152-154 Đinh Tiên Hoàng,"Điện máy Xanh Số 152-154 Đinh Tiên Hoàng, tổ 03, Phường Yên Bái, Tỉnh Lào Cai, Việt Nam",POINT (104.91651153564453 21.726085662841797),2495
Điện Máy Xanh - Điện máy Xanh Số 42 Điện Biên,"Điện máy Xanh Số 42 Điện Biên, Tổ 11, Phường Yên Bái, Tỉnh Lào Cai, Việt Nam",POINT (104.88784790039062 21.712432861328125),633
Điện Máy Xanh - Điện máy Xanh 511 Đại Lộ Nguyễn Thái Học,"Điện máy Xanh 511 Đại Lộ Nguyễn Thái Học, Tổ 40, Phường Yên Bái, Tỉnh Lào Cai, Việt Nam",POINT (104.87444305419922 21.69777488708496),2321
Thế Giới Di Động - Thế giới di động Tổ 8,"Thế giới di động Tổ 8, Số 165 Đường Nguyễn Thái Học ( Đối diện công viên Yên Hòa), Phường Yên Bái, Tỉnh Lào Cai, Việt Nam",POINT (104.8822021484375 21.7062931060791),1742
Thế Giới Di Động - Thế giới di động 636 - 638 - 640 Điện Biên,"Thế giới di động 636 - 638 - 640 Điện Biên, Phường Yên Bái, Tỉnh Lào Cai, Việt Nam",POINT (104.90009307861328 21.7155704498291),7280
Điện Máy Xanh - Điện máy Xanh Khu 2,"Điện máy Xanh Khu 2, Xã Thác Bà, Tỉnh Lào Cai, Việt Nam",POINT (105.04694366455078 21.74742889404297),1547
Điện Máy Xanh - Điện máy Xanh Tổ 13,"Điện máy Xanh Tổ 13, Xã Yên Bình, Tỉnh Lào Cai, Việt Nam",POINT (104.96672058105469 21.725116729736328),1130
Điện Máy Xanh - Điện máy Xanh Số 162D,"Điện máy Xanh Số 162D, thôn Đoàn Kết, Xã Bảo Ái, Tỉnh Lào Cai, Việt Nam",POINT (104.85926055908203 21.855022430419922),9906
Điện Máy Xanh - Điện máy Xanh Tổ dân phố số 5,"Điện máy Xanh Tổ dân phố số 5, Xã Na Son, Tỉnh Điện Biên, Việt Nam",POINT (103.21949768066406 21.295894622802734),10569
Điện Máy Xanh - Điện máy Xanh Đường Trần Đăng Ninh,"Điện máy Xanh Đường Trần Đăng Ninh, tổ dân phố 6, Phường Điện Biên Phủ, Tỉnh Điện Biên, Việt Nam",POINT (103.01464080810547 21.392528533935547),1231
Điện Máy Xanh - Điện máy Xanh Tổ dân phố 15,"Điện máy Xanh Tổ dân phố 15, Phường Điện Biên Phủ, Tỉnh Điện Biên, Việt Nam",POINT (103.01405334472656 21.380155563354492),12212
Điện Máy Xanh - Điện máy Xanh 1622 đường 30/04,"Điện máy Xanh 1622 đường 30/04, Phường Phước Thắng, Thành phố Hồ Chí Minh, Việt Nam",POINT (107.15679931640625 10.422332763671875),2066
Điện Máy Xanh - Điện máy Xanh 779A Bình Giã,"Điện máy Xanh 779A Bình Giã, Phường Rạch Dừa, Thành phố Hồ Chí Minh, Việt Nam",POINT (107.11531066894531 10.384147644042969),12353
Điện Máy Xanh - Điện máy Xanh Số 35B Cách mạng tháng tám,"Điện máy Xanh Số 35B Cách mạng tháng tám, Phường Cái Khế, Thành phố Cần Thơ, Việt Nam",POINT (105.77767944335938 10.047611236572266),15495
Thế Giới Di Động - Thế giới di động Số 2,"Thế giới di động Số 2, đường Độc Lập, KP 2, Xã Phú Giáo, Thành phố Hồ Chí Minh, Việt Nam",POINT (106.79305267333984 11.288468360900879),260
Điện Máy Xanh - Điện máy Xanh 501 Vũ Tông Phan,"Điện máy Xanh 501 Vũ Tông Phan, Phường Khương Đình, Thành phố Hà Nội, Việt Nam",POINT (105.81427001953125 20.986148834228516),14286
Điện Máy Xanh - Điện máy Xanh Ấp Thuận Điền,"Điện máy Xanh Ấp Thuận Điền, Xã Phú Túc, Tỉnh Vĩnh Long, Việt Nam",POINT (106.28385925292969 10.277693748474121),2755
Điện Máy Xanh - Điện máy Xanh Số 170A Trần Hưng Đạo,"Điện máy Xanh Số 170A Trần Hưng Đạo, Phường Long Xuyên, Tỉnh An Giang, Việt Nam",POINT (105.44039154052734 10.377074241638184),15491
Điện Máy Xanh - Điện máy Xanh Số 98 đường Trần Phú,"Điện máy Xanh Số 98 đường Trần Phú, Phường Rạch Giá, Tỉnh An Giang, Việt Nam",POINT (105.08283233642578 10.0137357711792),15498
Thế Giới Di Động - Thế giới di động Số 620-622-624-626-628 Nguyễn Oanh,"Thế giới di động Số 620-622-624-626-628 Nguyễn Oanh, Phường An Nhơn, Thành phố Hồ Chí Minh, Việt Nam",POINT (106.67855834960938 10.849716186523438),1341
Điện Máy Xanh - Điện máy Xanh 8-9-10 Nguyễn Đình Chiểu,"Điện máy Xanh 8-9-10 Nguyễn Đình Chiểu, Trung tâm Thương mại Đạ Tẻh, Xã Đạ Tẻh, Tỉnh Lâm Đồng, Việt Nam",POINT (107.4876708984375 11.505143165588379),1691
Thế Giới Di Động - Thế giới di động Xã Đạ Tẻh,"Thế giới di động Xã Đạ Tẻh, Tỉnh Lâm Đồng, Việt Nam",POINT (107.48992919921875 11.511698722839355),10554
Thế Giới Di Động - Thế giới di động 01 Tỉnh Lộ 8,"Thế giới di động 01 Tỉnh Lộ 8, ấp Thạnh Lợi, Phường Mỹ Xuyên, Thành phố Cần Thơ, Việt Nam",POINT (105.99041748046875 9.559691429138184),376
Điện Máy Xanh - Điện máy Xanh Ấp Nam Hải,"Điện máy Xanh Ấp Nam Hải, Xã Đại Hải, Thành phố Cần Thơ, Việt Nam",POINT (105.8645248413086 9.75167465209961),7827
Thế Giới Di Động - Thế giới di động Tổ dân phố 3,"Thế giới di động Tổ dân phố 3, Phường Điện Biên Phủ, Tỉnh Điện Biên, Việt Nam",POINT (103.01586151123047 21.379901885986328),539
Thế Giới Di Động - Thế giới di động Số nhà 583,"Thế giới di động Số nhà 583, Tổ dân phố 10, Phường Điện Biên Phủ, Tỉnh Điện Biên, Việt Nam",POINT (103.02115631103516 21.397563934326172),13734
Điện Máy Xanh - Điện máy Xanh Đội 24,"Điện máy Xanh Đội 24, Xã Thanh An, Tỉnh Điện Biên, Việt Nam",POINT (103.01063537597656 21.317550659179688),8133
Điện Máy Xanh - Điện máy Xanh Tổ dân phố 7,"Điện máy Xanh Tổ dân phố 7, Xã Mường Ảng, Tỉnh Điện Biên, Việt Nam",POINT (103.22293853759766 21.519920349121094),1365
Điện Máy Xanh - Điện máy Xanh Tổ 11,"Điện máy Xanh Tổ 11, Xã Na Sang, Tỉnh Điện Biên, Việt Nam",POINT (103.09149169921875 21.76241683959961),4650
Thế Giới Di Động - Thế giới di động Tổ dân phố 5,"Thế giới di động Tổ dân phố 5, Xã Na Sang, Tỉnh Điện Biên, Việt Nam",POINT (103.09358978271484 21.758943557739258),1304
Điện Máy Xanh - Điện máy Xanh Tổ 2,"Điện máy Xanh Tổ 2, Phường Mường Lay, Tỉnh Điện Biên, Việt Nam",POINT (103.15345001220703 22.022727966308594),11907
Điện Máy Xanh - Điện máy Xanh Tổ dân phố Đồng Tâm,"Điện máy Xanh Tổ dân phố Đồng Tâm, Xã Tủa Chùa, Tỉnh Điện Biên, Việt Nam",POINT (103.34111022949219 21.856477737426758),8799
Điện Máy Xanh - Điện máy Xanh Ngã 3 Tuần Giáo,"Điện máy Xanh Ngã 3 Tuần Giáo, Khối Tân Thủy, Xã Tuần Giáo, Tỉnh Điện Biên, Việt Nam",POINT (103.42144012451172 21.588993072509766),509
Thế Giới Di Động - Thế giới di động Khối Tân Thủy,"Thế giới di động Khối Tân Thủy, Xã Tuần Giáo, Tỉnh Điện Biên, Việt Nam",POINT (103.42195129394531 21.58990478515625),8948
Điện Máy Xanh - Điện máy Xanh 88 Võ Chí Công (Hòa Xuân),"Điện máy Xanh 88 Võ Chí Công (Hòa Xuân), 88 Võ Chí Công, Phường Hòa Xuân, Thành phố Đà Nẵng, Việt Nam",POINT (108.22283172607422 16.004413604736328),5343
Thế Giới Di Động - Thế giới di động 46 Ông Ích Đường,"Thế giới di động 46 Ông Ích Đường, Phường Cẩm Lệ, Thành phố Đà Nẵng, Việt Nam",POINT (108.2047119140625 16.016584396362305),1099
Thế Giới Di Động - Thế giới di động Đường Phạm Hùng,"Thế giới di động Đường Phạm Hùng, Phường Hòa Xuân, Thành phố Đà Nẵng, Việt Nam",POINT (108.2081298828125 15.982704162597656),1439
Thế Giới Di Động - Thế giới di động 351 Nguyễn Hữu Thọ,"Thế giới di động 351 Nguyễn Hữu Thọ, Phường Hòa Cường, Thành phố Đà Nẵng, Việt Nam",POINT (108.21019744873047 16.036928176879883),933
Điện Máy Xanh - Điện máy Xanh Số 07 Lê Duẩn,"Điện máy Xanh Số 07 Lê Duẩn, Phường Hải Châu, Thành phố Đà Nẵng, Việt Nam",POINT (108.22264862060547 16.071487426757812),1255
Điện Máy Xanh - Điện máy Xanh 242 Nguyễn Hữu Thọ,"Điện máy Xanh 242 Nguyễn Hữu Thọ, Phường Hòa Cường, Thành phố Đà Nẵng, Việt Nam",POINT (108.21034240722656 16.040016174316406),1530
Thế Giới Di Động - Thế giới di động 110 Nguyễn Văn Linh,"Thế giới di động 110 Nguyễn Văn Linh, Phường Hải Châu, Thành phố Đà Nẵng, Việt Nam",POINT (108.21395874023438 16.060340881347656),645
Thế Giới Di Động - Thế giới di động 36 Nguyễn Văn Linh,"Thế giới di động 36 Nguyễn Văn Linh, Phường Hải Châu, Thành phố Đà Nẵng, Việt Nam",POINT (108.21849822998047 16.06102752685547),14877
Thế Giới Di Động - Thế giới di động Số 526 đường Trưng Nữ Vương,"Thế giới di động Số 526 đường Trưng Nữ Vương, Phường Hòa Cường, Thành phố Đà Nẵng, Việt Nam",POINT (108.21356964111328 16.04902458190918),1224
Điện Máy Xanh - Điện máy Xanh 168 - 172 Phạm Hùng,"Điện máy Xanh 168 - 172 Phạm Hùng, Phường Hòa Xuân, Thành phố Đà Nẵng, Việt Nam",POINT (108.20701599121094 15.999659538269043),4835
Điện Máy Xanh - Điện máy Xanh Thôn Lệ Sơn 1,"Điện máy Xanh Thôn Lệ Sơn 1, Xã Hòa Tiến, Thành phố Đà Nẵng, Việt Nam",POINT (108.18058013916016 15.965235710144043),5327
Điện Máy Xanh - Điện máy Xanh Khu tái định cư Hòa Liên 5,"Điện máy Xanh Khu tái định cư Hòa Liên 5, Phường Liên Chiểu, Thành phố Đà Nẵng, Việt Nam",POINT (108.10665130615234 16.09191131591797),10716
Điện Máy Xanh - Điện máy Xanh Xã Hòa Khánh,"Điện máy Xanh Xã Hòa Khánh, Thành phố Đà Nẵng, Việt Nam",POINT (108.10710906982422 16.068679809570312),8008
Điện Máy Xanh - Điện máy Xanh 339 Đường Tôn Đức Thắng,"Điện máy Xanh 339 Đường Tôn Đức Thắng, Phường Hòa Khánh, Thành phố Đà Nẵng, Việt Nam",POINT (108.16647338867188 16.056978225708008),5934
Điện Máy Xanh - Điện máy Xanh Số 908A Tôn Đức Thắng,"Điện máy Xanh Số 908A Tôn Đức Thắng, Phường Liên Chiểu, Thành phố Đà Nẵng, Việt Nam",POINT (108.15074920654297 16.07121467590332),205
Điện Máy Xanh - Điện máy Xanh 116 Tôn Đức Thắng,"Điện máy Xanh 116 Tôn Đức Thắng, Phường Hòa Khánh, Thành phố Đà Nẵng, Việt Nam",POINT (108.1747817993164 16.05943489074707),631
Điện Máy Xanh - Điện máy Xanh 251 Nguyễn Lương Bằng,"Điện máy Xanh 251 Nguyễn Lương Bằng, Phường Liên Chiểu, Thành phố Đà Nẵng, Việt Nam",POINT (108.14647674560547 16.081113815307617),4543
Thế Giới Di Động - Thế giới di động 144 Nguyễn Lương Bằng (đối diện trường cao đẳng Kinh Tế Kế Hoạc...,"Thế giới di động 144 Nguyễn Lương Bằng (đối diện trường cao đẳng Kinh Tế Kế Hoạch), Phường Liên Chiểu, Thành phố Đà Nẵng, Việt Nam",POINT (108.14848327636719 16.077238082885742),2388
Thế Giới Di Động - Thế giới di động Số 897 - 899 đường Âu Cơ,"Thế giới di động Số 897 - 899 đường Âu Cơ, Phường Liên Chiểu, Thành phố Đà Nẵng, Việt Nam",POINT (108.121337890625 16.07785415649414),10071
Điện Máy Xanh - Điện máy Xanh 312 Trần Đại Nghĩa,"Điện máy Xanh 312 Trần Đại Nghĩa, Phường Ngũ Hành Sơn, Thành phố Đà Nẵng, Việt Nam",POINT (108.25572204589844 15.982890129089355),5411
Điện Máy Xanh - Điện máy Xanh 7 Lê Văn Hiến,"Điện máy Xanh 7 Lê Văn Hiến, Phường Ngũ Hành Sơn, Thành phố Đà Nẵng, Việt Nam",POINT (108.24485778808594 16.035049438476562),1896
Thế Giới Di Động - Thế giới di động 231 Lê Văn Hiến (ngay ngã 4 Lê Văn Hiến - Trần Quốc Hoàn),"Thế giới di động 231 Lê Văn Hiến (ngay ngã 4 Lê Văn Hiến - Trần Quốc Hoàn), Phường Ngũ Hành Sơn, Thành phố Đà Nẵng, Việt Nam",POINT (108.25596618652344 16.013246536254883),1464
Điện Máy Xanh - Điện máy Xanh Lô A8 đường Võ Văn Kiệt,"Điện máy Xanh Lô A8 đường Võ Văn Kiệt, Phường Sơn Trà, Thành phố Đà Nẵng, Việt Nam",POINT (108.23480224609375 16.06191635131836),1225
Thế Giới Di Động - Thế giới di động Số 23 Nguyễn Văn Thoại,"Thế giới di động Số 23 Nguyễn Văn Thoại, Phường An Hải, Thành phố Đà Nẵng, Việt Nam",POINT (108.23731994628906 16.05364227294922),1367
Thế Giới Di Động - Thế giới di động 735 Ngô Quyền,"Thế giới di động 735 Ngô Quyền, Phường An Hải, Thành phố Đà Nẵng, Việt Nam",POINT (108.2308120727539 16.074052810668945),400
Điện Máy Xanh - Điện máy Xanh 213 Điện Biên Phủ,"Điện máy Xanh 213 Điện Biên Phủ, Phường Thanh Khê, Thành phố Đà Nẵng, Việt Nam",POINT (108.19593811035156 16.06542205810547),2059
Điện Máy Xanh - Điện máy Xanh 222 Nguyễn Văn Linh,"Điện máy Xanh 222 Nguyễn Văn Linh, Phường Thanh Khê, Thành phố Đà Nẵng, Việt Nam",POINT (108.21041870117188 16.059789657592773),496
Điện Máy Xanh - Điện máy Xanh 279A Trường Chinh,"Điện máy Xanh 279A Trường Chinh, Phường An Khê, Thành phố Đà Nẵng, Việt Nam",POINT (108.18431854248047 16.046293258666992),1528
Thế Giới Di Động - Thế giới di động 320-322 Lê Duẩn,"Thế giới di động 320-322 Lê Duẩn, Phường Thanh Khê, Thành phố Đà Nẵng, Việt Nam",POINT (108.20947265625 16.06936264038086),39
Thế Giới Di Động - Thế giới di động 325 Điện Biên Phủ,"Thế giới di động 325 Điện Biên Phủ, Phường Thanh Khê, Thành phố Đà Nẵng, Việt Nam",POINT (108.19206237792969 16.06572914123535),247
Điện Máy Xanh - Điện máy Xanh Thôn Túy Loan Đông 1,"Điện máy Xanh Thôn Túy Loan Đông 1, Xã Hòa Vang, Thành phố Đà Nẵng, Việt Nam",POINT (108.14030456542969 15.990951538085938),6329
Điện Máy Xanh - Điện máy Xanh Số 444 Hùng Vương,"Điện máy Xanh Số 444 Hùng Vương, tổ dân phố 4, Phường Buôn Hồ, Tỉnh Đắk Lắk, Việt Nam",POINT (108.26476287841797 12.918357849121094),2089
Điện Máy Xanh - Điện máy Xanh Quốc lộ 14,"Điện máy Xanh Quốc lộ 14, Xã Pơng Drang, Tỉnh Đắk Lắk, Việt Nam",POINT (108.24713134765625 12.95366382598877),1809
Điện Máy Xanh - Điện máy Xanh Thôn Bình Minh 3,"Điện máy Xanh Thôn Bình Minh 3, Phường Cư Bao, Tỉnh Đắk Lắk, Việt Nam",POINT (108.27482604980469 12.814759254455566),11993
Điện Máy Xanh - Điện máy Xanh 1311 đường Hùng Vương,"Điện máy Xanh 1311 đường Hùng Vương, Phường Buôn Hồ, Tỉnh Đắk Lắk, Việt Nam",POINT (108.2559814453125 12.864450454711914),8287
Thế Giới Di Động - Thế giới di động Số 454 đường Hùng Vương,"Thế giới di động Số 454 đường Hùng Vương, Phường Buôn Hồ, Tỉnh Đắk Lắk, Việt Nam",POINT (108.26521301269531 12.916945457458496),696
Điện Máy Xanh - Điện máy Xanh Tỉnh lộ 685 Thôn 18B,"Điện máy Xanh Tỉnh lộ 685 Thôn 18B, Xã Ea Nuôl, Tỉnh Đắk Lắk, Việt Nam",POINT (107.99027252197266 12.769245147705078),4824
Điện Máy Xanh - Điện máy Xanh Đường Tỉnh Lộ 1,"Điện máy Xanh Đường Tỉnh Lộ 1, thôn 15, Xã Ea Wer, Tỉnh Đắk Lắk, Việt Nam",POINT (107.90042877197266 12.805859565734863),8262
Điện Máy Xanh - Điện máy Xanh Số 92 Thôn Quỳnh Ngọc,"Điện máy Xanh Số 92 Thôn Quỳnh Ngọc, Xã Ea Na, Tỉnh Đắk Lắk, Việt Nam",POINT (107.99396514892578 12.532360076904297),9918
Điện Máy Xanh - Điện máy Xanh 37 Nguyễn Tất Thành,"Điện máy Xanh 37 Nguyễn Tất Thành, Phường Buôn Ma Thuột, Tỉnh Đắk Lắk, Việt Nam",POINT (108.05677032470703 12.688314437866211),917
Điện Máy Xanh - Điện máy Xanh Số 107 đường QL 14,"Điện máy Xanh Số 107 đường QL 14, thôn 5, Phường Tân An, Tỉnh Đắk Lắk, Việt Nam",POINT (108.11212921142578 12.730521202087402),2501
Điện Máy Xanh - Điện máy Xanh 111 Phan Bội Châu,"Điện máy Xanh 111 Phan Bội Châu, Phường Buôn Ma Thuột, Tỉnh Đắk Lắk, Việt Nam",POINT (108.03983306884766 12.682448387145996),10919
Điện Máy Xanh - Điện máy Xanh Số 196 Phan Chu Trinh,"Điện máy Xanh Số 196 Phan Chu Trinh, Phường Buôn Ma Thuột, Tỉnh Đắk Lắk, Việt Nam",POINT (108.05194091796875 12.693207740783691),5374
Điện Máy Xanh - Điện máy Xanh 266 Lê Duẩn,"Điện máy Xanh 266 Lê Duẩn, Phường Buôn Ma Thuột, Tỉnh Đắk Lắk, Việt Nam",POINT (108.03343200683594 12.66225528717041),4790
Điện Máy Xanh - Điện máy Xanh 525 Nguyễn Văn Cừ,"Điện máy Xanh 525 Nguyễn Văn Cừ, Phường Tân Lập, Tỉnh Đắk Lắk, Việt Nam",POINT (108.08203125 12.684086799621582),10752
Điện Máy Xanh - Điện máy Xanh Số 24 QL 27,"Điện máy Xanh Số 24 QL 27, Thôn 2, Xã Ea Ktur, Tỉnh Đắk Lắk, Việt Nam",POINT (108.1335220336914 12.606805801391602),2220
Điện Máy Xanh - Điện máy Xanh Số 430 đường Võ Văn Kiệt,"Điện máy Xanh Số 430 đường Võ Văn Kiệt, Phường Thành Nhất, Tỉnh Đắk Lắk, Việt Nam",POINT (108.00129699707031 12.631290435791016),7539
Điện Máy Xanh - Điện máy Xanh 78,"Điện máy Xanh 78, Đường Quốc Lộ 14, Thôn 2, Xã Hòa Phú, Tỉnh Đắk Lắk, Việt Nam",POINT (107.93805694580078 12.61633586883545),9994
Thế Giới Di Động - Thế giới di động Số 220 đường Phan Chu Trinh,"Thế giới di động Số 220 đường Phan Chu Trinh, Phường Buôn Ma Thuột, Tỉnh Đắk Lắk, Việt Nam",POINT (108.0525131225586 12.693840026855469),5417
Thế Giới Di Động - Thế giới di động 242 Nguyễn Tất Thành,"Thế giới di động 242 Nguyễn Tất Thành, Phường Tân Lập, Tỉnh Đắk Lắk, Việt Nam",POINT (108.06192779541016 12.691169738769531),756
Thế Giới Di Động - Thế giới di động 390 – 392 – 394 – 396 Lê Duẩn,"Thế giới di động 390 – 392 – 394 – 396 Lê Duẩn, Phường Ea Kao, Tỉnh Đắk Lắk, Việt Nam",POINT (108.02777862548828 12.657360076904297),702
Thế Giới Di Động - Thế giới di động Số 538 Nguyễn Văn Cừ (ngay góc Nguyễn Văn Cừ - Võ Thị Sáu),"Thế giới di động Số 538 Nguyễn Văn Cừ (ngay góc Nguyễn Văn Cừ - Võ Thị Sáu), Phường Tân Lập, Tỉnh Đắk Lắk, Việt Nam",POINT (108.0768814086914 12.683850288391113),2339
Thế Giới Di Động - Thế giới di động A12 Trần Hưng Đạo,"Thế giới di động A12 Trần Hưng Đạo, Phường Buôn Ma Thuột, Tỉnh Đắk Lắk, Việt Nam",POINT (108.04931640625 12.685800552368164),31
Điện Máy Xanh - Điện máy Xanh Thôn Kim Châu,"Điện máy Xanh Thôn Kim Châu, Xã Dray Bhăng, Tỉnh Đắk Lắk, Việt Nam",POINT (108.16974639892578 12.54708194732666),12739
Điện Máy Xanh - Điện máy Xanh Thôn 22,"Điện máy Xanh Thôn 22, Xã Ea Ning, Tỉnh Đắk Lắk, Việt Nam",POINT (108.19610595703125 12.63553524017334),7891
Điện Máy Xanh - Điện máy Xanh Số 41 đường Hùng Vương,"Điện máy Xanh Số 41 đường Hùng Vương, Xã Quảng Phú, Tỉnh Đắk Lắk, Việt Nam",POINT (108.07512664794922 12.814854621887207),1607
Điện Máy Xanh - Điện máy Xanh 100 QL 14 Kohneh,"Điện máy Xanh 100 QL 14 Kohneh, 100 Quốc lộ 14, thôn Kohneh, Xã Cuôr Đăng, Tỉnh Đắk Lắk, Việt Nam",POINT (108.17987823486328 12.762616157531738),11150
Điện Máy Xanh - Điện máy Xanh Thôn 5,"Điện máy Xanh Thôn 5, Xã Ea Kiết, Tỉnh Đắk Lắk, Việt Nam",POINT (108.0213623046875 12.941080093383789),8585
Điện Máy Xanh - Điện máy Xanh Thôn Hiệp Tiến,"Điện máy Xanh Thôn Hiệp Tiến, Xã Ea M’Droh, Tỉnh Đắk Lắk, Việt Nam",POINT (107.96934509277344 12.858976364135742),10826
Điện Máy Xanh - Điện máy Xanh Số 561 Giải Phóng,"Điện máy Xanh Số 561 Giải Phóng, Xã Ea Drăng, Tỉnh Đắk Lắk, Việt Nam",POINT (108.2069091796875 13.204460144042969),537
Điện Máy Xanh - Điện máy Xanh Thôn 3,"Điện máy Xanh Thôn 3, Xã Ea Drăng, Tỉnh Đắk Lắk, Việt Nam",POINT (108.15509033203125 13.250748634338379),8094
Điện Máy Xanh - Điện máy Xanh Thôn 5A,"Điện máy Xanh Thôn 5A, Xã Ea Wy, Tỉnh Đắk Lắk, Việt Nam",POINT (108.06340789794922 13.211347579956055),10127
Thế Giới Di Động - Thế giới di động 431 Giải Phóng,"Thế giới di động 431 Giải Phóng, Xã Ea Drăng, Tỉnh Đắk Lắk, Việt Nam",POINT (108.2059326171875 13.202146530151367),16859
Điện Máy Xanh - Điện máy Xanh Quốc lộ 26 Tổ dân phố 1,"Điện máy Xanh Quốc lộ 26 Tổ dân phố 1, Xã Ea Knốp, Tỉnh Đắk Lắk, Việt Nam",POINT (108.5384521484375 12.806456565856934),4360
Điện Máy Xanh - Điện máy Xanh Khối 3A Đường Nguyễn Tất Thành,"Điện máy Xanh Khối 3A Đường Nguyễn Tất Thành, Xã Ea Kar, Tỉnh Đắk Lắk, Việt Nam",POINT (108.44908905029297 12.810290336608887),8208
Điện Máy Xanh - Điện máy Xanh Số 48 - 50 Thôn 8,"Điện máy Xanh Số 48 - 50 Thôn 8, Xã Ea Ô, Tỉnh Đắk Lắk, Việt Nam",POINT (108.48619842529297 12.708504676818848),7627
Thế Giới Di Động - Thế giới di động 94 Nguyễn Tất Thành,"Thế giới di động 94 Nguyễn Tất Thành, khu phố 3A (ngay chợ Ea Kar), Xã Ea Kar, Tỉnh Đắk Lắk, Việt Nam",POINT (108.44922637939453 12.810476303100586),308
Điện Máy Xanh - Điện máy Xanh 57 Hùng Vương,"Điện máy Xanh 57 Hùng Vương, Xã Ea Súp, Tỉnh Đắk Lắk, Việt Nam",POINT (107.88137817382812 13.07036304473877),2499
Điện Máy Xanh - Điện máy Xanh Thôn 7,"Điện máy Xanh Thôn 7, Xã Ea Rốk, Tỉnh Đắk Lắk, Việt Nam",POINT (107.81708526611328 13.193424224853516),10050
Điện Máy Xanh - Điện máy Xanh Số 138 đường Hùng Vương,"Điện máy Xanh Số 138 đường Hùng Vương, Xã Krông Ana, Tỉnh Đắk Lắk, Việt Nam",POINT (108.03018188476562 12.485729217529297),1459
Thế Giới Di Động - Thế giới di động Số 159,"Thế giới di động Số 159, Đường Hùng Vương, Tổ 02, Xã Krông Ana, Tỉnh Đắk Lắk, Việt Nam",POINT (108.03050231933594 12.485672950744629),9724
Điện Máy Xanh - Điện máy Xanh 258 Nguyễn Tất Thành,"Điện máy Xanh 258 Nguyễn Tất Thành, Tổ dân phố 5, Xã Krông Bông, Tỉnh Đắk Lắk, Việt Nam",POINT (108.33924865722656 12.510302543640137),2149
Điện Máy Xanh - Điện máy Xanh Nguyễn Tất Thành,"Điện máy Xanh Nguyễn Tất Thành, Xã Krông Năng, Tỉnh Đắk Lắk, Việt Nam",POINT (108.34268188476562 12.951943397521973),3226
Điện Máy Xanh - Điện máy Xanh Thôn Tân Quảng,"Điện máy Xanh Thôn Tân Quảng, Xã Ea Tóh, Huyện Krông Năng, Tỉnh Đắk Lắk, Việt Nam (cách chợ Ea Tóh 200m)",POINT (108.32772064208984 13.036190032958984),4999
Điện Máy Xanh - Điện máy Xanh Thôn Trung Hòa,"Điện máy Xanh Thôn Trung Hòa, Xã Dliê Ya, Tỉnh Đắk Lắk, Việt Nam",POINT (108.35697174072266 13.059478759765625),13967
Điện Máy Xanh - Điện máy Xanh Đường TL694,"Điện máy Xanh Đường TL694, thôn Tam Thuận, Xã Tam Giang, Tỉnh Đắk Lắk, Việt Nam",POINT (108.41677856445312 12.96446704864502),13909
Điện Máy Xanh - Điện máy Xanh Km 38 Quốc lộ 26,"Điện máy Xanh Km 38 Quốc lộ 26, Xã Ea Phê, Tỉnh Đắk Lắk, Việt Nam",POINT (108.36780548095703 12.731290817260742),4856
Thế Giới Di Động - Thế giới di động 304-306 Giải Phóng,"Thế giới di động 304-306 Giải Phóng, Khối 6, Xã Krông Pắc, Tỉnh Đắk Lắk, Việt Nam",POINT (108.30204772949219 12.710664749145508),314
Điện Máy Xanh - Điện máy Xanh 342-344-346A đường Giải Phóng,"Điện máy Xanh 342-344-346A đường Giải Phóng, Xã Krông Pắc, Tỉnh Đắk Lắk, Việt Nam",POINT (108.30016326904297 12.71086597442627),11546
Điện Máy Xanh - Điện máy Xanh N 4 Số 66 Đường Quốc Lộ 26,"Điện máy Xanh N 4 Số 66 Đường Quốc Lộ 26, Xã Ea Knuếc, Tỉnh Đắk Lắk, Việt Nam",POINT (108.2064208984375 12.707932472229004),10672
Điện Máy Xanh - Điện máy Xanh Thôn 6A,"Điện máy Xanh Thôn 6A, Xã Ea Kly, Tỉnh Đắk Lắk, Việt Nam",POINT (108.42132568359375 12.748988151550293),9725
Điện Máy Xanh - Điện máy Xanh Số Nhà 248 Đường Nguyễn Tất Thành,"Điện máy Xanh Số Nhà 248 Đường Nguyễn Tất Thành, Tổ Dân Phố Hiệp Thành, Thị Trấn Liên Sơn, Huyện Lắk, Tỉnh Đắk Lắk, Việt Nam",POINT (108.17320251464844 12.408025741577148),7144
Điện Máy Xanh - Điện máy Xanh 179 Nguyễn Tất Thành,"Điện máy Xanh 179 Nguyễn Tất Thành, Xã M’Drắk, Tỉnh Đắk Lắk, Việt Nam",POINT (108.73756408691406 12.754491806030273),4794
Thế Giới Di Động - Thế giới di động Xã M’Drắk,"Thế giới di động Xã M’Drắk, Tỉnh Đắk Lắk, Việt Nam",POINT (108.7381820678711 12.753276824951172),12740
Điện Máy Xanh - Điện máy Xanh Thôn Trung Tâm,"Điện máy Xanh Thôn Trung Tâm, Xã Nam Dong, Tỉnh Lâm Đồng, Việt Nam",POINT (107.86711120605469 12.658127784729004),7650
Điện Máy Xanh - Điện máy Xanh Số 317 Nguyễn Tất Thành,"Điện máy Xanh Số 317 Nguyễn Tất Thành, Xã Cư Jút, Tỉnh Lâm Đồng, Việt Nam",POINT (107.89688873291016 12.5902681350708),1620
Điện Máy Xanh - Điện máy Xanh Số nhà 28 đường DT 682,"Điện máy Xanh Số nhà 28 đường DT 682, Xã Đắk Sắk, Tỉnh Lâm Đồng, Việt Nam",POINT (107.6571044921875 12.431270599365234),4808
Điện Máy Xanh - Điện máy Xanh 67 Nguyễn Tất Thành,"Điện máy Xanh 67 Nguyễn Tất Thành, Xã Đức Lập, Tỉnh Lâm Đồng, Việt Nam",POINT (107.62199401855469 12.449908256530762),701
Điện Máy Xanh - Điện máy Xanh Xã Đắk Mil,"Điện máy Xanh Xã Đắk Mil, Tỉnh Lâm Đồng, Việt Nam",POINT (107.75157165527344 12.513373374938965),10074
Thế Giới Di Động - Thế giới di động 183 Nguyễn Tất Thành,"Thế giới di động 183 Nguyễn Tất Thành, Xã Đức Lập, Tỉnh Lâm Đồng, Việt Nam",POINT (107.62039947509766 12.450156211853027),9842
Điện Máy Xanh - Điện máy Xanh Thôn Quảng Thuận,"Điện máy Xanh Thôn Quảng Thuận, Xã Kiến Đức, Tỉnh Lâm Đồng, Việt Nam",POINT (107.54142761230469 11.892022132873535),7902
Điện Máy Xanh - Điện máy Xanh Quốc lộ 14,"Điện máy Xanh Quốc lộ 14, Thôn 05, Xã Quảng Tín, Tỉnh Lâm Đồng, Việt Nam",POINT (107.44068145751953 11.935078620910645),4367
Thế Giới Di Động - Thế giới di động Tổ 01 (ngay trung tâm thương mại Kiến Đức),"Thế giới di động Tổ 01 (ngay trung tâm thương mại Kiến Đức), Xã Kiến Đức, Tỉnh Lâm Đồng, Việt Nam",POINT (107.51228332519531 11.996618270874023),2885
Điện Máy Xanh - Điện máy Xanh 79 Nguyễn Tất Thành,"Điện máy Xanh 79 Nguyễn Tất Thành, Xã Kiến Đức, Tỉnh Lâm Đồng, Việt Nam",POINT (107.51097106933594 11.993867874145508),1541
Điện Máy Xanh - Điện máy Xanh Thôn 2,"Điện máy Xanh Thôn 2, Xã Trường Xuân, Tỉnh Lâm Đồng, Việt Nam",POINT (107.5819320678711 12.190032958984375),8015
Thế Giới Di Động - Thế giới di động Tổ dân phố 2 (cạnh cổng chợ Đức An),"Thế giới di động Tổ dân phố 2 (cạnh cổng chợ Đức An), Xã Đức An, Tỉnh Lâm Đồng, Việt Nam",POINT (107.61116027832031 12.26154899597168),2500
Điện Máy Xanh - Điện máy Xanh Thôn 10,"Điện máy Xanh Thôn 10, Xã Đức An, Tỉnh Lâm Đồng, Việt Nam",POINT (107.59529876708984 12.290176391601562),2306
Điện Máy Xanh - Điện máy Xanh Tổ dân phố 4,"Điện máy Xanh Tổ dân phố 4, đường Tôn Đức Thắng, Phường Bắc Gia Nghĩa, Tỉnh Lâm Đồng, Việt Nam",POINT (107.68537139892578 12.011255264282227),1253
Điện Máy Xanh - Điện máy Xanh Quốc lộ 28,"Điện máy Xanh Quốc lộ 28, Xã Quảng Khê, Tỉnh Lâm Đồng, Việt Nam",POINT (107.79762268066406 11.90847110748291),4509
Điện Máy Xanh - Điện máy Xanh 11 Hùng Vương,"Điện máy Xanh 11 Hùng Vương, Tổ dân phố 3, Phường Bắc Gia Nghĩa, Tỉnh Lâm Đồng, Việt Nam",POINT (107.70539855957031 11.996496200561523),12679
Điện Máy Xanh - Điện máy Xanh Thôn Quảng Hợp,"Điện máy Xanh Thôn Quảng Hợp, Xã Quảng Sơn, Tỉnh Lâm Đồng, Việt Nam",POINT (107.87045288085938 12.154267311096191),8016
Điện Máy Xanh - Điện máy Xanh QL 14,"Điện máy Xanh QL 14, Thôn 3, Xã Nhân Cơ, Tỉnh Lâm Đồng, Việt Nam",POINT (107.58125305175781 11.980968475341797),2454
Thế Giới Di Động - Thế giới di động Số 82 Huỳnh Thúc Kháng,"Thế giới di động Số 82 Huỳnh Thúc Kháng, Phường Bắc Gia Nghĩa, Tỉnh Lâm Đồng, Việt Nam",POINT (107.68325805664062 12.004544258117676),802
Điện Máy Xanh - Điện máy Xanh 185 Nguyễn Tất Thành,"Điện máy Xanh 185 Nguyễn Tất Thành,Tổ 01, Xã Krông Nô, Tỉnh Lâm Đồng, Việt Nam",POINT (107.86253356933594 12.460906982421875),2148
Điện Máy Xanh - Điện máy Xanh Thôn Xuyên Hải,"Điện máy Xanh Thôn Xuyên Hải, Xã Quảng Phú, Tỉnh Lâm Đồng, Việt Nam",POINT (107.93190002441406 12.336750030517578),8716
Thế Giới Di Động - Thế giới di động Số 68,"Thế giới di động Số 68, Đường Nguyễn Tất Thành, Xã Krông Nô, Tỉnh Lâm Đồng, Việt Nam",POINT (107.86184692382812 12.466590881347656),8587
Điện Máy Xanh - Điện máy Xanh Thôn 3,"Điện máy Xanh Thôn 3, Xã Tuy Đức, Tỉnh Lâm Đồng, Việt Nam",POINT (107.46250915527344 12.210174560546875),8114
Điện Máy Xanh - Điện máy Xanh Số 766 ấp 2,"Điện máy Xanh Số 766 ấp 2, Phường Long Hưng, Tỉnh Đồng Nai, Việt Nam",POINT (106.86451721191406 10.894328117370605),1980
Điện Máy Xanh - Điện máy Xanh Số 01 Nguyễn Văn Tiên khu phố 9,"Điện máy Xanh Số 01 Nguyễn Văn Tiên khu phố 9, Phường Tân Phong, Thành phố Biên Hoà, Tỉnh Đồng Nai, Việt Nam",POINT (106.8477783203125 10.978577613830566),11067
Điện Máy Xanh - Điện máy Xanh Đường Hùng Vương,"Điện máy Xanh Đường Hùng Vương, khu phố 3, Xã Trảng Bom, Tỉnh Đồng Nai, Việt Nam",POINT (107.00383758544922 10.956056594848633),10671
Thế Giới Di Động - Thế giới di động Số 172,"Thế giới di động Số 172, ấp Long Đức 1 (cách chợ Phùng Hưng 100M), Phường Tam Phước, Tỉnh Đồng Nai, Việt Nam",POINT (106.9611587524414 10.861614227294922),2749
Thế Giới Di Động - Thế giới di động 282B,"Thế giới di động 282B, khu phố 2 (ngã 4 Vincom Biên Hòa), Phường Trấn Biên, Tỉnh Đồng Nai, Việt Nam",POINT (106.84275817871094 10.957141876220703),2575
Thế Giới Di Động - Thế giới di động Tổ 4,"Thế giới di động Tổ 4, ấp 5, Xã An Phước, Tỉnh Đồng Nai, Việt Nam",POINT (106.93939208984375 10.82557487487793),2185
Điện Máy Xanh - Điện máy Xanh 103/5 Quốc lộ 1A,"Điện máy Xanh 103/5 Quốc lộ 1A, Khu phố 9, Phường Long Bình, Tỉnh Đồng Nai, Việt Nam",POINT (106.89702606201172 10.969164848327637),9117
Điện Máy Xanh - Điện máy Xanh 1300 Nguyễn Ái Quốc,"Điện máy Xanh 1300 Nguyễn Ái Quốc, KP. 01, Phường Trảng Dài, Tỉnh Đồng Nai, Việt Nam",POINT (106.86235809326172 10.968875885009766),1722
Điện Máy Xanh - Điện máy Xanh 15-17-19-21 đường Bùi Văn Hòa (Ngay Vòng Xoay Tam Hiệp hướng Công ...,"Điện máy Xanh 15-17-19-21 đường Bùi Văn Hòa (Ngay Vòng Xoay Tam Hiệp hướng Công Viên Tam Hiệp), Phường Long Bình, Tỉnh Đồng Nai, Việt Nam",POINT (106.8687973022461 10.939878463745117),7707
Điện Máy Xanh - Điện máy Xanh Số 205C đường Phạm Văn Thuận Khu phố 1,"Điện máy Xanh Số 205C đường Phạm Văn Thuận Khu phố 1, Phường Tam Hiệp, Tỉnh Đồng Nai, Việt Nam",POINT (106.8384780883789 10.9583158493042),914
Điện Máy Xanh - Điện máy Xanh Số 303 đường Quốc lộ 51,"Điện máy Xanh Số 303 đường Quốc lộ 51, ấp Long Khánh 3, Phường Tam Phước, Tỉnh Đồng Nai, Việt Nam",POINT (106.92865753173828 10.853240013122559),2826
Điện Máy Xanh - Điện máy Xanh Số 5/10 - 6/10,"Điện máy Xanh Số 5/10 - 6/10, KP3, Đồng Khởi, TP. Biên Hòa, Đồng Nai, Phường Tam Hiệp, Tỉnh Đồng Nai, Việt Nam",POINT (106.86234283447266 10.956612586975098),124
Điện Máy Xanh - Điện máy Xanh Số 131 Phùng Hưng,"Điện máy Xanh Số 131 Phùng Hưng, KP.4, ấp 8, xã An Phước, H. Long Thành, T. Đồng Nai (Ngã Ba Dân Chủ)",POINT (106.96363067626953 10.862388610839844),1815
Điện Máy Xanh - Điện máy Xanh Số 2237-2239-2241 Quốc Lộ 1A,"Điện máy Xanh Số 2237-2239-2241 Quốc Lộ 1A, Ấp Thanh Hóa, Phường Hố Nai, Tỉnh Đồng Nai, Việt Nam",POINT (106.94741821289062 10.960626602172852),1334
Điện Máy Xanh - Điện máy Xanh 184 Bùi Văn Hòa,"Điện máy Xanh 184 Bùi Văn Hòa, Tổ 2, KP 11, Phường Trấn Biên, Tỉnh Đồng Nai, Việt Nam",POINT (106.87873077392578 10.927083969116211),2438
Điện Máy Xanh - Điện máy Xanh Số 2148 đường Nguyễn Ái Quốc,"Điện máy Xanh Số 2148 đường Nguyễn Ái Quốc, KP An Hòa, Phường Biên Hòa, Tỉnh Đồng Nai, Việt Nam",POINT (106.80387878417969 10.936598777770996),4923
Điện Máy Xanh - Điện máy Xanh Số 411 đường Võ Nguyên Giáp,"Điện máy Xanh Số 411 đường Võ Nguyên Giáp, Phường Long Hưng, Tỉnh Đồng Nai, Việt Nam",POINT (106.8905258178711 10.898441314697266),7347
Điện Máy Xanh - Điện máy Xanh Số 8/13 đường Trần Văn Xã,"Điện máy Xanh Số 8/13 đường Trần Văn Xã, tổ 13, Phường Trảng Dài, Tỉnh Đồng Nai, Việt Nam",POINT (106.86210632324219 10.984560012817383),4614
Điện Máy Xanh - Điện máy Xanh Số 49/13 Ấp Cầu Hang,"Điện máy Xanh Số 49/13 Ấp Cầu Hang, Xã Hóa An, Thành phố Biên Hoà, Tỉnh Đồng Nai, Việt Nam",POINT (106.80610656738281 10.926448822021484),2203
Điện Máy Xanh - Điện máy Xanh Số K16 đường Võ Thị Sáu,"Điện máy Xanh Số K16 đường Võ Thị Sáu, khu phố 7, Phường Trấn Biên, Tỉnh Đồng Nai, Việt Nam",POINT (106.83122253417969 10.94793701171875),7979
Điện Máy Xanh - Điện máy Xanh 193-194 Nguyễn Ái Quốc,"Điện máy Xanh 193-194 Nguyễn Ái Quốc, Phường Long Bình, Tỉnh Đồng Nai, Việt Nam",POINT (106.88526153564453 10.972601890563965),3686
Điện Máy Xanh - Điện máy Xanh Số 18 Quốc Lộ 51,"Điện máy Xanh Số 18 Quốc Lộ 51, Phường Long Hưng, Tỉnh Đồng Nai, Việt Nam",POINT (106.84880065917969 10.905180931091309),1597
Điện Máy Xanh - Điện máy Xanh 87 Bùi Hữu Nghĩa (Tân Vạn),"Điện máy Xanh 87 Bùi Hữu Nghĩa (Tân Vạn), Số 87 Đường Bùi Hữu Nghĩa, Phường Biên Hòa, Tỉnh Đồng Nai, Việt Nam",POINT (106.82910919189453 10.908696174621582),7751
Thế Giới Di Động - Thế giới di động Số 05/1B - 06/1B,"Thế giới di động Số 05/1B - 06/1B, Quốc lộ 1, Tổ 1, KP 1, Phường Tam Hiệp, Tỉnh Đồng Nai, Việt Nam",POINT (106.86856079101562 10.940370559692383),674
Thế Giới Di Động - Thế giới di động Số 08,"Thế giới di động Số 08, Đường Quốc Lộ 51, Tổ 07, Ấp Tân Mai 2, Phường Phước Tân, Tỉnh Đồng Nai, Việt Nam",POINT (106.91004943847656 10.87421989440918),1872
Thế Giới Di Động - Thế giới di động Số 1/1,"Thế giới di động Số 1/1, Phạm Văn Thuận (Ngã Ba Biti's), KP. 9, Phường Tam Hiệp, Tỉnh Đồng Nai, Việt Nam",POINT (106.85601806640625 10.946952819824219),289
Thế Giới Di Động - Thế giới di động Số 2,"Thế giới di động Số 2, Đường Bùi Trọng Nghĩa, Tổ 31, KP3A (Trảng Dài) ( Đối Diện Hủ Tiếu Cây Bàng ), Phường Trảng Dài, Tỉnh Đồng Nai, Việt Nam",POINT (106.86428833007812 10.984643936157227),4698
Thế Giới Di Động - Thế giới di động 217 A Phạm Văn Thuận,"Thế giới di động 217 A Phạm Văn Thuận, KP2, Phường Tam Hiệp, Tỉnh Đồng Nai, Việt Nam",POINT (106.84105682373047 10.957813262939453),36
Thế Giới Di Động - Thế giới di động Số 24/6C đường Cách Mạng Tháng 8,"Thế giới di động Số 24/6C đường Cách Mạng Tháng 8, Phường Trấn Biên, Tỉnh Đồng Nai, Việt Nam",POINT (106.80819702148438 10.952682495117188),1540
Thế Giới Di Động - Thế giới di động 287/5 Phan Trung,"Thế giới di động 287/5 Phan Trung, KP. 07 (ngay vòng xoay Tân Hiệp), Phường Tam Hiệp, Tỉnh Đồng Nai, Việt Nam",POINT (106.85475158691406 10.96243953704834),2276
Thế Giới Di Động - Thế giới di động Số 299 Quốc Lộ 51,"Thế giới di động Số 299 Quốc Lộ 51, ấp Long Khánh 3, Phường Tam Phước, Tỉnh Đồng Nai, Việt Nam",POINT (106.92874908447266 10.853246688842773),1175
Thế Giới Di Động - Thế giới di động 408 Võ Nguyên Giáp,"Thế giới di động 408 Võ Nguyên Giáp, Tổ 23, KP3, Phường Long Hưng, Tỉnh Đồng Nai, Việt Nam",POINT (106.89061737060547 10.898483276367188),920
Thế Giới Di Động - Thế giới di động 72 Đồng Khởi,"Thế giới di động 72 Đồng Khởi, KP. 04 (đối diện bệnh viện đa khoa Đồng Nai), Phường Tam Hiệp, Tỉnh Đồng Nai, Việt Nam",POINT (106.8695297241211 10.953001022338867),2869
Thế Giới Di Động - Thế giới di động 939 Đồng Khởi,"Thế giới di động 939 Đồng Khởi, khu phố 9 (đối diện cây xăng 26), Phường Tân Triều, Tỉnh Đồng Nai, Việt Nam",POINT (106.84654998779297 10.985101699829102),2747
Thế Giới Di Động - Thế giới di động Ki ốt số 3,"Thế giới di động Ki ốt số 3, Tầng 01, CC Chợ Biên Hòa, Cách Mạng Tháng Tám, Phường Trấn Biên, Tỉnh Đồng Nai, Việt Nam",POINT (106.81680297851562 10.946916580200195),350
Thế Giới Di Động - Thế giới di động (Nay là Phường Hiệp Hoà),"Thế giới di động (Nay là Phường Hiệp Hoà), Phường Trấn Biên, Tỉnh Đồng Nai, Việt Nam",POINT (106.83052062988281 10.933794021606445),10746
Thế Giới Di Động - Thế giới di động 94 Quốc Lộ 1A (Ngã Ba Phát Triển),"Thế giới di động 94 Quốc Lộ 1A (Ngã Ba Phát Triển), KP 8A, Phường Long Bình, Tỉnh Đồng Nai, Việt Nam",POINT (106.89437866210938 10.970052719116211),753
Thế Giới Di Động - Thế giới di động 61-62 Bùi Văn Hòa,"Thế giới di động 61-62 Bùi Văn Hòa, KP. 03 (ngã 4 ICD Tân Cảng - Long Bình), Phường Long Hưng, Tỉnh Đồng Nai, Việt Nam",POINT (106.88604736328125 10.91430377960205),2186
Điện Máy Xanh - Điện máy Xanh Số 94,"Điện máy Xanh Số 94, đường Trần Hưng Đạo, Phường Hà Giang 2, Tỉnh Tuyên Quang, Việt Nam",POINT (104.98761749267578 22.830646514892578),15780
Thế Giới Di Động - Thế giới di động Ấp Trần Cao Vân,"Thế giới di động Ấp Trần Cao Vân, Xã Dầu Giây, Tỉnh Đồng Nai, Việt Nam",POINT (107.13526153564453 10.942392349243164),692
Điện Máy Xanh - Điện máy Xanh Quốc Lộ 56,"Điện máy Xanh Quốc Lộ 56, Ấp Duyên Lãng, Xã Cẩm Mỹ, Tỉnh Đồng Nai, Việt Nam",POINT (107.23677825927734 10.836305618286133),7740
Điện Máy Xanh - Điện máy Xanh Số 07,"Điện máy Xanh Số 07,Ấp 9, Xã Sông Ray, Huyện Cẩm Mỹ, Tỉnh Đồng Nai, Việt Nam",POINT (107.3493423461914 10.762447357177734),2184
Điện Máy Xanh - Điện máy Xanh Tỉnh lộ 764 Tổ 16,"Điện máy Xanh Tỉnh lộ 764 Tổ 16, Ấp Láng Lớn, Xã Cẩm Mỹ, Tỉnh Đồng Nai, Việt Nam",POINT (107.2425765991211 10.775647163391113),9292
Điện Máy Xanh - Điện máy Xanh Ấp Tân Bảo,"Điện máy Xanh Ấp Tân Bảo, Xã Cẩm Mỹ, Tỉnh Đồng Nai, Việt Nam",POINT (107.29409790039062 10.829627990722656),10094
Điện Máy Xanh - Điện máy Xanh Đường ĐT 765,"Điện máy Xanh Đường ĐT 765, tổ 19, ấp Cọ Dầu 1, Xã Xuân Đông, Tỉnh Đồng Nai, Việt Nam",POINT (107.36395263671875 10.82274055480957),11816
Điện Máy Xanh - Điện máy Xanh 108 Tổ 4,"Điện máy Xanh 108 Tổ 4, Ấp 2, Xã Xuân Quế, Tỉnh Đồng Nai, Việt Nam",POINT (107.16596221923828 10.844527244567871),10791
Điện Máy Xanh - Điện máy Xanh Số 21,"Điện máy Xanh Số 21, Điện Biên Phủ, Khóm 7, Phường Trà Vinh, Tỉnh Vĩnh Long, Việt Nam",POINT (106.34107208251953 9.924263000488281),15501
Điện Máy Xanh - Điện máy Xanh Số 66-67,"Điện máy Xanh Số 66-67, Khu dân cư 2, ấp 114, Xã Định Quán, Tỉnh Đồng Nai, Việt Nam",POINT (107.3548355102539 11.198457717895508),75
Điện Máy Xanh - Điện máy Xanh Số 1533/E,"Điện máy Xanh Số 1533/E, ấp Phú Tân, Xã Thống Nhất, Tỉnh Đồng Nai, Việt Nam",POINT (107.18245697021484 11.088510513305664),7179
Điện Máy Xanh - Điện máy Xanh Số 9/13 Quốc Lộ 20 Tổ 13 Ấp 2,"Điện máy Xanh Số 9/13 Quốc Lộ 20 Tổ 13 Ấp 2, Xã Định Quán, Tỉnh Đồng Nai, Việt Nam",POINT (107.27998352050781 11.159980773925781),2613
Điện Máy Xanh - Điện máy Xanh Số 26 Tổ 1 Ấp 3,"Điện máy Xanh Số 26 Tổ 1 Ấp 3, Xã Xuân Bắc, Tỉnh Đồng Nai, Việt Nam",POINT (107.28375244140625 11.039904594421387),2407
Điện Máy Xanh - Điện máy Xanh Đường DT761,"Điện máy Xanh Đường DT761, ấp 1, Xã Thanh Sơn, Tỉnh Đồng Nai, Việt Nam",POINT (107.29908752441406 11.2299165725708),8833
Điện Máy Xanh - Điện máy Xanh Số 5/2 đường QL20 ấp Đồn Điền 1,"Điện máy Xanh Số 5/2 đường QL20 ấp Đồn Điền 1, Xã La Ngà, Tỉnh Đồng Nai, Việt Nam",POINT (107.21189880371094 11.089766502380371),10154
Điện Máy Xanh - Điện máy Xanh Số 259 tổ 19 ấp Bến Cam,"Điện máy Xanh Số 259 tổ 19 ấp Bến Cam, Xã Nhơn Trạch, Tỉnh Đồng Nai, Việt Nam",POINT (106.92501831054688 10.757474899291992),2011
Điện Máy Xanh - Điện máy Xanh Lý Thái Tổ,"Điện máy Xanh Lý Thái Tổ, Xã Nhơn Trạch, Tỉnh Đồng Nai, Việt Nam",POINT (106.87263488769531 10.748958587646484),7346
Điện Máy Xanh - Điện máy Xanh Số 1551A,"Điện máy Xanh Số 1551A, đường Hùng Vương, ấp Bàu Bông, Xã Phước An, Tỉnh Đồng Nai, Việt Nam",POINT (106.93869018554688 10.655999183654785),10156
Điện Máy Xanh - Điện máy Xanh Số 58 Hùng Vương,"Điện máy Xanh Số 58 Hùng Vương, tổ 6, ấp Đoàn Kết, Xã Phước An, Tỉnh Đồng Nai, Việt Nam",POINT (106.8844223022461 10.676335334777832),11104
Điện Máy Xanh - Điện máy Xanh Số 52 ấp 2,"Điện máy Xanh Số 52 ấp 2, Xã Đại Phước, Tỉnh Đồng Nai, Việt Nam",POINT (106.7881088256836 10.678842544555664),9472
Thế Giới Di Động - Thế giới di động Ấp Phước Lý,"Thế giới di động Ấp Phước Lý, Xã Đại Phước, Tỉnh Đồng Nai, Việt Nam",POINT (106.81745910644531 10.73523998260498),2183
Điện Máy Xanh - Điện máy Xanh Đường QL 56,"Điện máy Xanh Đường QL 56, khu phố Cẩm Tân, Phường Hàng Gòn, Tỉnh Đồng Nai, Việt Nam",POINT (107.22715759277344 10.896980285644531),8095
Điện Máy Xanh - Điện máy Xanh 272 Hồ Thị Hương,"Điện máy Xanh 272 Hồ Thị Hương, Khu Phố 3, Phường Long Khánh, Tỉnh Đồng Nai, Việt Nam",POINT (107.25122833251953 10.933233261108398),3978
Điện Máy Xanh - Điện máy Xanh Đường DT763,"Điện máy Xanh Đường DT763, Xã Xuân Lộc, Tỉnh Đồng Nai, Việt Nam",POINT (107.33004760742188 10.95514965057373),8128
Thế Giới Di Động - Thế giới di động Số 26 Khu Dân Cư 4,"Thế giới di động Số 26 Khu Dân Cư 4, Ấp Cây Xăng, Xã Thống Nhất, Tỉnh Đồng Nai, Việt Nam",POINT (107.21319580078125 11.089871406555176),114
Thế Giới Di Động - Thế giới di động 116 Hồ Thị Hương,"Thế giới di động 116 Hồ Thị Hương, Phường Long Khánh, Tỉnh Đồng Nai, Việt Nam",POINT (107.2529296875 10.934039115905762),377
Thế Giới Di Động - Thế giới di động 207 Hùng Vương,"Thế giới di động 207 Hùng Vương, Phường Long Khánh, Tỉnh Đồng Nai, Việt Nam",POINT (107.24039459228516 10.924212455749512),5491
Điện Máy Xanh - Điện máy Xanh Số 1912,"Điện máy Xanh Số 1912, Quốc lộ 51, tổ 01, ấp 1C, Xã Phước Thái, Tỉnh Đồng Nai, Việt Nam",POINT (107.02787780761719 10.677362442016602),1876
Điện Máy Xanh - Điện máy Xanh 224 Lê Duẩn (An Phước),"Điện máy Xanh 224 Lê Duẩn (An Phước), 224 Lê Duẩn, Tổ 1, Khu Bàu Cá, Xã An Phước, Tỉnh Đồng Nai, Việt Nam",POINT (106.94510650634766 10.795498847961426),17863
Điện Máy Xanh - Điện máy Xanh Số 570 Lê Duẩn,"Điện máy Xanh Số 570 Lê Duẩn, Xã Long Thành, Tỉnh Đồng Nai, Việt Nam",POINT (106.95279693603516 10.778817176818848),952
Điện Máy Xanh - Điện máy Xanh Số 393 Bàu Cạn Ấp 1,"Điện máy Xanh Số 393 Bàu Cạn Ấp 1, Xã Long Phước, Tỉnh Đồng Nai, Việt Nam",POINT (107.05207061767578 10.725486755371094),7563
Điện Máy Xanh - Điện máy Xanh Tổ 2 Ấp An Viễng,"Điện máy Xanh Tổ 2 Ấp An Viễng, Xã Bình An, Tỉnh Đồng Nai, Việt Nam",POINT (107.05154418945312 10.851527214050293),13859
Điện Máy Xanh - Điện máy Xanh Đường 769,"Điện máy Xanh Đường 769, ấp 04, Xã Long Thành, Tỉnh Đồng Nai, Việt Nam",POINT (107.01551818847656 10.793652534484863),7959
Điện Máy Xanh - Điện máy Xanh Đường HL10,"Điện máy Xanh Đường HL10, ấp Cẩm Đường, Xã Xuân Đường, Tỉnh Đồng Nai, Việt Nam",POINT (107.11284637451172 10.79265022277832),7555
Điện Máy Xanh - Điện máy Xanh Xã Long Phước,"Điện máy Xanh Xã Long Phước, Tỉnh Đồng Nai, Việt Nam",POINT (107.00659942626953 10.710598945617676),7265
Điện Máy Xanh - Điện máy Xanh Ấp 05,"Điện máy Xanh Ấp 05, Xã An Phước, Tỉnh Đồng Nai, Việt Nam",POINT (106.9284439086914 10.80395221710205),7973
Thế Giới Di Động - Thế giới di động Số 2 đường 769,"Thế giới di động Số 2 đường 769, ấp Hàng Gòn (ngay ngã 4 Lộc An, hướng về Bình Sơn), Xã Long Thành, Tỉnh Đồng Nai, Việt Nam",POINT (106.95723724365234 10.782588958740234),2290
Thế Giới Di Động - Thế giới di động Số 702,"Thế giới di động Số 702, Phạm Văn Đồng, Tổ 5, Khu Cầu Xéo, Xã Long Thành, Tỉnh Đồng Nai, Việt Nam",POINT (106.95606994628906 10.773514747619629),628
Thế Giới Di Động - Thế giới di động 486 Lê Duẩn,"Thế giới di động 486 Lê Duẩn, Khu Phước Thuận, Xã Long Thành, Tỉnh Đồng Nai, Việt Nam",POINT (106.951171875 10.781889915466309),13097
Thế Giới Di Động - Thế giới di động Quốc lộ 51,"Thế giới di động Quốc lộ 51, tổ 13, ấp Phước Hòa (ngay ngã ba 67), Xã Long Phước, Tỉnh Đồng Nai, Việt Nam",POINT (107.00631713867188 10.710047721862793),2571
Thế Giới Di Động - Thế giới di động Số 1910,"Thế giới di động Số 1910, tổ 1, ấp 1C, Xã Phước Thái, Tỉnh Đồng Nai, Việt Nam",POINT (107.02720642089844 10.678643226623535),473
Điện Máy Xanh - Điện máy Xanh 104 Tôn Đức Thắng,"Điện máy Xanh 104 Tôn Đức Thắng, ấp 3, Xã Nhơn Trạch, Tỉnh Đồng Nai, Việt Nam",POINT (106.94656372070312 10.738107681274414),1566
Điện Máy Xanh - Điện máy Xanh Số 2448 Hùng Vương (Vĩnh Thanh),"Điện máy Xanh Số 2448 Hùng Vương (Vĩnh Thanh), Số 2448 đường Hùng Vương, Xã Phước An, Tỉnh Đồng Nai, Việt Nam",POINT (106.83846282958984 10.686885833740234),5174
Điện Máy Xanh - Điện máy Xanh Số A57 Lý Thái Tổ,"Điện máy Xanh Số A57 Lý Thái Tổ, ấp Phước Lý, Xã Đại Phước, Tỉnh Đồng Nai, Việt Nam",POINT (106.81120300292969 10.740068435668945),1624
Điện Máy Xanh - Điện máy Xanh Xã Nhơn Trạch,"Điện máy Xanh Xã Nhơn Trạch, Tỉnh Đồng Nai, Việt Nam",POINT (106.92391967773438 10.756237030029297),16885
Điện Máy Xanh - Điện máy Xanh Đường Hùng Vương,"Điện máy Xanh Đường Hùng Vương, Xã Phước An, Tỉnh Đồng Nai, Việt Nam",POINT (106.95372009277344 10.723999977111816),8563
Thế Giới Di Động - Thế giới di động Số 340,"Thế giới di động Số 340, Lý Thái Tổ, ấp Bến Cam, Xã Nhơn Trạch, Tỉnh Đồng Nai, Việt Nam",POINT (106.92391967773438 10.757685661315918),1491
Thế Giới Di Động - Thế giới di động Số 808 Hùng Vương,"Thế giới di động Số 808 Hùng Vương, ấp 1, Xã Phước An, Tỉnh Đồng Nai, Việt Nam",POINT (106.95664978027344 10.72171688079834),1492
Thế Giới Di Động - Thế giới di động Xã Nhơn Trạch,"Thế giới di động Xã Nhơn Trạch, Tỉnh Đồng Nai, Việt Nam",POINT (106.94481658935547 10.737849235534668),15934
Điện Máy Xanh - Điện máy Xanh Số 2359 Quốc Lộ 20 (Phú Lâm),"Điện máy Xanh Số 2359 Quốc Lộ 20 (Phú Lâm), Số 2359 Quốc Lộ 20, Ấp Phương Lâm 3, Xã Phú Lâm, Tỉnh Đồng Nai, Việt Nam",POINT (107.49046325683594 11.286988258361816),1743
Điện Máy Xanh - Điện máy Xanh Số 623 Quốc Lộ 20,"Điện máy Xanh Số 623 Quốc Lộ 20, Tổ 1, Khu 6, Xã Tân Phú, Tỉnh Đồng Nai, Việt Nam",POINT (107.4310073852539 11.267148971557617),5475
Điện Máy Xanh - Điện máy Xanh Đường Trà Cổ,"Điện máy Xanh Đường Trà Cổ, Xã Phú Hòa, Tỉnh Đồng Nai, Việt Nam",POINT (107.43333435058594 11.211860656738281),8832
Điện Máy Xanh - Điện máy Xanh Số 1278 đường Tà Lài,"Điện máy Xanh Số 1278 đường Tà Lài, Tổ 5, Ấp 4, Xã Tà Lài, Tỉnh Đồng Nai, Việt Nam",POINT (107.39008331298828 11.36551570892334),7739
Điện Máy Xanh - Điện máy Xanh 53 Tà Lài,"Điện máy Xanh 53 Tà Lài, tổ 13, ấp 1, Xã Tân Phú, Tỉnh Đồng Nai, Việt Nam",POINT (107.39684295654297 11.306441307067871),10153
Thế Giới Di Động - Thế giới di động Số 355 đường Quốc Lộ 20,"Thế giới di động Số 355 đường Quốc Lộ 20, Khu Phố Hiệp Quyết, Xã Định Quán, Tỉnh Đồng Nai, Việt Nam",POINT (107.35897064208984 11.20293140411377),1745
Thế Giới Di Động - Thế giới di động Số 54,"Thế giới di động Số 54, Tổ 1, Ấp Phương Lâm 2, Xã Phú Lâm, Tỉnh Đồng Nai, Việt Nam",POINT (107.48690795898438 11.284393310546875),886
Thế Giới Di Động - Thế giới di động 597-599 Quốc lộ 20,"Thế giới di động 597-599 Quốc lộ 20, tổ 27, khu 6, Xã Tân Phú, Tỉnh Đồng Nai, Việt Nam",POINT (107.4303970336914 11.267190933227539),11789
Điện Máy Xanh - Điện máy Xanh Số 1/4 Quốc Lộ 20 (Gia Kiệm),"Điện máy Xanh Số 1/4 Quốc Lộ 20 (Gia Kiệm), Số 1/4, Quốc lộ 20, Ấp Tân Yên, Xã Gia Kiệm, Tỉnh Đồng Nai, Việt Nam",POINT (107.17320251464844 11.038313865661621),1071
Điện Máy Xanh - Điện máy Xanh Số 1240 tổ 36,"Điện máy Xanh Số 1240 tổ 36, khu phố Trần Cao Vân, Xã Dầu Giây, Tỉnh Đồng Nai, Việt Nam",POINT (107.135498046875 10.942322731018066),2084
Điện Máy Xanh - Điện máy Xanh Số 126 Tỉnh Lộ 769,"Điện máy Xanh Số 126 Tỉnh Lộ 769, Ấp 2, Xã Dầu Giây, Tỉnh Đồng Nai, Việt Nam",POINT (107.08963012695312 10.869873046875),7341
Điện Máy Xanh - Điện máy Xanh 20 QL1A,"Điện máy Xanh 20 QL1A, Xã Hưng Thịnh, Tỉnh Đồng Nai, Việt Nam",POINT (107.06693267822266 10.943906784057617),1744
Điện Máy Xanh - Điện máy Xanh Số 76,"Điện máy Xanh Số 76 , Đường 3 Tháng 2, Xã Trảng Bom, Tỉnh Đồng Nai, Việt Nam",POINT (107.00336456298828 10.9496488571167),4475
Điện Máy Xanh - Điện máy Xanh 4 Ấp Phú Sơn,"Điện máy Xanh 4 Ấp Phú Sơn, Xã Bình Minh, Tỉnh Đồng Nai, Việt Nam",POINT (106.9529037475586 10.950761795043945),15913
Điện Máy Xanh - Điện máy Xanh Số 1124 ấp Quảng Biên,"Điện máy Xanh Số 1124 ấp Quảng Biên, Xã Quảng Tiến, Huyện Trảng Bom, Tỉnh Đồng Nai, Việt Nam",POINT (106.98866271972656 10.949000358581543),1961
Điện Máy Xanh - Điện máy Xanh 1273 Nguyễn Hoàng,"Điện máy Xanh 1273 Nguyễn Hoàng, Xã Bàu Hàm, Tỉnh Đồng Nai, Việt Nam",POINT (107.0729751586914 11.044455528259277),7345
Điện Máy Xanh - Điện máy Xanh Đường Sông Thao-Bàu Hàm,"Điện máy Xanh Đường Sông Thao-Bàu Hàm, Xã Bàu Hàm, Tỉnh Đồng Nai, Việt Nam",POINT (107.0995864868164 10.977556228637695),7922
Điện Máy Xanh - Điện máy Xanh Xã An Viễn,"Điện máy Xanh Xã An Viễn, Tỉnh Đồng Nai, Việt Nam",POINT (106.99359130859375 10.880209922790527),7554
Điện Máy Xanh - Điện máy Xanh Tỉnh lộ 767 Ấp An Chu,"Điện máy Xanh Tỉnh lộ 767 Ấp An Chu, Xã Bình Minh, Tỉnh Đồng Nai, Việt Nam",POINT (106.96097564697266 10.98083782196045),7616
Thế Giới Di Động - Thế giới di động Số 109A,"Thế giới di động Số 109A, KP 2, đường Nguyễn Hoàng (ngay ngã Tư Cây Gáo), Xã Trảng Bom, Tỉnh Đồng Nai, Việt Nam",POINT (107.0114974975586 10.95605754852295),2134
Thế Giới Di Động - Thế giới di động Số 419 - 420,"Thế giới di động Số 419 - 420, tổ 29, xóm 4, Ấp Thái Hòa ( Ngã 3 Yên Thế, Đối diện giáo xứ Thái Hoà ), Phường Hố Nai, Tỉnh Đồng Nai, Việt Nam",POINT (106.93463897705078 10.965291976928711),904
Thế Giới Di Động - Thế giới di động 555 Quốc Lộ 1A,"Thế giới di động 555 Quốc Lộ 1A, Xã Hưng Thịnh, Tỉnh Đồng Nai, Việt Nam",POINT (107.06861114501953 10.943228721618652),378
Thế Giới Di Động - Thế giới di động Số 60 đường 30/4,"Thế giới di động Số 60 đường 30/4, Xã Trảng Bom, Tỉnh Đồng Nai, Việt Nam",POINT (107.00406646728516 10.949787139892578),6762
Thế Giới Di Động - Thế giới di động Số 117A,"Thế giới di động Số 117A, ấp Trà Cổ (ngay ngã 3 Thác Giang Điền), Xã Bình Minh, Tỉnh Đồng Nai, Việt Nam",POINT (106.98101043701172 10.947416305541992),2485
Điện Máy Xanh - Điện máy Xanh Đường DT 768 Tổ 14 ấp 1,"Điện máy Xanh Đường DT 768 Tổ 14 ấp 1, Phường Tân Triều, Tỉnh Đồng Nai, Việt Nam",POINT (106.84439086914062 11.012405395507812),2040
Điện Máy Xanh - Điện máy Xanh 103 Nguyễn Tất Thành,"Điện máy Xanh 103 Nguyễn Tất Thành, Tổ 1, Kp. 5, Xã Trị An, Tỉnh Đồng Nai, Việt Nam",POINT (107.03366088867188 11.088433265686035),2231
Điện Máy Xanh - Điện máy Xanh Đường ĐT761 ấp Lý Lịch,"Điện máy Xanh Đường ĐT761 ấp Lý Lịch, Xã Phú Lý, Tỉnh Đồng Nai, Việt Nam",POINT (107.15741729736328 11.31119441986084),8677
Điện Máy Xanh - Điện máy Xanh Số 185 đường DT767 tổ 17 ấp 2,"Điện máy Xanh Số 185 đường DT767 tổ 17 ấp 2, Xã Tân An, Tỉnh Đồng Nai, Việt Nam",POINT (107.02078247070312 11.049726486206055),10551
Điện Máy Xanh - Điện máy Xanh Tỉnh lộ 768,"Điện máy Xanh Tỉnh lộ 768, Ấp Bình Phước, Phường Tân Triều, Tỉnh Đồng Nai, Việt Nam",POINT (106.8086929321289 10.998944282531738),8009
Thế Giới Di Động - Thế giới di động 01-02 QL1,"Thế giới di động 01-02 QL1, Thôn Nam Hòa, ấp Bùi Chu (Ngã 3 Trị An), Xã Bình Minh, Tỉnh Đồng Nai, Việt Nam",POINT (106.94770050048828 10.960994720458984),667
Thế Giới Di Động - Thế giới di động Số 1108A-1108B,"Thế giới di động Số 1108A-1108B, đường 768, tổ 12, ấp 1 (Thạnh Phú) (Gần Cổng Cũ Cty Chang Shin), Phường Tân Triều, Tỉnh Đồng Nai, Việt Nam",POINT (106.81826782226562 11.002196311950684),970
Thế Giới Di Động - Thế giới di động Tổ 2,"Thế giới di động Tổ 2, KP 5 (Ngay bến xe Trị An), Xã Trị An, Tỉnh Đồng Nai, Việt Nam",POINT (107.03331756591797 11.085097312927246),273
Điện Máy Xanh - Điện máy Xanh Số 11 Hùng Vương,"Điện máy Xanh Số 11 Hùng Vương, khu 4, Xã Xuân Lộc, Tỉnh Đồng Nai, Việt Nam",POINT (107.39820098876953 10.913633346557617),1567
Điện Máy Xanh - Điện máy Xanh 3084 QL1A (Suối Cát),"Điện máy Xanh 3084 QL1A (Suối Cát), Xã Xuân Lộc, Tỉnh Đồng Nai, Việt Nam",POINT (107.36859130859375 10.908509254455566),1335
Điện Máy Xanh - Điện máy Xanh Quốc lộ 1A,"Điện máy Xanh Quốc lộ 1A, ấp 5, Xã Xuân Hòa, Tỉnh Đồng Nai, Việt Nam",POINT (107.43717193603516 10.879600524902344),4586
Điện Máy Xanh - Điện máy Xanh Ấp Tây Minh,"Điện máy Xanh Ấp Tây Minh, Xã Xuân Phú, Tỉnh Đồng Nai, Việt Nam",POINT (107.37139892578125 10.859393119812012),7556
Điện Máy Xanh - Điện máy Xanh Số nhà 370 Đường TL766,"Điện máy Xanh Số nhà 370 Đường TL766, ấp Trung Tín, Xã Xuân Lộc, Tỉnh Đồng Nai, Việt Nam",POINT (107.40814208984375 10.962721824645996),7978
Thế Giới Di Động - Thế giới di động 398 Trần Phú,"Thế giới di động 398 Trần Phú, Khu 3, Xã Xuân Lộc, Tỉnh Đồng Nai, Việt Nam",POINT (107.4036865234375 10.926254272460938),815
Thế Giới Di Động - Thế giới di động 1048 ấp 2,"Thế giới di động 1048 ấp 2, Xã Xuân Hòa, Tỉnh Đồng Nai, Việt Nam",POINT (107.50784301757812 10.846774101257324),1962
Điện Máy Xanh - Điện máy Xanh Ấp Đông Mỹ,"Điện máy Xanh Ấp Đông Mỹ, Xã Mỹ Thọ, Tỉnh Đồng Tháp, Việt Nam",POINT (105.72797393798828 10.395071029663086),5202
Điện Máy Xanh - Điện máy Xanh Ấp 02,"Điện máy Xanh Ấp 02, Xã Mỹ Hiệp, Tỉnh Đồng Tháp, Việt Nam",POINT (105.78253936767578 10.351808547973633),2363
Điện Máy Xanh - Điện máy Xanh 1 Đường 30/4,"Điện máy Xanh 1 Đường 30/4, Phường Cao Lãnh, Tỉnh Đồng Tháp, Việt Nam",POINT (105.63356018066406 10.45532512664795),10832
Điện Máy Xanh - Điện máy Xanh 114-116 Nguyễn Trãi,"Điện máy Xanh 114-116 Nguyễn Trãi, Xã Mỹ Thọ, Tỉnh Đồng Tháp, Việt Nam",POINT (105.69497680664062 10.446990013122559),581
Điện Máy Xanh - Điện máy Xanh Phường Cao Lãnh,"Điện máy Xanh Phường Cao Lãnh, Tỉnh Đồng Tháp, Việt Nam",POINT (105.63439178466797 10.429194450378418),7196
Điện Máy Xanh - Điện máy Xanh Số nhà 1241 đường Quốc Lộ 30,"Điện máy Xanh Số nhà 1241 đường Quốc Lộ 30, khóm 01, Phường Mỹ Ngãi, Tỉnh Đồng Tháp, Việt Nam",POINT (105.58404541015625 10.484890937805176),7830
Điện Máy Xanh - Điện máy Xanh Ấp An Thạnh,"Điện máy Xanh Ấp An Thạnh, Xã Mỹ An Hưng, Tỉnh Đồng Tháp, Việt Nam",POINT (105.60757446289062 10.405457496643066),12846
Điện Máy Xanh - Điện máy Xanh Ấp 5,"Điện máy Xanh Ấp 5, Xã Phương Thịnh, Tỉnh Đồng Tháp, Việt Nam",POINT (105.66288757324219 10.603221893310547),12538
Điện Máy Xanh - Điện máy Xanh Thửa đất số 599 - 600,"Điện máy Xanh Thửa đất số 599 - 600, Tờ bản đồ số 3, Xã Ba Sao, Tỉnh Đồng Tháp, Việt Nam",POINT (105.66088104248047 10.527770042419434),10527
Điện Máy Xanh - Điện máy Xanh Xã Bình Hàng Trung,"Điện máy Xanh Xã Bình Hàng Trung, Tỉnh Đồng Tháp, Việt Nam",POINT (105.75648498535156 10.444764137268066),10802
Điện Máy Xanh - Điện máy Xanh Đường cầu Tân Nghĩa,"Điện máy Xanh Đường cầu Tân Nghĩa, Tổ 10, Ấp 2, Phường Mỹ Ngãi, Tỉnh Đồng Tháp, Việt Nam",POINT (105.6125259399414 10.530952453613281),10347
Thế Giới Di Động - Thế giới di động 178 Nguyễn Huệ,"Thế giới di động 178 Nguyễn Huệ, Phường Cao Lãnh, Tỉnh Đồng Tháp, Việt Nam",POINT (105.63787841796875 10.457284927368164),786
Thế Giới Di Động - Thế giới di động Số 329 Đường 30/4,"Thế giới di động Số 329 Đường 30/4, Phường Cao Lãnh, Tỉnh Đồng Tháp, Việt Nam",POINT (105.62631225585938 10.467493057250977),513
Thế Giới Di Động - Thế giới di động Số 72 đường Phạm Hữu Lầu (gần bảo tàng Đồng Tháp),"Thế giới di động Số 72 đường Phạm Hữu Lầu (gần bảo tàng Đồng Tháp), Phường Cao Lãnh, Tỉnh Đồng Tháp, Việt Nam",POINT (105.63098907470703 10.453059196472168),1828
Thế Giới Di Động - Thế giới di động 83 Nguyễn Huệ,"Thế giới di động 83 Nguyễn Huệ, Phường Cao Lãnh, Tỉnh Đồng Tháp, Việt Nam",POINT (105.63594818115234 10.456291198730469),284
Thế Giới Di Động - Thế giới di động (gần chợ Trần Quốc Toản),"Thế giới di động (gần chợ Trần Quốc Toản), Phường Mỹ Ngãi, Tỉnh Đồng Tháp, Việt Nam",POINT (105.58007049560547 10.48633098602295),1602
Thế Giới Di Động - Thế giới di động Khóm Mỹ Trung,"Thế giới di động Khóm Mỹ Trung, Phường Mỹ Trà, Tỉnh Đồng Tháp, Việt Nam",POINT (105.64623260498047 10.47492790222168),5213
Thế Giới Di Động - Thế giới di động Xã Mỹ Thọ,"Thế giới di động Xã Mỹ Thọ, Tỉnh Đồng Tháp, Việt Nam",POINT (105.69629669189453 10.446447372436523),9045
Thế Giới Di Động - Thế giới di động Số 83C,"Thế giới di động Số 83C, Quốc Lộ 80 (Cái Tàu Hạ), Xã Phú Hựu, Tỉnh Đồng Tháp, Việt Nam",POINT (105.87384033203125 10.260032653808594),940
Điện Máy Xanh - Điện máy Xanh Số 06 Thoại Ngọc Hầu,"Điện máy Xanh Số 06 Thoại Ngọc Hầu, Phường Hồng Ngự, Tỉnh Đồng Tháp, Việt Nam",POINT (105.34139251708984 10.811494827270508),1311
Điện Máy Xanh - Điện máy Xanh Ấp Long Thái,"Điện máy Xanh Ấp Long Thái, Xã Long Khánh, Tỉnh Đồng Tháp, Việt Nam",POINT (105.33081817626953 10.805810928344727),10312
Điện Máy Xanh - Điện máy Xanh Số 01 Đường Khu Dân Cư,"Điện máy Xanh Số 01 Đường Khu Dân Cư, tổ 1, ấp Phú Lợi B, Xã Long Phú Thuận, Tỉnh Đồng Tháp, Việt Nam",POINT (105.3419418334961 10.765639305114746),12844
Thế Giới Di Động - Thế giới di động Đường Hùng Vương,"Thế giới di động Đường Hùng Vương, Phường Hồng Ngự, Tỉnh Đồng Tháp, Việt Nam",POINT (105.34146118164062 10.807953834533691),677
Điện Máy Xanh - Điện máy Xanh Khóm 1,"Điện máy Xanh Khóm 1, Xã Hòa Long, Tỉnh Đồng Tháp, Việt Nam",POINT (105.66268920898438 10.285971641540527),1797
Điện Máy Xanh - Điện máy Xanh Ấp Tân Lợi,"Điện máy Xanh Ấp Tân Lợi, Xã Lai Vung, Tỉnh Đồng Tháp, Việt Nam",POINT (105.59366607666016 10.2567777633667),7582
Điện Máy Xanh - Điện máy Xanh Ấp Tân Bình,"Điện máy Xanh Ấp Tân Bình, Xã Phong Hòa, Tỉnh Đồng Tháp, Việt Nam",POINT (105.673583984375 10.17138671875),7217
Điện Máy Xanh - Điện máy Xanh Thửa đất số 173 - 175,"Điện máy Xanh Thửa đất số 173 - 175, Tờ bản đồ số 93, Xã Phong Hòa, Tỉnh Đồng Tháp, Việt Nam",POINT (105.62477111816406 10.216582298278809),10116
Thế Giới Di Động - Thế giới di động Khóm 1,"Thế giới di động Khóm 1, Xã Hòa Long, Tỉnh Đồng Tháp, Việt Nam",POINT (105.65946960449219 10.28913688659668),175
Điện Máy Xanh - Điện máy Xanh Ấp Vĩnh Lợi,"Điện máy Xanh Ấp Vĩnh Lợi, Xã Lấp Vò, Tỉnh Đồng Tháp, Việt Nam",POINT (105.61927032470703 10.334909439086914),2781
Điện Máy Xanh - Điện máy Xanh Ấp An Lợi B,"Điện máy Xanh Ấp An Lợi B, Xã Lai Vung, Tỉnh Đồng Tháp, Việt Nam",POINT (105.53626251220703 10.31008243560791),7208
Điện Máy Xanh - Điện máy Xanh Ấp Khánh An,"Điện máy Xanh Ấp Khánh An, Xã Tân Khánh Trung, Tỉnh Đồng Tháp, Việt Nam",POINT (105.7091064453125 10.377420425415039),7851
Thế Giới Di Động - Thế giới di động Số 280/1 Quốc Lộ 80,"Thế giới di động Số 280/1 Quốc Lộ 80, Khóm Bình Thạnh 1, Xã Lấp Vò, Tỉnh Đồng Tháp, Việt Nam",POINT (105.52301788330078 10.362627029418945),330
Điện Máy Xanh - Điện máy Xanh Khóm Bình Thạnh 1,"Điện máy Xanh Khóm Bình Thạnh 1, Xã Lấp Vò, Tỉnh Đồng Tháp, Việt Nam",POINT (105.52445983886719 10.362654685974121),2341
Điện Máy Xanh - Điện máy Xanh Số 90 Hùng Vương,"Điện máy Xanh Số 90 Hùng Vương, Phường Sa Đéc, Tỉnh Đồng Tháp, Việt Nam",POINT (105.76692962646484 10.290549278259277),312
Điện Máy Xanh - Điện máy Xanh Khóm Tân Hòa,"Điện máy Xanh Khóm Tân Hòa, Phường Sa Đéc, Tỉnh Đồng Tháp, Việt Nam",POINT (105.7462387084961 10.312271118164062),1380
Điện Máy Xanh - Điện máy Xanh Ấp Tân Thuận,"Điện máy Xanh Ấp Tân Thuận, Xã Tân Nhuận Đông, Tỉnh Đồng Tháp, Việt Nam",POINT (105.83015441894531 10.270248413085938),7682
Điện Máy Xanh - Điện máy Xanh Ấp Hưng Thạnh Đông,"Điện máy Xanh Ấp Hưng Thạnh Đông, Xã Tân Khánh Trung, Tỉnh Đồng Tháp, Việt Nam",POINT (105.66222381591797 10.325844764709473),10027
Thế Giới Di Động - Thế giới di động Xã Mỹ Hiệp,"Thế giới di động Xã Mỹ Hiệp, Tỉnh Đồng Tháp, Việt Nam",POINT (105.78291320800781 10.351278305053711),9513
Thế Giới Di Động - Thế giới di động Đường Hùng Vương,"Thế giới di động Đường Hùng Vương, Phường Sa Đéc, Tỉnh Đồng Tháp, Việt Nam",POINT (105.76461791992188 10.296829223632812),533
Thế Giới Di Động - Thế giới di động Đường Nguyễn Sinh Sắc,"Thế giới di động Đường Nguyễn Sinh Sắc, Phường Sa Đéc, Tỉnh Đồng Tháp, Việt Nam",POINT (105.75785064697266 10.290427207946777),1583
Điện Máy Xanh - Điện máy Xanh QL 30,"Điện máy Xanh QL 30, Xã An Long, Tỉnh Đồng Tháp, Việt Nam",POINT (105.38127136230469 10.700521469116211),2315
Điện Máy Xanh - Điện máy Xanh 387 Võ Văn Kiệt,"Điện máy Xanh 387 Võ Văn Kiệt, Khóm 3, Xã Tràm Chim, Tỉnh Đồng Tháp, Việt Nam",POINT (105.56233978271484 10.669609069824219),2135
Điện Máy Xanh - Điện máy Xanh Ấp K10,"Điện máy Xanh Ấp K10, Xã Tam Nông, Tỉnh Đồng Tháp, Việt Nam",POINT (105.51154327392578 10.756460189819336),7257
Điện Máy Xanh - Điện máy Xanh Ấp Long Phú A,"Điện máy Xanh Ấp Long Phú A, Xã Phú Thọ, Tỉnh Đồng Tháp, Việt Nam",POINT (105.4378433227539 10.689586639404297),7597
Thế Giới Di Động - Thế giới di động Xã An Long,"Thế giới di động Xã An Long, Tỉnh Đồng Tháp, Việt Nam",POINT (105.38104248046875 10.700729370117188),9255
Thế Giới Di Động - Thế giới di động Xã Tràm Chim,"Thế giới di động Xã Tràm Chim, Tỉnh Đồng Tháp, Việt Nam",POINT (105.56015014648438 10.670792579650879),1057
Điện Máy Xanh - Điện máy Xanh Xã Thường Phước,"Điện máy Xanh Xã Thường Phước, Tỉnh Đồng Tháp, Việt Nam",POINT (105.2002182006836 10.903388977050781),12776
Điện Máy Xanh - Điện máy Xanh 12 khóm Thượng 1,"Điện máy Xanh 12 khóm Thượng 1, Xã Thường Phước, Tỉnh Đồng Tháp, Việt Nam",POINT (105.24765014648438 10.812821388244629),7303
Điện Máy Xanh - Điện máy Xanh 74 Nguyễn Huệ,"Điện máy Xanh 74 Nguyễn Huệ, Xã Tân Hồng, Tỉnh Đồng Tháp, Việt Nam",POINT (105.45159912109375 10.87924861907959),2537
Điện Máy Xanh - Điện máy Xanh Ấp Chiến Thắng,"Điện máy Xanh Ấp Chiến Thắng, Xã Tân Hộ Cơ, Tỉnh Đồng Tháp, Việt Nam",POINT (105.44200134277344 10.938346862792969),9297
Điện Máy Xanh - Điện máy Xanh Đường DT842,"Điện máy Xanh Đường DT842, ấp Hoàng Việt, Xã An Phước, Tỉnh Đồng Tháp, Việt Nam",POINT (105.59371185302734 10.828770637512207),12064
Điện Máy Xanh - Điện máy Xanh Ấp Tân Bảnh,"Điện máy Xanh Ấp Tân Bảnh, Xã An Phước, Tỉnh Đồng Tháp, Việt Nam",POINT (105.51469421386719 10.820402145385742),7273
Điện Máy Xanh - Điện máy Xanh Ấp Long Sơn,"Điện máy Xanh Ấp Long Sơn, Xã Tân Thành, Tỉnh Đồng Tháp, Việt Nam",POINT (105.52196502685547 10.903922080993652),12779
Thế Giới Di Động - Thế giới di động Số 50 Nguyễn Huệ,"Thế giới di động Số 50 Nguyễn Huệ, Xã Tân Hồng, Tỉnh Đồng Tháp, Việt Nam",POINT (105.45098876953125 10.879995346069336),1073
Điện Máy Xanh - Điện máy Xanh Quốc lộ 30,"Điện máy Xanh Quốc lộ 30, Khóm Tân Đông B, Xã Thanh Bình, Tỉnh Đồng Tháp, Việt Nam",POINT (105.49037170410156 10.557958602905273),1273
Điện Máy Xanh - Điện máy Xanh Ấp Thị,"Điện máy Xanh Ấp Thị, Xã An Long, Tỉnh Đồng Tháp, Việt Nam",POINT (105.4167251586914 10.61905574798584),10311
Điện Máy Xanh - Điện máy Xanh Ấp Bình Trung,"Điện máy Xanh Ấp Bình Trung, Xã Bình Thành, Tỉnh Đồng Tháp, Việt Nam",POINT (105.5416030883789 10.535517692565918),7192
Điện Máy Xanh - Điện máy Xanh Ấp Tân Phong,"Điện máy Xanh Ấp Tân Phong, Xã Tân Long, Tỉnh Đồng Tháp, Việt Nam",POINT (105.35821533203125 10.61335277557373),7783
Điện Máy Xanh - Điện máy Xanh Ấp 1,"Điện máy Xanh Ấp 1, Xã Thanh Bình, Tỉnh Đồng Tháp, Việt Nam",POINT (105.51309967041016 10.611440658569336),12845
Thế Giới Di Động - Thế giới di động Xã Thanh Bình,"Thế giới di động Xã Thanh Bình, Tỉnh Đồng Tháp, Việt Nam",POINT (105.48870849609375 10.55860424041748),8869
Điện Máy Xanh - Điện máy Xanh Số 119 Hùng Vương,"Điện máy Xanh Số 119 Hùng Vương, Khóm 4, Xã Tháp Mười, Tỉnh Đồng Tháp, Việt Nam",POINT (105.84384155273438 10.518649101257324),287
Điện Máy Xanh - Điện máy Xanh Ấp 6B,"Điện máy Xanh Ấp 6B, Xã Trường Xuân, Tỉnh Đồng Tháp, Việt Nam",POINT (105.78749084472656 10.648871421813965),2827
Điện Máy Xanh - Điện máy Xanh Thửa đất số 5,"Điện máy Xanh Thửa đất số 5, tờ bản đồ số 86, ấp 5, Xã Đốc Binh Kiều, Tỉnh Đồng Tháp, Việt Nam",POINT (105.9092788696289 10.517472267150879),7209
Điện Máy Xanh - Điện máy Xanh Cụm dân cư trung tâm,"Điện máy Xanh Cụm dân cư trung tâm, Xã Phương Thịnh, Tỉnh Đồng Tháp, Việt Nam",POINT (105.70137786865234 10.664939880371094),10313
Điện Máy Xanh - Điện máy Xanh Ấp Mỹ Tây 2,"Điện máy Xanh Ấp Mỹ Tây 2, Xã Mỹ Quí, Tỉnh Đồng Tháp, Việt Nam",POINT (105.72474670410156 10.526166915893555),7216
Thế Giới Di Động - Thế giới di động Xã Tháp Mười,"Thế giới di động Xã Tháp Mười, Tỉnh Đồng Tháp, Việt Nam",POINT (105.8476333618164 10.521361351013184),9024
Thế Giới Di Động - Thế giới di động Ấp 5A,"Thế giới di động Ấp 5A, Xã Trường Xuân, Tỉnh Đồng Tháp, Việt Nam",POINT (105.78450775146484 10.656318664550781),1407
Điện Máy Xanh - Điện máy Xanh Số 62 Quốc Lộ 80 (Cái Tàu Hạ),"Điện máy Xanh Số 62 Quốc Lộ 80 (Cái Tàu Hạ), Số 62, Quốc lộ 80, Khóm Mỹ Phú, Xã Phú Hựu, Tỉnh Đồng Tháp, Việt Nam",POINT (105.87552642822266 10.260629653930664),2804
Điện Máy Xanh - Điện máy Xanh Số 90,"Điện máy Xanh Số 90, Đường Hùng Vương, Phường Sa Đéc, Tỉnh Đồng Tháp, Việt Nam",POINT (105.76692962646484 10.290549278259277),15496
